Ales_18	MPI_Symmetry	9.23920145410193
Ales_18	FEM_short	0.6411109041134881
Ales_18	FEM_long	0.02491313905217203
Ales_18	Krauss	0.09165819778450393
Ales_18	RIKEN	0.04484115844987766
Beck	FEM_long	0.3811502641818852
Beck	LIFE_new	0.39515127429062263
Beck	MPI_Symmetry	0.1999661419764082
Beck	Eawag_XBridgeC18	3.793513348837388
Beck	Stravs_22	1.36075350908839
Beck	Cao_HILIC	0.3647517002884191
Beck	LIFE_old	0.26075231713544733
Beck	UFZ_Phenomenex	0.898740866929014
Beck	Otto	0.15260592190507702
Beck	Beck	3.464995762153433
Beck	IPB_Halle	0.003925395131980381
Beck	FEM_lipids	0.37061896979941966
Beck	MTBLS38	0.00042748665932067285
Beck	MTBLS20	0.020981101059996878
Beck	Ales_18	0.02773832526649113
Beck	MTBLS87	0.018012494356427884
Beck	Matsuura	0.0007845670232675303
Cao_HILIC	FEM_long	0.6290631739728965
Cao_HILIC	LIFE_new	2.733705493243491
Cao_HILIC	Taguchi_12	0.1896542301217493
Cao_HILIC	UniToyama_Atlantis	0.8218986573651811
Cao_HILIC	MTBLS87	2.752180326865239
Cao_HILIC	MTBLS17	0.4742907465905567
Cao_HILIC	Vogler	0.11203244352840716
Cao_HILIC	Matsuura	0.1670396402936059
Cao_HILIC	Cao_HILIC	4.0597181901604085
Cao_HILIC	RIKEN	0.01103293763907041
Cao_HILIC	LIFE_old	0.24471971628132944
Cao_HILIC	IPB_Halle	0.03859853688723349
Cao_HILIC	Eawag_XBridgeC18	0.34116157566256944
Cao_HILIC	FEM_lipids	0.3863258155003547
Cao_HILIC	Stravs_22	0.040587478948828415
Cao_HILIC	Tohge	0.0070917774770110145
Cao_HILIC	Huntscha	0.0018288938142512672
Cao_HILIC	Ales_18	0.009390131810258063
Cao_HILIC	Krauss	0.006354807699253141
Cao_HILIC	Beck	0.08061944376701725
Cao_HILIC	Taguchi	0.059728753242944146
Cao_HILIC	X1290SQ	0.015470941378516108
Eawag_XBridgeC18	Beck	1.9097216688782528
Eawag_XBridgeC18	UFZ_Phenomenex	3.1829397871346967
Eawag_XBridgeC18	Eawag_XBridgeC18	5.27338931864389
Eawag_XBridgeC18	Stravs_22	0.012397781801753355
Eawag_XBridgeC18	UniToyama_Atlantis	0.1397686654812226
Eawag_XBridgeC18	X1290SQ	0.15218206331552137
Eawag_XBridgeC18	Matsuura	0.009636020544935267
Eawag_XBridgeC18	Taguchi	0.14947984740620276
Eawag_XBridgeC18	Krauss	0.16564033462199818
Eawag_XBridgeC18	kohlbacher	0.007360864838985031
Eawag_XBridgeC18	LIFE_old	0.18289220222813615
Eawag_XBridgeC18	MTBLS4	0.18745519300038804
Eawag_XBridgeC18	Ales_18	0.06459632242353779
Eawag_XBridgeC18	Cao_HILIC	0.18126778518507025
Eawag_XBridgeC18	Matsuura_15	0.23432627122342542
Eawag_XBridgeC18	Taguchi_12	0.10416668506867358
Eawag_XBridgeC18	FEM_lipids	0.030496247287066056
Eawag_XBridgeC18	FEM_short	0.007671246253270145
Eawag_XBridgeC18	MTBLS19	0.006242095135139521
FEM_lipids	MTBLS52	0.15745370454532548
FEM_lipids	Taguchi_12	1.5044320291112865
FEM_lipids	MPI_Symmetry	0.4723388087045174
FEM_lipids	RIKEN	0.5782081267331997
FEM_lipids	Takahashi	1.1739995392449376
FEM_lipids	kohlbacher	0.9829357636680134
FEM_lipids	Cao_HILIC	0.4882802424055199
FEM_lipids	LIFE_old	0.4724465732154024
FEM_lipids	MTBLS19	0.4445781600033933
FEM_lipids	FEM_long	0.6338382287746241
FEM_lipids	MTBLS87	0.29159796093896095
FEM_lipids	PFR.TK72	0.302851769025022
FEM_lipids	X1290SQ	0.9572754159402358
FEM_lipids	Krauss	1.364829779753079
FEM_lipids	Huntscha	0.07647368668917903
FEM_lipids	Kojima	0.18046243333050102
FEM_lipids	Otto	0.206611044081227
FEM_lipids	MTBLS17	0.36423259602769753
FEM_lipids	UFZ_Phenomenex	0.8091324972544554
FEM_lipids	FEM_lipids	2.4144256339385817
FEM_lipids	Beck	0.08564662312516723
FEM_lipids	Matsuura	0.013444767210123953
FEM_lipids	FEM_orbitrap_plasma	0.3018300504951975
FEM_lipids	Taguchi	0.2147455364797257
FEM_lipids	Stravs_22	0.0714072139440428
FEM_lipids	LIFE_new	0.03296065120123096
FEM_lipids	UniToyama_Atlantis	0.0052628998099260044
FEM_lipids	MTBLS4	0.04269135546689326
FEM_lipids	Tohge	0.1092388684267211
FEM_lipids	Nikiforos	0.027267517718616473
FEM_lipids	MTBLS39	0.0022154517285548126
FEM_long	MTBLS20	0.4596851354432666
FEM_long	UniToyama_Atlantis	0.15418125674909736
FEM_long	RIKEN	0.9278058923235277
FEM_long	FEM_orbitrap_plasma	0.5219970919086399
FEM_long	MTBLS87	0.10364638678385697
FEM_long	LIFE_new	0.37746204541388495
FEM_long	Cao_HILIC	0.4578205373372295
FEM_long	UFZ_Phenomenex	0.03208429593991897
FEM_long	IPB_Halle	0.2631558225007713
FEM_long	PFR.TK72	0.3160065279380123
FEM_long	MTBLS38	0.11696007508732433
FEM_long	X1290SQ	0.06711723935545966
FEM_long	Eawag_XBridgeC18	0.5333613518668473
FEM_long	Matsuura	0.04580759554932021
FEM_long	FEM_long	6.241823860136137
FEM_long	LIFE_old	0.19677365175093778
FEM_long	MTBLS36	0.06817252337372202
FEM_long	MPI_Symmetry	0.003623715547686699
FEM_long	FEM_lipids	0.03918778643217525
FEM_long	Huntscha	0.03251947089748335
FEM_orbitrap_plasma	FEM_long	1.6015858011031436
FEM_orbitrap_plasma	FEM_orbitrap_urine	0.7408943491326149
FEM_orbitrap_plasma	Takahashi	0.07064296177008254
FEM_orbitrap_plasma	Tohge	0.08498354584053339
FEM_orbitrap_plasma	LIFE_old	0.9071048723162732
FEM_orbitrap_plasma	IPB_Halle	0.26582651276185415
FEM_orbitrap_plasma	PFR.TK72	1.1318057576783525
FEM_orbitrap_plasma	FEM_lipids	0.6925067440820897
FEM_orbitrap_plasma	Beck	0.36605031932572873
FEM_orbitrap_plasma	Kojima	0.17016011506325027
FEM_orbitrap_plasma	RIKEN	0.6153319341252963
FEM_orbitrap_plasma	Cao_HILIC	0.5758636017632983
FEM_orbitrap_plasma	MTBLS19	0.054917343700345865
FEM_orbitrap_plasma	Matsuura_15	0.6938577657220846
FEM_orbitrap_plasma	Eawag_XBridgeC18	0.07558113273412458
FEM_orbitrap_plasma	MTBLS20	0.055376468685362654
FEM_orbitrap_plasma	UFZ_Phenomenex	0.054916662280573104
FEM_orbitrap_plasma	FEM_orbitrap_plasma	2.758302939758659
FEM_orbitrap_plasma	UniToyama_Atlantis	0.03544737625966446
FEM_orbitrap_plasma	Nikiforos	0.025858746675082967
FEM_orbitrap_plasma	Vogler	0.00842365378799605
FEM_orbitrap_plasma	LIFE_new	0.17222120943270752
FEM_orbitrap_plasma	MTBLS87	0.10009096889024874
FEM_orbitrap_plasma	X1290SQ	0.021993629595769792
FEM_orbitrap_plasma	Stravs_22	0.03913497930998615
FEM_orbitrap_plasma	Ken	0.0035335442550217732
FEM_orbitrap_plasma	MTBLS38	0.04120787925767789
FEM_orbitrap_plasma	kohlbacher	0.014621254365262697
FEM_orbitrap_plasma	MTBLS4	0.018591883457748686
FEM_orbitrap_urine	Beck	2.277851664723493
FEM_orbitrap_urine	FEM_long	3.074513153541102
FEM_orbitrap_urine	MTBLS20	1.040055424312788
FEM_orbitrap_urine	MTBLS87	0.487845478071199
FEM_orbitrap_urine	MPI_Symmetry	0.23739090808857993
FEM_orbitrap_urine	RIKEN	0.34498427445143887
FEM_orbitrap_urine	Otto	1.3970347956877067
FEM_orbitrap_urine	Ken	0.7558680347822556
FEM_orbitrap_urine	X1290SQ	0.02047208191776842
FEM_orbitrap_urine	MTBLS17	1.0163779254274279
FEM_orbitrap_urine	UniToyama_Atlantis	0.20185211312971185
FEM_orbitrap_urine	MTBLS38	0.11938374516491988
FEM_orbitrap_urine	FEM_orbitrap_plasma	0.11372565721174677
FEM_orbitrap_urine	Nikiforos	0.014616044404341264
FEM_orbitrap_urine	LIFE_new	0.07986707152222967
FEM_orbitrap_urine	Eawag_XBridgeC18	0.09624137132895497
FEM_orbitrap_urine	Ales_18	0.03142612731122751
FEM_orbitrap_urine	Cao_HILIC	0.044657160020302
FEM_orbitrap_urine	Stravs_22	0.015298717502533027
FEM_orbitrap_urine	PFR.TK72	0.10161585145258209
FEM_orbitrap_urine	Matsuura	0.0025023690336597303
FEM_orbitrap_urine	FEM_orbitrap_urine	0.08987972328211999
FEM_orbitrap_urine	FEM_lipids	0.019412666900232786
FEM_orbitrap_urine	UFZ_Phenomenex	0.09906234741578054
FEM_orbitrap_urine	MTBLS19	0.07028942286185709
FEM_orbitrap_urine	Matsuura_15	0.03206696546528827
FEM_orbitrap_urine	MTBLS36	0.02248753798971347
FEM_short	FEM_long	9.59149962307453
FEM_short	kohlbacher	0.2336342989073415
FEM_short	MTBLS36	0.04605743021682899
FEM_short	MPI_Symmetry	0.006403467845864739
FEM_short	PFR.TK72	0.3283731601446657
FEM_short	Cao_HILIC	0.11803723697360145
FEM_short	MTBLS38	0.05699356757031472
FEM_short	Ales_18	0.04394995100631976
FEM_short	X1290SQ	0.005245311644961619
FEM_short	MTBLS17	0.10724358738935684
FEM_short	LIFE_new	0.046914706726732286
FEM_short	Matsuura	0.05789940810920425
FEM_short	Taguchi_12	0.03307383928381529
FEM_short	LIFE_old	0.0002325227741610866
Huntscha	UFZ_Phenomenex	2.9390667781455835
Huntscha	Taguchi_12	0.17709652838971426
Huntscha	Krauss	1.598401961802101
Huntscha	LIFE_new	0.13447023748365125
Huntscha	MTBLS39	0.24574721319509238
Huntscha	FEM_long	0.4322900839362974
Huntscha	Ales_18	0.557744737866142
Huntscha	MTBLS36	1.058686858874426
Huntscha	Stravs_22	2.1866833770112173
Huntscha	Matsuura	0.27535770797134707
Huntscha	Huntscha	0.6535840295951136
Huntscha	Beck	0.19895844759355735
Huntscha	FEM_orbitrap_urine	0.0995894037131149
Huntscha	FEM_short	0.8361108263779062
Huntscha	MTBLS38	0.1352575228211375
Huntscha	MTBLS19	1.101091819669305
Huntscha	FEM_orbitrap_plasma	0.15347082118287383
Huntscha	MPI_Symmetry	0.7521744438966999
Huntscha	IPB_Halle	0.37702497330103657
Huntscha	Matsuura_15	0.039472633357830654
Huntscha	X1290SQ	0.5732985631529256
Huntscha	MTBLS17	0.20408087472376724
Huntscha	MTBLS87	0.017427304475787164
Huntscha	RIKEN	0.019009093381206908
Huntscha	PFR.TK72	0.03742780318837625
Huntscha	LIFE_old	0.16319440810258692
Huntscha	Takahashi	0.03185001451460992
Huntscha	MTBLS52	0.07471935236944355
Huntscha	MTBLS20	0.41742554492672185
Huntscha	MTBLS4	0.004915704740586584
Huntscha	Otto	0.07849022691146611
Huntscha	Eawag_XBridgeC18	0.08243791128239894
Huntscha	Nikiforos	0.04989794883184085
Huntscha	Taguchi	0.0008320667905733229
IPB_Halle	Tohge	0.11229511958406474
IPB_Halle	LIFE_old	1.7881541641918741
IPB_Halle	Taguchi	0.3063467450550924
IPB_Halle	Takahashi	0.2988393595184306
IPB_Halle	Matsuura	0.32357595724790783
IPB_Halle	FEM_short	0.2836790577882505
IPB_Halle	FEM_orbitrap_plasma	1.4596289484654275
IPB_Halle	MTBLS19	0.43873006377961277
IPB_Halle	LIFE_new	3.045940175444213
IPB_Halle	FEM_long	0.6560890893316175
IPB_Halle	MTBLS87	0.3214868864373354
IPB_Halle	FEM_lipids	0.5618509097483385
IPB_Halle	Kojima	0.832838510392207
IPB_Halle	Cao_HILIC	0.8595132523233326
IPB_Halle	UniToyama_Atlantis	0.06598929942877381
IPB_Halle	MTBLS38	0.21311048960965462
IPB_Halle	Otto	0.19825041908062163
IPB_Halle	Beck	0.46409077266449933
IPB_Halle	MTBLS17	0.06916267190242606
IPB_Halle	Stravs_22	0.1195057749713318
IPB_Halle	MTBLS20	0.7572429286337085
IPB_Halle	Ken	0.16232500568281463
IPB_Halle	IPB_Halle	0.32051608389108416
IPB_Halle	FEM_orbitrap_urine	0.10406073887082846
IPB_Halle	UFZ_Phenomenex	0.14239701709216318
IPB_Halle	MPI_Symmetry	0.009647640563788524
IPB_Halle	RIKEN	0.24568094359415768
IPB_Halle	PFR.TK72	0.09886969395112286
IPB_Halle	X1290SQ	0.0021208141032900353
IPB_Halle	Ales_18	0.007718870969774638
IPB_Halle	Eawag_XBridgeC18	0.01669929380443339
IPB_Halle	Krauss	0.01426420085442071
IPB_Halle	Nikiforos	0.012018147448591601
IPB_Halle	MTBLS52	0.010602461885820773
Ken	UniToyama_Atlantis	9.194588399551868
Ken	MTBLS4	0.059924956669335075
Ken	LIFE_new	0.46625032760451945
Ken	FEM_lipids	0.09535382450087833
Ken	Taguchi	0.0240212319314001
Ken	Huntscha	0.055332798664578825
Ken	MTBLS38	0.03455479126511634
Ken	MTBLS36	0.0026214574241545433
Ken	Kojima	0.014555674366769843
Ken	Tohge	0.009475849820739256
Ken	X1290SQ	0.06216990775009768
Kojima	Tohge	0.4360526753980105
Kojima	Taguchi	0.38092438970664366
Kojima	Cao_HILIC	3.8613497239811103
Kojima	Nikiforos	0.31364295628202477
Kojima	MTBLS4	1.351655691689049
Kojima	FEM_orbitrap_plasma	1.1307493035529201
Kojima	MTBLS39	0.010915350251376153
Kojima	Ken	1.3185161718560205
Kojima	Stravs_22	0.13057733385567832
Kojima	Kojima	4.763736779325361
Kojima	FEM_long	0.001973291091966237
Kojima	PFR.TK72	0.4458902256399789
Kojima	MTBLS38	0.31771450752217223
Kojima	Huntscha	0.0549866795349754
Kojima	FEM_lipids	0.20605109930962406
Kojima	MTBLS19	0.06694058404207004
Kojima	MPI_Symmetry	0.1475318155960151
Kojima	MTBLS52	0.06263088583755574
Kojima	UniToyama_Atlantis	0.4391863415117833
Kojima	FEM_orbitrap_urine	0.26239623110947974
Kojima	MTBLS17	0.14587241385179012
Kojima	Matsuura	0.04006452430662454
Kojima	FEM_short	0.18036520661120506
Kojima	IPB_Halle	0.12236597208860595
Kojima	Taguchi_12	0.42677534381093063
Kojima	MTBLS20	0.07194790924258972
Kojima	LIFE_new	0.10230451840022392
Kojima	Krauss	0.18401924538081182
Krauss	Tohge	0.2218456719297412
Krauss	UFZ_Phenomenex	1.443101807469548
Krauss	MTBLS39	0.2973866202376634
Krauss	Vogler	0.14701176258340765
Krauss	IPB_Halle	0.07065390768191311
Krauss	MTBLS38	0.3527640302100606
Krauss	Huntscha	0.00571018402050369
Krauss	FEM_lipids	0.6597258368517052
Krauss	LIFE_old	0.265304476348995
Krauss	Otto	0.7974182868263044
Krauss	Stravs_22	0.28012727502748447
Krauss	MTBLS17	0.40092471482765357
Krauss	MTBLS4	0.21942192734137447
Krauss	RIKEN	1.0512185837214914
Krauss	Eawag_XBridgeC18	0.9136330904765813
Krauss	UniToyama_Atlantis	0.16527695100465067
Krauss	Krauss	0.8849975915780002
Krauss	MPI_Symmetry	0.08176521561055985
Krauss	Ales_18	0.005386702359424511
Krauss	Taguchi_12	0.029183002553512482
Krauss	LIFE_new	0.0743175321013041
LIFE_new	FEM_long	0.13203238979988782
LIFE_new	MTBLS20	0.1570918848032153
LIFE_new	LIFE_old	8.519198371809248
LIFE_new	RIKEN	0.4414661351375379
LIFE_new	IPB_Halle	0.45023122832813334
LIFE_new	MPI_Symmetry	0.05506236990500712
LIFE_new	Nikiforos	0.09333847536661624
LIFE_new	MTBLS36	0.0031170949763311717
LIFE_new	FEM_short	0.006946648846653311
LIFE_new	MTBLS38	0.25862099602543115
LIFE_new	FEM_orbitrap_plasma	0.06912404968690672
LIFE_new	MTBLS52	0.047780849157587214
LIFE_new	Stravs_22	0.002921163293139427
LIFE_new	Takahashi	0.00011591496086915711
LIFE_new	MTBLS19	0.050378429954005516
LIFE_new	LIFE_new	0.03390316961068604
LIFE_new	Vogler	0.022697941185607213
LIFE_new	Cao_HILIC	0.004921436743189266
LIFE_old	Beck	0.6408995946103614
LIFE_old	RIKEN	1.1305423899424714
LIFE_old	FEM_orbitrap_plasma	0.5457301409468838
LIFE_old	LIFE_new	5.3440597766905995
LIFE_old	Vogler	0.8686307854524725
LIFE_old	UFZ_Phenomenex	0.23792292482980104
LIFE_old	Ales_18	0.057601319640029174
LIFE_old	FEM_lipids	1.8541414149116104
LIFE_old	Matsuura_15	0.18683517802446065
LIFE_old	Cao_HILIC	0.6698571936786039
LIFE_old	Stravs_22	0.5360974895059898
LIFE_old	MTBLS4	0.2809714686469078
LIFE_old	Taguchi	0.1902771067891635
LIFE_old	PFR.TK72	0.01338120053290448
LIFE_old	Krauss	0.11450319708449007
LIFE_old	MTBLS38	0.057582746846456256
LIFE_old	Matsuura	0.09298335047353835
LIFE_old	Tohge	0.013729124106923571
LIFE_old	Takahashi	0.018798725123727145
LIFE_old	kohlbacher	0.016718200240191945
LIFE_old	Eawag_XBridgeC18	0.10807371473736396
LIFE_old	UniToyama_Atlantis	0.02917499850202282
LIFE_old	Taguchi_12	0.02313486275072379
LIFE_old	Otto	0.012047470347042259
LIFE_old	MTBLS20	0.0043072121288228625
LIFE_old	LIFE_old	0.03886244785267965
MPI_Symmetry	PFR.TK72	0.13700677615124587
MPI_Symmetry	Ales_18	8.25200378908783
MPI_Symmetry	Beck	0.28995007431905917
MPI_Symmetry	MTBLS38	1.206281152394087
MPI_Symmetry	RIKEN	0.412904529580779
MPI_Symmetry	FEM_long	0.10486866654850527
MPI_Symmetry	MPI_Symmetry	0.15144732315137108
MPI_Symmetry	FEM_orbitrap_plasma	0.31504705884872114
MTBLS17	MTBLS19	0.6859356212440644
MTBLS17	FEM_orbitrap_urine	0.5918989062384037
MTBLS17	PFR.TK72	0.062433029600662215
MTBLS17	MTBLS20	0.08414203552539347
MTBLS17	Stravs_22	0.09699465957834014
MTBLS17	RIKEN	0.19763254350206055
MTBLS17	Taguchi_12	0.257933270228765
MTBLS17	MTBLS39	0.07643713467414029
MTBLS17	LIFE_old	1.1150855411086866
MTBLS17	FEM_orbitrap_plasma	0.6310063105615841
MTBLS17	Matsuura_15	0.04770913994964813
MTBLS17	FEM_long	1.058673941002997
MTBLS17	Nikiforos	0.06642301915812727
MTBLS17	IPB_Halle	0.27869092708375287
MTBLS17	Eawag_XBridgeC18	0.02275197138001697
MTBLS17	MTBLS36	0.12835318652392264
MTBLS17	Beck	0.012939285175471807
MTBLS17	FEM_lipids	0.12768298286471272
MTBLS17	Kojima	0.02001738148117391
MTBLS17	kohlbacher	0.04170210264674594
MTBLS17	MTBLS4	0.15112836734739635
MTBLS17	Otto	0.11092821544157336
MTBLS17	MPI_Symmetry	0.12257361018896618
MTBLS17	Ales_18	1.6766525931327387
MTBLS17	Cao_HILIC	0.5379137662075999
MTBLS17	Taguchi	0.4546588189478029
MTBLS17	Ken	0.28861275847620743
MTBLS17	Huntscha	0.0011530162464009053
MTBLS17	LIFE_new	0.016972953574505567
MTBLS17	UFZ_Phenomenex	0.07213266177639047
MTBLS17	MTBLS17	1.9058166159270151
MTBLS17	Matsuura	0.35693246258364164
MTBLS17	MTBLS38	0.023936948199552537
MTBLS17	Takahashi	0.011117642512950915
MTBLS17	Vogler	0.11238895997509608
MTBLS17	Tohge	0.05298245003449417
MTBLS19	PFR.TK72	0.8571782417698077
MTBLS19	MTBLS36	4.51810267148354
MTBLS19	Taguchi	0.3028520431683308
MTBLS19	Matsuura	1.066152808288713
MTBLS19	FEM_orbitrap_urine	0.033572974588978316
MTBLS19	Krauss	0.22426684505805944
MTBLS19	MTBLS20	0.04790361609434523
MTBLS19	MTBLS39	0.21676471915563517
MTBLS19	Tohge	0.026345021713338627
MTBLS19	RIKEN	0.1890810661048317
MTBLS19	kohlbacher	0.006245048136443451
MTBLS19	LIFE_old	0.04911759925841826
MTBLS19	Huntscha	0.005910915327288097
MTBLS19	FEM_lipids	1.0284516464390134
MTBLS19	FEM_orbitrap_plasma	0.08785575315065787
MTBLS19	Taguchi_12	0.9648861613521333
MTBLS19	Otto	0.6365504444442034
MTBLS19	UniToyama_Atlantis	0.027712722091914006
MTBLS19	MTBLS38	0.2026080491338333
MTBLS19	MTBLS19	0.2888588890009568
MTBLS19	Nikiforos	0.030687021690426072
MTBLS19	MTBLS4	0.29295512358514697
MTBLS19	Vogler	0.003967125727145304
MTBLS19	MTBLS17	0.5644860278936306
MTBLS19	Kojima	0.23017867573917605
MTBLS19	UFZ_Phenomenex	0.16120240296956326
MTBLS19	Beck	0.0021758167696939363
MTBLS19	Ken	0.12923526728252238
MTBLS19	Matsuura_15	0.07017239942485558
MTBLS20	Beck	0.341268868461206
MTBLS20	FEM_orbitrap_urine	0.043916009456503514
MTBLS20	MPI_Symmetry	0.09697875466669473
MTBLS20	LIFE_old	1.1941975694759883
MTBLS20	MTBLS17	1.3677621626613707
MTBLS20	RIKEN	2.6379458373157054
MTBLS20	Eawag_XBridgeC18	0.6517116767309205
MTBLS20	Takahashi	0.16665021795958349
MTBLS20	FEM_orbitrap_plasma	0.5306646986926632
MTBLS20	MTBLS19	0.2690530410209632
MTBLS20	Tohge	0.9537046470213172
MTBLS20	Stravs_22	0.20131233164469559
MTBLS20	FEM_short	0.1559446220098854
MTBLS20	LIFE_new	0.9625027387175887
MTBLS20	Ales_18	0.12637463828074216
MTBLS20	MTBLS87	0.09518962976190323
MTBLS20	Taguchi_12	0.13523688735694622
MTBLS20	UFZ_Phenomenex	0.610232316433604
MTBLS20	Cao_HILIC	0.007118312518557777
MTBLS20	MTBLS38	0.002058011338994831
MTBLS20	X1290SQ	0.26709378478431195
MTBLS20	MTBLS20	2.9363908320873966
MTBLS20	Krauss	0.02700400322638793
MTBLS20	MTBLS4	0.1402359379975868
MTBLS20	MTBLS52	0.08668346394175794
MTBLS20	Matsuura_15	0.07611906774928613
MTBLS20	Matsuura	0.005512146829584003
MTBLS20	Vogler	0.10486852893328696
MTBLS36	MTBLS4	0.05703782794948036
MTBLS36	FEM_orbitrap_urine	0.2583215077578449
MTBLS36	LIFE_old	1.8782873763527135
MTBLS36	Taguchi	0.1631083966551301
MTBLS36	MTBLS20	0.3989762888801476
MTBLS36	PFR.TK72	0.021514668534129873
MTBLS36	UniToyama_Atlantis	0.023856841098123187
MTBLS36	MTBLS17	0.28778509932005353
MTBLS36	MPI_Symmetry	0.1398494353313492
MTBLS36	RIKEN	0.7475872421790647
MTBLS36	Nikiforos	1.0553807108076667
MTBLS36	Takahashi	0.20668320439496018
MTBLS36	Taguchi_12	0.05981712692692118
MTBLS36	MTBLS38	0.36169270242715523
MTBLS36	FEM_short	0.03822541242139205
MTBLS36	MTBLS19	0.0211891582190842
MTBLS36	Stravs_22	0.026901644797269947
MTBLS36	LIFE_new	0.5505987727872086
MTBLS36	Vogler	0.04652081906637281
MTBLS36	Ales_18	0.0500101582415979
MTBLS36	kohlbacher	1.1514944146545614
MTBLS36	IPB_Halle	0.13877477899671897
MTBLS36	Eawag_XBridgeC18	0.07224956314503483
MTBLS36	Matsuura	0.41142658979373686
MTBLS36	MTBLS52	0.2762386528565458
MTBLS36	Krauss	0.08873771386915283
MTBLS36	X1290SQ	0.030428865002936786
MTBLS36	Matsuura_15	0.18616597943258895
MTBLS36	MTBLS36	2.7548200583332556
MTBLS36	Beck	0.05981504383882484
MTBLS36	FEM_long	0.12261202653247161
MTBLS36	Otto	0.016643547955515724
MTBLS36	MTBLS39	0.09363847388600863
MTBLS36	MTBLS87	0.01489944822075273
MTBLS38	FEM_long	1.0498867048350098
MTBLS38	LIFE_old	2.7626437190461632
MTBLS38	FEM_orbitrap_urine	0.1812749558306354
MTBLS38	LIFE_new	0.9767192300239126
MTBLS38	RIKEN	3.170548586452797
MTBLS38	Nikiforos	0.6707457338410021
MTBLS38	UFZ_Phenomenex	0.21603681947822378
MTBLS38	IPB_Halle	0.31286060915115677
MTBLS38	MTBLS52	0.06392162543494578
MTBLS38	MTBLS20	0.12582406717725797
MTBLS38	MTBLS38	0.3188470572197214
MTBLS38	Beck	0.1287232801753471
MTBLS38	MTBLS39	0.061662562866510985
MTBLS38	Eawag_XBridgeC18	0.11974940825659285
MTBLS38	Takahashi	0.0648771769668337
MTBLS38	Cao_HILIC	0.030438181176993376
MTBLS38	FEM_short	0.07666144501289562
MTBLS38	MTBLS87	0.06403796596345701
MTBLS38	Ales_18	0.005375104275719034
MTBLS38	MPI_Symmetry	0.019377466149878224
MTBLS38	Huntscha	0.1043494696946059
MTBLS38	MTBLS36	0.07790034129201205
MTBLS38	kohlbacher	0.009187980445925203
MTBLS38	FEM_orbitrap_plasma	0.00045066036087415735
MTBLS38	Taguchi_12	0.0020978447051616046
MTBLS38	Stravs_22	0.002242131811643208
MTBLS38	MTBLS19	0.0533736536091196
MTBLS38	Matsuura	0.016163864825604116
MTBLS38	Ken	0.0018607017235407859
MTBLS38	Otto	0.03899666438416477
MTBLS38	MTBLS4	0.1205016893044801
MTBLS38	Taguchi	0.09235899573140381
MTBLS39	MTBLS4	0.35667854029543195
MTBLS39	Nikiforos	1.4607640523996592
MTBLS39	Tohge	1.037806741754532
MTBLS39	FEM_long	3.8010711905708234
MTBLS39	LIFE_new	0.06914980392359626
MTBLS39	Takahashi	0.2512775227702733
MTBLS39	Taguchi	0.36973986570353584
MTBLS39	Stravs_22	0.07164846293008634
MTBLS39	Eawag_XBridgeC18	0.12599708058232942
MTBLS39	MTBLS52	0.5381820376002583
MTBLS39	MTBLS39	0.84601527146826
MTBLS39	X1290SQ	0.18167979769132708
MTBLS39	FEM_orbitrap_urine	0.07615963092477271
MTBLS39	UFZ_Phenomenex	0.08961497078557251
MTBLS39	MTBLS38	0.11075430602695088
MTBLS39	MTBLS17	0.1277373721306614
MTBLS39	FEM_short	0.414510138860555
MTBLS39	Matsuura_15	0.07426893426219218
MTBLS39	Huntscha	0.0039722365112001235
MTBLS39	PFR.TK72	0.49799471278126567
MTBLS39	kohlbacher	0.10583216217222707
MTBLS39	RIKEN	0.0030833396232655803
MTBLS39	FEM_lipids	0.054399845041526194
MTBLS39	Otto	0.05468048671055207
MTBLS39	MTBLS19	0.1610961742004269
MTBLS39	Matsuura	0.013442661664436232
MTBLS39	MTBLS36	0.02432276734841054
MTBLS39	Kojima	0.015889438217345724
MTBLS39	MPI_Symmetry	0.004836381900811962
MTBLS39	Ales_18	0.025187549743338564
MTBLS4	FEM_orbitrap_urine	0.47363460387209316
MTBLS4	Cao_HILIC	0.01528776051263389
MTBLS4	MTBLS19	0.2319396989858663
MTBLS4	Kojima	0.005261260518571509
MTBLS4	IPB_Halle	0.17287730393777953
MTBLS4	Ken	0.04148737831383427
MTBLS4	MTBLS4	3.889598963830218
MTBLS4	Beck	1.4901048104575254
MTBLS4	Taguchi_12	0.29317711912023814
MTBLS4	Tohge	0.06658627341313177
MTBLS4	Otto	0.16635618801303578
MTBLS4	Nikiforos	0.11903720102052849
MTBLS4	Takahashi	0.10247487723042382
MTBLS4	LIFE_old	1.190773826269806
MTBLS4	FEM_long	0.16322172530123197
MTBLS4	Matsuura	0.02303932337471814
MTBLS4	FEM_orbitrap_plasma	0.16107606105194483
MTBLS4	Matsuura_15	0.03419217789866537
MTBLS4	Stravs_22	0.5592313342141175
MTBLS4	Krauss	0.5699308687107606
MTBLS4	RIKEN	0.4956624825640833
MTBLS4	PFR.TK72	0.026655489267440515
MTBLS4	MPI_Symmetry	0.015456539598104502
MTBLS4	FEM_lipids	0.0033856931233506734
MTBLS4	MTBLS17	0.0263756375216473
MTBLS4	Ales_18	0.015119169819391449
MTBLS4	Taguchi	0.06645748163932003
MTBLS4	UniToyama_Atlantis	0.021605399879059954
MTBLS52	Ales_18	5.120233137132427
MTBLS52	MTBLS36	1.3005968145127391
MTBLS52	MTBLS52	0.5165006578082137
MTBLS52	MTBLS4	0.5214827266020751
MTBLS52	Tohge	0.021234950871131412
MTBLS52	MTBLS19	0.23167333717660535
MTBLS52	FEM_long	0.0466948729451743
MTBLS52	FEM_orbitrap_urine	0.12364831936144334
MTBLS52	MPI_Symmetry	0.07737955340789766
MTBLS52	LIFE_old	0.08732127692089135
MTBLS52	Taguchi	0.017418260961906486
MTBLS52	MTBLS20	0.1305413716305464
MTBLS52	MTBLS87	0.024004589959767474
MTBLS52	LIFE_new	0.028917581801577993
MTBLS52	MTBLS39	0.17463785198567974
MTBLS52	UniToyama_Atlantis	0.7807671013183473
MTBLS52	Ken	0.24292531875913945
MTBLS52	Nikiforos	0.3372788462494097
MTBLS52	Eawag_XBridgeC18	0.3450428721771907
MTBLS52	Takahashi	0.013393058556655218
MTBLS52	RIKEN	0.033879827431638934
MTBLS52	FEM_short	0.023067685030053922
MTBLS52	kohlbacher	0.12520728594552588
MTBLS52	FEM_orbitrap_plasma	0.13892487164324321
MTBLS52	Stravs_22	0.41692456217766843
MTBLS52	Huntscha	0.05207603003860486
MTBLS52	UFZ_Phenomenex	0.32056387380045676
MTBLS52	IPB_Halle	0.1204955082853936
MTBLS52	PFR.TK72	0.009589210629517085
MTBLS52	MTBLS38	0.028298010400802952
MTBLS52	FEM_lipids	0.009279957550036029
MTBLS52	Otto	0.5014737966209876
MTBLS52	Cao_HILIC	0.008197948210131189
MTBLS52	Kojima	0.015464468488334658
MTBLS52	Matsuura_15	0.13789695238072233
MTBLS52	Beck	0.018117745321341673
MTBLS52	Vogler	0.001729338271121167
MTBLS52	X1290SQ	0.07740983673017415
MTBLS52	Matsuura	0.14805649563813994
MTBLS87	RIKEN	0.3952502184722631
MTBLS87	Takahashi	2.123607433659813
MTBLS87	Cao_HILIC	3.037382427268894
MTBLS87	LIFE_new	0.26566114875936564
MTBLS87	MTBLS17	0.10827381472074633
MTBLS87	FEM_long	0.3879503554736645
MTBLS87	FEM_short	0.6385349742902667
MTBLS87	Nikiforos	0.05888435108963551
MTBLS87	LIFE_old	0.10615019209962862
MTBLS87	Ken	0.15319938858679577
MTBLS87	MTBLS38	0.006563604496396414
MTBLS87	PFR.TK72	0.23035879293497794
MTBLS87	MTBLS87	5.9650304508593655
MTBLS87	Ales_18	0.04192756048687606
MTBLS87	Otto	0.06116837193268622
MTBLS87	Tohge	0.28294296284142045
MTBLS87	Taguchi	0.009693157348267648
MTBLS87	Vogler	0.026902265118866148
MTBLS87	Taguchi_12	0.012558633900905891
MTBLS87	kohlbacher	0.0006055040132688778
Matsuura_15	Tohge	0.2786554367129026
Matsuura_15	kohlbacher	5.019025553355044
Matsuura_15	IPB_Halle	0.18537000389515235
Matsuura_15	Ken	0.0017351370425094
Matsuura_15	Taguchi_12	0.025947251163644023
Matsuura_15	Kojima	2.640537776629431
Matsuura_15	Matsuura_15	1.6012401885486371
Matsuura_15	UFZ_Phenomenex	0.03145856691655553
Matsuura_15	RIKEN	0.01734386354840666
Matsuura_15	FEM_orbitrap_plasma	0.0007418960960662063
Matsuura_15	MTBLS19	0.03826190112812153
Matsuura_15	Otto	0.012943279083503855
Matsuura_15	Cao_HILIC	0.00032468504821855763
Matsuura_15	MTBLS52	0.13964410229252544
Matsuura_15	LIFE_new	0.0632202186593646
Matsuura_15	MTBLS38	0.09514001365252346
Matsuura_15	MTBLS4	0.00415446241867969
Matsuura_15	Taguchi	0.026281168509328295
Matsuura	Eawag_XBridgeC18	0.077833752629921
Matsuura	Taguchi_12	0.37692232515593077
Matsuura	FEM_orbitrap_plasma	0.1679477410724799
Matsuura	RIKEN	0.15510424699520145
Matsuura	MTBLS36	0.8634403320818175
Matsuura	Matsuura	6.720781443586619
Matsuura	FEM_long	0.040607185104071866
Matsuura	Kojima	0.8456961643375073
Matsuura	MTBLS17	0.16100605884204114
Matsuura	FEM_orbitrap_urine	0.018939832794055235
Matsuura	Taguchi	0.04922976025315978
Matsuura	MTBLS39	0.1572963676924123
Matsuura	Nikiforos	0.12975357227063536
Matsuura	FEM_short	0.07139551820637469
Matsuura	MTBLS19	0.11862777373222176
Matsuura	X1290SQ	0.1443578965566415
Matsuura	IPB_Halle	0.07789673254756939
Matsuura	MTBLS4	0.04315979489036486
Matsuura	Beck	0.0411984469606969
Matsuura	Tohge	0.04452002087184813
Matsuura	LIFE_old	0.016023861838801563
Matsuura	MTBLS20	0.029252191209944996
Matsuura	PFR.TK72	0.01663497644707827
Matsuura	Takahashi	0.00886367680146208
Matsuura	Stravs_22	0.00927680568426324
Matsuura	kohlbacher	0.02974576002675544
Matsuura	Cao_HILIC	0.041701322803265675
Matsuura	MTBLS87	0.0039893966884240965
Matsuura	LIFE_new	0.03778238117700574
Matsuura	Ales_18	0.019988857140031083
Matsuura	MPI_Symmetry	0.005022619098056775
Matsuura	Huntscha	0.018425496433062558
Matsuura	UFZ_Phenomenex	0.03096719061897226
Matsuura	Otto	0.005866909576898311
Matsuura	MTBLS52	0.12107064934796773
Matsuura	Ken	0.11493030650070582
Nikiforos	MPI_Symmetry	0.02998573130899627
Nikiforos	LIFE_new	0.22748279028995605
Nikiforos	RIKEN	1.5299250493292889
Nikiforos	Takahashi	0.20321907371945053
Nikiforos	UFZ_Phenomenex	1.4513378174407972
Nikiforos	Stravs_22	2.9497332345351603
Nikiforos	MTBLS38	0.19352403698750997
Nikiforos	Eawag_XBridgeC18	2.067675971549088
Nikiforos	PFR.TK72	0.15854844225605208
Nikiforos	Otto	0.13304579060343869
Nikiforos	Beck	0.5951643350418404
Nikiforos	Nikiforos	0.6929602277828266
Nikiforos	FEM_orbitrap_plasma	0.2765023296285734
Nikiforos	Cao_HILIC	0.15530481403588825
Nikiforos	Huntscha	0.007727026311977561
Otto	Beck	3.1446104457024657
Otto	FEM_long	0.10815793227612461
Otto	Krauss	0.2752988280243155
Otto	FEM_orbitrap_urine	0.09560925242656092
Otto	LIFE_new	0.5651739505363937
Otto	Taguchi_12	0.0011264672806745946
Otto	RIKEN	0.05782671279143814
Otto	Eawag_XBridgeC18	2.455537562577371
Otto	Tohge	0.06455021816050449
Otto	Stravs_22	0.6167216031429643
Otto	kohlbacher	0.06573476155318919
Otto	Matsuura	0.5773726368456639
Otto	Ales_18	0.15297085640354308
Otto	MPI_Symmetry	0.22170409735723512
Otto	PFR.TK72	0.5480931254095783
Otto	LIFE_old	1.5983200431991722
Otto	MTBLS20	0.03390391850584144
Otto	FEM_lipids	0.4987801739997848
Otto	UFZ_Phenomenex	0.5082127162579323
Otto	MTBLS38	0.041999880009048196
Otto	Taguchi	0.06373637523785095
Otto	Otto	0.5208541174299978
Otto	MTBLS19	0.019008080975244254
Otto	FEM_orbitrap_plasma	0.007122564230377791
Otto	IPB_Halle	0.01535237015200176
Otto	MTBLS52	0.01139218097356442
Otto	MTBLS36	0.029968586254397998
PFR-TK72	Tohge	2.0015547637974858
PFR-TK72	FEM_long	4.728067900178674
PFR-TK72	Taguchi_12	0.9000559935773318
PFR-TK72	LIFE_new	0.20329132894419596
PFR-TK72	RIKEN	0.4622997314493488
PFR-TK72	Takahashi	0.2737018566792853
PFR-TK72	Cao_HILIC	0.8921074616776683
PFR-TK72	FEM_orbitrap_plasma	1.1830748801377258
PFR-TK72	FEM_lipids	0.2788900267814604
PFR-TK72	MPI_Symmetry	0.3281360279857144
PFR-TK72	MTBLS19	1.1401656398320001
PFR-TK72	Otto	1.23317481467711
PFR-TK72	X1290SQ	0.42503114365896577
PFR-TK72	PFR.TK72	0.12026605202728678
PFR-TK72	LIFE_old	0.0019372890263444236
PFR-TK72	Huntscha	0.004412966372708165
PFR-TK72	Kojima	0.08035055713086392
PFR-TK72	Eawag_XBridgeC18	0.3010489210743571
PFR-TK72	MTBLS87	0.14694154182032637
PFR-TK72	Stravs_22	0.004703052496131741
PFR-TK72	MTBLS36	0.059055007646600585
PFR-TK72	Ales_18	0.05842407719830807
PFR-TK72	Nikiforos	0.010161294691626363
PFR-TK72	Vogler	0.01006689804896115
PFR-TK72	kohlbacher	0.19360812310278983
PFR-TK72	MTBLS39	0.07315703588666754
PFR-TK72	UniToyama_Atlantis	0.03562202064531807
PFR-TK72	IPB_Halle	0.0990555380402933
RIKEN	Beck	0.2994904039598166
RIKEN	FEM_long	1.0349478467847097
RIKEN	FEM_orbitrap_urine	0.0728418881648314
RIKEN	MPI_Symmetry	0.2609521054621608
RIKEN	LIFE_old	1.5683360222400948
RIKEN	Krauss	0.0041768152284056
RIKEN	MTBLS87	0.2147347244621895
RIKEN	MTBLS20	0.17040652847170068
RIKEN	LIFE_new	1.3477736209405358
RIKEN	Nikiforos	0.020816045759545595
RIKEN	Eawag_XBridgeC18	0.036801248729263415
RIKEN	Takahashi	0.07516977351204454
RIKEN	Tohge	0.007133315402253283
RIKEN	Stravs_22	0.057216537722917786
RIKEN	kohlbacher	0.578515612338182
RIKEN	Cao_HILIC	0.16494724209468137
RIKEN	MTBLS38	0.04105095998323606
RIKEN	FEM_short	0.00885730197492884
RIKEN	FEM_orbitrap_plasma	0.06021180957749725
RIKEN	Ales_18	0.15739136263177386
RIKEN	Huntscha	0.009831193839167616
RIKEN	UFZ_Phenomenex	0.3324160576888675
RIKEN	PFR.TK72	0.03793419129464551
RIKEN	IPB_Halle	0.03136265991973846
RIKEN	MTBLS36	0.0075100209621252615
RIKEN	FEM_lipids	0.0004048909542596836
RIKEN	Otto	0.3222278521869358
RIKEN	Matsuura	0.05706238042333528
RIKEN	Matsuura_15	0.07557479015151304
RIKEN	RIKEN	5.359450824240695
RIKEN	MTBLS17	0.00374520083129675
Stravs_22	Beck	4.547503322783023
Stravs_22	LIFE_old	0.4094724177800053
Stravs_22	Eawag_XBridgeC18	2.221972137198301
Stravs_22	UFZ_Phenomenex	1.2434430304343222
Stravs_22	Otto	0.3120243919128802
Stravs_22	Stravs_22	0.822279454470286
Stravs_22	FEM_long	0.10156490848156766
Stravs_22	Nikiforos	0.15064906986547483
Stravs_22	LIFE_new	0.052085937344997696
Stravs_22	RIKEN	0.10255101306000637
Stravs_22	FEM_orbitrap_plasma	0.04554753593985969
Stravs_22	PFR.TK72	0.04625692381756074
Stravs_22	Cao_HILIC	0.01816645483188906
Stravs_22	UniToyama_Atlantis	0.02743733194341979
Stravs_22	Taguchi_12	0.041714347879060275
Stravs_22	MTBLS17	0.03939672205075394
Stravs_22	kohlbacher	0.02375093861461865
Stravs_22	Taguchi	0.03487803615504867
Stravs_22	MTBLS4	0.010031669497724376
Stravs_22	FEM_lipids	0.009982313430815338
Stravs_22	MTBLS36	0.02628434199847814
Stravs_22	MTBLS19	0.007368678253027479
Stravs_22	MTBLS38	0.008519050158144317
Stravs_22	X1290SQ	0.0019752336743311
Stravs_22	Kojima	0.0006743007772062508
Stravs_22	Vogler	0.004360193968950928
Stravs_22	Ken	0.020673566591088554
Taguchi_12	kohlbacher	1.0549752807224846
Taguchi_12	Otto	0.4222702956794588
Taguchi_12	MTBLS36	0.32602948598324577
Taguchi_12	Taguchi	0.3857607761697183
Taguchi_12	MTBLS19	0.5412524897363021
Taguchi_12	MTBLS52	4.566198878914964e-05
Taguchi_12	Taguchi_12	7.5913029756252675
Taguchi_12	LIFE_old	0.05983790590371982
Taguchi_12	MTBLS17	0.025719435914652634
Taguchi_12	FEM_short	0.012028382923229324
Taguchi_12	Takahashi	0.03308418292885589
Taguchi_12	Cao_HILIC	0.008936807254903225
Taguchi_12	FEM_orbitrap_urine	0.015725448306426762
Taguchi_12	MPI_Symmetry	0.017484081251066912
Taguchi_12	UFZ_Phenomenex	0.014961539278309986
Taguchi_12	FEM_lipids	0.03481785639824063
Taguchi_12	Ken	0.028915345795005893
Taguchi_12	MTBLS20	0.007781280046367063
Taguchi_12	Eawag_XBridgeC18	0.008226223220174609
Taguchi_12	Matsuura_15	0.02704959026272253
Taguchi_12	MTBLS38	0.003864906594387469
Taguchi	LIFE_new	0.5546720065149019
Taguchi	MTBLS17	2.4506522163467537
Taguchi	IPB_Halle	2.4527793873492794
Taguchi	Beck	0.1774360225469619
Taguchi	FEM_short	0.4665490108376544
Taguchi	MTBLS4	0.3695408246624819
Taguchi	Taguchi	1.6975735951982311
Taguchi	LIFE_old	0.502993152086581
Taguchi	MTBLS19	0.034513490877412525
Taguchi	Vogler	0.0017172539585017892
Taguchi	Tohge	0.31152003054269667
Taguchi	Cao_HILIC	0.22073068189292996
Taguchi	kohlbacher	0.043142599505654224
Taguchi	MTBLS38	0.02141199419109451
Taguchi	MTBLS20	0.9658576204389726
Taguchi	Otto	0.15490255842122802
Taguchi	MTBLS36	0.07841551016341497
Taguchi	UniToyama_Atlantis	0.11335909853473834
Taguchi	Matsuura	0.02294617748480977
Taguchi	FEM_orbitrap_plasma	0.07751797587038248
Taguchi	MTBLS87	0.020474613586787118
Taguchi	Takahashi	0.04439440288833207
Takahashi	FEM_long	2.277964584473906
Takahashi	FEM_orbitrap_urine	0.199589086327441
Takahashi	MPI_Symmetry	0.2032790217452527
Takahashi	LIFE_old	0.568949520678812
Takahashi	UFZ_Phenomenex	0.2928390621399527
Takahashi	MTBLS20	0.19901709081143223
Takahashi	MTBLS87	0.011290098534815307
Takahashi	LIFE_new	1.2279713651977324
Takahashi	Ken	1.3089243326839846
Takahashi	RIKEN	3.070928198639931
Takahashi	Nikiforos	0.05260648653487308
Takahashi	Tohge	0.3662072604629373
Takahashi	FEM_short	0.6448810385901822
Takahashi	Ales_18	0.2623551585918901
Takahashi	MTBLS38	0.14688649953305183
Takahashi	X1290SQ	0.0827819971797582
Takahashi	MTBLS36	0.1560464289526971
Takahashi	Beck	0.20774474003647828
Takahashi	Kojima	0.005393165020615983
Takahashi	Otto	3.309515930746976
Takahashi	Cao_HILIC	0.0824194508803914
Takahashi	Stravs_22	0.16011274069850315
Takahashi	MTBLS17	0.007105078595595278
Takahashi	IPB_Halle	0.07864964806102848
Takahashi	UniToyama_Atlantis	0.0226504514256339
Takahashi	PFR.TK72	0.053603645775286264
Takahashi	Takahashi	0.9848704803133083
Takahashi	MTBLS39	0.006495313908302027
Takahashi	kohlbacher	0.0028931431872298513
Takahashi	FEM_lipids	0.04277920215354374
Takahashi	MTBLS52	0.0025192819193632834
Takahashi	MTBLS19	0.0031559282209000657
Takahashi	Huntscha	0.012208923388393961
Tohge	MPI_Symmetry	1.6687960439394138
Tohge	Takahashi	0.4897914905219233
Tohge	Nikiforos	0.513435283427003
Tohge	Eawag_XBridgeC18	0.6581675080753604
Tohge	Stravs_22	0.17879350180982856
Tohge	MTBLS38	0.33778308566549003
Tohge	FEM_short	1.0051297666182222
Tohge	FEM_orbitrap_urine	0.6881641514542622
Tohge	FEM_long	1.3162390493280058
Tohge	LIFE_new	0.032989893677469434
Tohge	Ales_18	3.254191595854077
Tohge	PFR.TK72	0.769082969605211
Tohge	FEM_lipids	0.17577605565560728
Tohge	Taguchi_12	0.29247501809373494
Tohge	UFZ_Phenomenex	0.12691634202166283
Tohge	X1290SQ	0.13243177392663974
Tohge	Kojima	1.598795294797351
Tohge	Matsuura_15	0.397585961394603
Tohge	IPB_Halle	0.9025544170681622
Tohge	Tohge	4.244235590600571
Tohge	UniToyama_Atlantis	0.22190788749240237
Tohge	Huntscha	0.16762297583146601
Tohge	RIKEN	0.5354354623653915
Tohge	MTBLS39	0.4072324964611309
Tohge	Ken	0.040421703526579894
Tohge	MTBLS20	0.09541638393550149
Tohge	FEM_orbitrap_plasma	0.1139552610334645
Tohge	MTBLS4	0.025337642693960407
Tohge	Vogler	0.028554763466996702
Tohge	MTBLS19	0.042663534503002
Tohge	MTBLS17	0.013546997621222051
Tohge	kohlbacher	0.06461219631602495
Tohge	MTBLS87	0.04239016861417056
Tohge	Taguchi	0.04709142799037955
UFZ_Phenomenex	LIFE_new	0.1848654856810859
UFZ_Phenomenex	Eawag_XBridgeC18	9.223646811856039
UFZ_Phenomenex	IPB_Halle	0.29402146135203144
UFZ_Phenomenex	UFZ_Phenomenex	0.3399227719135531
UFZ_Phenomenex	Takahashi	0.0178727777395038
UniToyama_Atlantis	Tohge	1.3389734865997147
UniToyama_Atlantis	LIFE_old	0.13621259432440663
UniToyama_Atlantis	MTBLS20	0.3354783094445375
UniToyama_Atlantis	Krauss	0.02688663134814164
UniToyama_Atlantis	FEM_orbitrap_urine	1.527773801051672
UniToyama_Atlantis	Taguchi_12	0.2041936099689292
UniToyama_Atlantis	MPI_Symmetry	0.004692299660169744
UniToyama_Atlantis	Ken	0.9108155972743962
UniToyama_Atlantis	RIKEN	0.011451924179708708
UniToyama_Atlantis	Nikiforos	0.280324558797409
UniToyama_Atlantis	Stravs_22	0.18634235246979913
UniToyama_Atlantis	kohlbacher	0.9139925844523553
UniToyama_Atlantis	Cao_HILIC	0.8908149287486842
UniToyama_Atlantis	FEM_orbitrap_plasma	0.1938625777922756
UniToyama_Atlantis	FEM_long	0.8445999874917866
UniToyama_Atlantis	LIFE_new	0.02113443239573734
UniToyama_Atlantis	PFR.TK72	0.3511674388025326
UniToyama_Atlantis	MTBLS38	0.043471210097828804
UniToyama_Atlantis	FEM_lipids	0.7437683025745058
UniToyama_Atlantis	Kojima	0.16768623051170964
UniToyama_Atlantis	MTBLS36	0.007263360993967119
UniToyama_Atlantis	X1290SQ	0.04312961344066944
UniToyama_Atlantis	MTBLS87	0.11571204279705072
UniToyama_Atlantis	MTBLS17	0.020310542527636775
UniToyama_Atlantis	UniToyama_Atlantis	4.026668304642411
UniToyama_Atlantis	Ales_18	0.0011332008694335462
UniToyama_Atlantis	Eawag_XBridgeC18	0.003588398403935942
UniToyama_Atlantis	Takahashi	0.005467364565140578
UniToyama_Atlantis	IPB_Halle	0.053099758554259024
kohlbacher	Taguchi	0.045516209619267285
kohlbacher	Taguchi_12	0.4416300265054248
kohlbacher	Cao_HILIC	0.09486008873090802
kohlbacher	FEM_long	0.17559437725756258
kohlbacher	Otto	0.3213348401420411
kohlbacher	MTBLS36	0.00417409118903488
kohlbacher	kohlbacher	8.95424943584944
kohlbacher	UFZ_Phenomenex	0.03218950292813373
kohlbacher	LIFE_old	0.24626432492215997
kohlbacher	MTBLS38	0.021288779182191298
kohlbacher	MTBLS52	0.027685198474326236
kohlbacher	Beck	0.0016619487126668944
kohlbacher	FEM_lipids	0.0016333870626389188
kohlbacher	Vogler	0.020637377919870643
kohlbacher	Kojima	0.024835863419588034
