algo,number_train,perf
Layer 1,110,0.9951949002027736
Layer 1,110,0.9958222506825561
Layer 1,110,0.994322804604378
Layer 1,110,0.9933776035946932
Layer 1,110,0.9954094859509339
Layer 1,110,0.9951834012496321
Layer 1,110,0.9934421820127122
Layer 1,110,0.9944105884266228
Layer 1,110,0.9944016609577211
Layer 1,110,0.995980985494168
Layer 1,110,0.9947403144401445
Layer 1,110,0.9948136728256664
Layer 1,110,0.995557133794496
Layer 1,110,0.9938851925724159
Layer 1,110,0.9942233065136601
Layer 1,110,0.9939625870913116
Layer 1,110,0.9935943116452112
Layer 1,110,0.991482882231593
Layer 1,110,0.9857048658240638
Layer 1,110,0.9942330013422631
Layer 2,110,0.996918025874031
Layer 2,110,0.9986784207830464
Layer 2,110,0.9955896432154445
Layer 2,110,0.995586321349184
Layer 2,110,0.9972245835467379
Layer 2,110,0.9991006794667917
Layer 2,110,0.9960981303576909
Layer 2,110,0.9980519687541511
Layer 2,110,0.9977057443412662
Layer 2,110,0.9983856850598377
Layer 2,110,0.9987245016250648
Layer 2,110,0.9981571438755201
Layer 2,110,0.9978557047755441
Layer 2,110,0.9953804580407929
Layer 2,110,0.997961262213864
Layer 2,110,0.9974060898582917
Layer 2,110,0.9948141583413929
Layer 2,110,0.9949785559047504
Layer 2,110,0.9971866330846515
Layer 2,110,0.9985625708604826
Layer 3,110,0.996883015818177
Layer 3,110,0.9986299874850709
Layer 3,110,0.9959593900223854
Layer 3,110,0.996476613500551
Layer 3,110,0.9973768574811983
Layer 3,110,0.9987972280647998
Layer 3,110,0.9963666176886
Layer 3,110,0.9981755749288121
Layer 3,110,0.9979575955635667
Layer 3,110,0.9984668700161335
Layer 3,110,0.9983146954265046
Layer 3,110,0.9983970520098497
Layer 3,110,0.9981594033906644
Layer 3,110,0.9963435959977758
Layer 3,110,0.9980409347743304
Layer 3,110,0.9976168397308787
Layer 3,110,0.9958939543117287
Layer 3,110,0.9955377444964304
Layer 3,110,0.9967658503973125
Layer 3,110,0.9990256154554037
Layer 4,110,0.9951949002027736
Layer 4,110,0.9958222506825561
Layer 4,110,0.994322804604378
Layer 4,110,0.9933776035946932
Layer 4,110,0.9954094859509339
Layer 4,110,0.9951834012496321
Layer 4,110,0.9934421820127122
Layer 4,110,0.9944105884266228
Layer 4,110,0.9944016609577211
Layer 4,110,0.995980985494168
Layer 4,110,0.9947403144401445
Layer 4,110,0.9948136728256664
Layer 4,110,0.995557133794496
Layer 4,110,0.9938851925724159
Layer 4,110,0.9942233065136601
Layer 4,110,0.9939625870913116
Layer 4,110,0.9935943116452112
Layer 4,110,0.991482882231593
Layer 4,110,0.9857048658240638
Layer 4,110,0.9942330013422631
GB,110,0.9865258368473495
GB,110,0.9920561139847982
GB,110,0.9907859965624561
GB,110,0.9848402937837336
GB,110,0.9852496945042443
GB,110,0.992531317617709
GB,110,0.9864024527209314
GB,110,0.9921256203671971
GB,110,0.9861995136684731
GB,110,0.9905571754963314
GB,110,0.9883450021354976
GB,110,0.9916325905275524
GB,110,0.987197261108751
GB,110,0.9902583098109627
GB,110,0.9839206501375014
GB,110,0.9920575215737861
GB,110,0.9841148002230298
GB,110,0.9873303841514092
GB,110,0.9857048658240638
GB,110,0.9882888931210432
SVR,110,0.9871234209922723
SVR,110,0.9923490364288456
SVR,110,0.9826695340846572
SVR,110,0.9716429420607067
SVR,110,0.9873176136457111
SVR,110,0.9793793652675008
SVR,110,0.9839579222868671
SVR,110,0.9894304636492989
SVR,110,0.9819011178648889
SVR,110,0.9849821473608271
SVR,110,0.9893979611040696
SVR,110,0.98504635413259
SVR,110,0.9820363989609362
SVR,110,0.9822167754767022
SVR,110,0.9892158183859869
SVR,110,0.9850195097908827
SVR,110,0.9814236053591049
SVR,110,0.9845482362220941
SVR,110,0.9898288541651534
SVR,110,0.9814347128295375
BRR,110,0.9951949002027736
BRR,110,0.9958222506825561
BRR,110,0.994322804604378
BRR,110,0.9933776035946932
BRR,110,0.9954094859509339
BRR,110,0.9951834012496321
BRR,110,0.9934421820127122
BRR,110,0.9944105884266228
BRR,110,0.9944016609577211
BRR,110,0.995980985494168
BRR,110,0.9947403144401445
BRR,110,0.9948136728256664
BRR,110,0.995557133794496
BRR,110,0.9938851925724159
BRR,110,0.9942233065136601
BRR,110,0.9939625870913116
BRR,110,0.9935943116452112
BRR,110,0.991482882231593
BRR,110,0.9957708204122412
BRR,110,0.9942330013422631
AB,110,0.9822299995160815
AB,110,0.9843888988708116
AB,110,0.9785530511129851
AB,110,0.9634589112433651
AB,110,0.9847504904505706
AB,110,0.9879785440070222
AB,110,0.974123447819634
AB,110,0.9867515933471593
AB,110,0.9796071625858183
AB,110,0.9814840056554103
AB,110,0.9773046469241574
AB,110,0.9831219087192998
AB,110,0.9777192615265196
AB,110,0.9724460312848393
AB,110,0.9842335636090042
AB,110,0.9852639795346557
AB,110,0.9626401486565755
AB,110,0.9835424017263407
AB,110,0.9832788319998033
AB,110,0.9855753661105525
LASSO,110,0.9940728323208637
LASSO,110,0.9962027041796437
LASSO,110,0.9934362898868911
LASSO,110,0.9942683285181306
LASSO,110,0.9957267654770618
LASSO,110,0.9962530320919808
LASSO,110,0.9895184863048921
LASSO,110,0.9946784508385521
LASSO,110,0.9917174270494148
LASSO,110,0.995718416695699
LASSO,110,0.9942001664127812
LASSO,110,0.995056058763504
LASSO,110,0.9954450622981252
LASSO,110,0.9926991631842315
LASSO,110,0.9949556232529255
LASSO,110,0.9935592669764628
LASSO,110,0.99318675782762
LASSO,110,0.9917144175002226
LASSO,110,0.994350922202389
LASSO,110,0.9934924292593104
Layer 1,30,0.9908748925244031
Layer 1,30,0.9893789325389692
Layer 1,30,0.98658043803139
Layer 1,30,0.9885389549686737
Layer 1,30,0.9760046340715832
Layer 1,30,0.9914883229327797
Layer 1,30,0.9919402732321982
Layer 1,30,0.9927934155791913
Layer 1,30,0.9906434383873164
Layer 1,30,0.9845913187274553
Layer 1,30,0.9937631480553024
Layer 1,30,0.9914092112855899
Layer 1,30,0.9756088783657906
Layer 1,30,0.9858468894478501
Layer 1,30,0.9916094252146921
Layer 1,30,0.9838741627721099
Layer 1,30,0.99090625743178
Layer 1,30,0.993010384082392
Layer 1,30,0.9915277112335308
Layer 1,30,0.9909769698307558
Layer 2,30,0.9908748939345857
Layer 2,30,0.9893787291244451
Layer 2,30,0.9911221895522
Layer 2,30,0.9890983946165468
Layer 2,30,0.9728202788672804
Layer 2,30,0.9938015833663221
Layer 2,30,0.9924699760744267
Layer 2,30,0.9942212860348669
Layer 2,30,0.9943225187322131
Layer 2,30,0.9908892836364308
Layer 2,30,0.9949043346955515
Layer 2,30,0.8379562234276701
Layer 2,30,0.9754082072819028
Layer 2,30,0.9672816205768116
Layer 2,30,0.9933820070649066
Layer 2,30,0.9872818563338446
Layer 2,30,0.9909067985376452
Layer 2,30,0.9924542807409422
Layer 2,30,0.9908890570224186
Layer 2,30,0.9953453692032763
Layer 3,30,0.9882776941124326
Layer 3,30,0.9868195122836324
Layer 3,30,0.9866532895585012
Layer 3,30,0.9820594208019009
Layer 3,30,0.9829877598516055
Layer 3,30,0.9782382711197879
Layer 3,30,0.9934778460046253
Layer 3,30,0.9866735385282668
Layer 3,30,0.9839339175671128
Layer 3,30,0.9911156205548557
Layer 3,30,0.9921662793142836
Layer 3,30,0.9395008154683449
Layer 3,30,0.9892297882127219
Layer 3,30,0.9773007535774538
Layer 3,30,0.9881437402889143
Layer 3,30,0.9753577616596754
Layer 3,30,0.9906822430970779
Layer 3,30,0.9898266040770598
Layer 3,30,0.9777419250001695
Layer 3,30,0.9911576129093946
Layer 4,30,0.9908748939345857
Layer 4,30,0.9893787291244451
Layer 4,30,0.9866532895585012
Layer 4,30,0.9885389549686737
Layer 4,30,0.9829877598516055
Layer 4,30,0.9914883229327797
Layer 4,30,0.9919402732321982
Layer 4,30,0.9942212860348669
Layer 4,30,0.9839339175671128
Layer 4,30,0.9911156205548557
Layer 4,30,0.9937631480553024
Layer 4,30,0.9914092112855899
Layer 4,30,0.9756088783657906
Layer 4,30,0.9858468894478501
Layer 4,30,0.9881437402889143
Layer 4,30,0.9838741627721099
Layer 4,30,0.9906822430970779
Layer 4,30,0.9924542807409422
Layer 4,30,0.9777419250001695
Layer 4,30,0.9909769698307558
GB,30,0.9468961099716868
GB,30,0.9489385153771548
GB,30,0.9362617420855013
GB,30,0.936651763775107
GB,30,0.9453958135928158
GB,30,0.9468815533604673
GB,30,0.9624894895525642
GB,30,0.9437520538611138
GB,30,0.8768295886892614
GB,30,0.9707720992983335
GB,30,0.9526660181844515
GB,30,0.922570744767762
GB,30,0.9594940293531926
GB,30,0.9515729241341461
GB,30,0.9709065691964538
GB,30,0.9590833420872744
GB,30,0.9721679318767904
GB,30,0.9354823172071167
GB,30,0.9489403176149063
GB,30,0.9679061182985018
SVR,30,0.8771377773947492
SVR,30,0.9091369529497293
SVR,30,0.909240717961052
SVR,30,0.8524725104408921
SVR,30,0.8951035176352318
SVR,30,0.8574288438667498
SVR,30,0.9155593694130889
SVR,30,0.8984195939974315
SVR,30,0.8963128490230148
SVR,30,0.9171124172396197
SVR,30,0.868821963598871
SVR,30,0.8541217200344045
SVR,30,0.8895141735882313
SVR,30,0.902559999155552
SVR,30,0.9181994832497666
SVR,30,0.9132909243589596
SVR,30,0.8998306854328271
SVR,30,0.9054981354829255
SVR,30,0.8886277411428345
SVR,30,0.9128061943476432
BRR,30,0.9908748925244031
BRR,30,0.9893789325389692
BRR,30,0.98658043803139
BRR,30,0.9885389549686737
BRR,30,0.9760046340715832
BRR,30,0.9914883229327797
BRR,30,0.9919402732321982
BRR,30,0.9927934155791913
BRR,30,0.9906434383873164
BRR,30,0.9845913187274553
BRR,30,0.9937631480553024
BRR,30,0.9914092112855899
BRR,30,0.9756088783657906
BRR,30,0.9858468894478501
BRR,30,0.9916094252146921
BRR,30,0.9838741627721099
BRR,30,0.99090625743178
BRR,30,0.993010384082392
BRR,30,0.9915277112335308
BRR,30,0.9909769698307558
AB,30,0.9371289073454858
AB,30,0.9400388454588855
AB,30,0.924461495935075
AB,30,0.9301010284358051
AB,30,0.9375829579790004
AB,30,0.93227236056373
AB,30,0.9362690539383366
AB,30,0.924022749483135
AB,30,0.8615031488609401
AB,30,0.9616004387821557
AB,30,0.9234734949044814
AB,30,0.9328400137805091
AB,30,0.952034914149771
AB,30,0.9364862840299032
AB,30,0.9535911895389522
AB,30,0.9603293522139618
AB,30,0.9583427285650545
AB,30,0.942910447984189
AB,30,0.9403243455789005
AB,30,0.9595395622556627
LASSO,30,0.9927992314601712
LASSO,30,0.9896885096101978
LASSO,30,0.9830448319733955
LASSO,30,0.990493861421068
LASSO,30,0.9835999232609552
LASSO,30,0.9859109612415542
LASSO,30,0.982197041754929
LASSO,30,0.9923060690628476
LASSO,30,0.9730625060305222
LASSO,30,0.9875453934253335
LASSO,30,0.9924292512543924
LASSO,30,0.961774647118118
LASSO,30,0.9761268041254112
LASSO,30,0.9870771044725453
LASSO,30,0.9897494383780003
LASSO,30,0.9840487246104844
LASSO,30,0.9889690713278804
LASSO,30,0.9924542777213121
LASSO,30,0.9874581665343976
LASSO,30,0.9874280944491228
Layer 1,60,0.9910355002493559
Layer 1,60,0.9939298047574321
Layer 1,60,0.9934151024559001
Layer 1,60,0.992878738479726
Layer 1,60,0.9932402568809797
Layer 1,60,0.994505976762771
Layer 1,60,0.9932891543039485
Layer 1,60,0.9931139378688761
Layer 1,60,0.9942093271580466
Layer 1,60,0.9934115290393999
Layer 1,60,0.9918423727979782
Layer 1,60,0.992114032910603
Layer 1,60,0.9921951471828301
Layer 1,60,0.993700399358384
Layer 1,60,0.9917070483054871
Layer 1,60,0.9935563867836403
Layer 1,60,0.992704827264654
Layer 1,60,0.9846981190308636
Layer 1,60,0.9923907432971955
Layer 1,60,0.9932190250505195
Layer 2,60,0.9937462146343063
Layer 2,60,0.9977900293408475
Layer 2,60,0.9940834111484057
Layer 2,60,0.9948766446045761
Layer 2,60,0.9971749616619052
Layer 2,60,0.9977769800726333
Layer 2,60,0.9958775103758677
Layer 2,60,0.9955548730383167
Layer 2,60,0.996820358352721
Layer 2,60,0.9969654657044168
Layer 2,60,0.9954717366529657
Layer 2,60,0.9967731556540093
Layer 2,60,0.9946108489704881
Layer 2,60,0.9974153422979568
Layer 2,60,0.9954509356433261
Layer 2,60,0.9977978827389747
Layer 2,60,0.99342055386698
Layer 2,60,0.987074205062155
Layer 2,60,0.995381032054532
Layer 2,60,0.9957987829742136
Layer 3,60,0.9945559092644443
Layer 3,60,0.9978229252414996
Layer 3,60,0.9934182928535846
Layer 3,60,0.9954334004897416
Layer 3,60,0.9938840835250017
Layer 3,60,0.9978745141411318
Layer 3,60,0.9939324809493322
Layer 3,60,0.9956463080278354
Layer 3,60,0.9966885074583809
Layer 3,60,0.9973538822231367
Layer 3,60,0.9956294029968608
Layer 3,60,0.9972260438353032
Layer 3,60,0.9957404085477151
Layer 3,60,0.9976582385588466
Layer 3,60,0.9963800018219576
Layer 3,60,0.996654294456339
Layer 3,60,0.9960020459468834
Layer 3,60,0.9870282540988784
Layer 3,60,0.9958170448214119
Layer 3,60,0.9958359202457112
Layer 4,60,0.9910355002493559
Layer 4,60,0.9939298047574321
Layer 4,60,0.9940834111484057
Layer 4,60,0.992878738479726
Layer 4,60,0.9938840835250017
Layer 4,60,0.994505976762771
Layer 4,60,0.9939324809493322
Layer 4,60,0.9931139378688761
Layer 4,60,0.9966885074583809
Layer 4,60,0.9934115290393999
Layer 4,60,0.9918423727979782
Layer 4,60,0.992114032910603
Layer 4,60,0.9921951471828301
Layer 4,60,0.993700399358384
Layer 4,60,0.9917070483054871
Layer 4,60,0.9935563867836403
Layer 4,60,0.992704827264654
Layer 4,60,0.9846981190308636
Layer 4,60,0.9923907432971955
Layer 4,60,0.9958359202457112
GB,60,0.9424593437083377
GB,60,0.9813621891141802
GB,60,0.9822018420432813
GB,60,0.9732263584162019
GB,60,0.9784663926494697
GB,60,0.9898875100149294
GB,60,0.968930285796096
GB,60,0.97808587481878
GB,60,0.9596728011733046
GB,60,0.9561086766269656
GB,60,0.9757300035907146
GB,60,0.9758057333515661
GB,60,0.9830365098178608
GB,60,0.9852042968703592
GB,60,0.9629850462687173
GB,60,0.9827500443382867
GB,60,0.9666763428638013
GB,60,0.9650834093839533
GB,60,0.9701707598101923
GB,60,0.9870317050946358
SVR,60,0.9421880926718986
SVR,60,0.9497823756536055
SVR,60,0.9428759593509796
SVR,60,0.9489317360935909
SVR,60,0.936083559337246
SVR,60,0.9677690957146414
SVR,60,0.9155263385733334
SVR,60,0.957704993394328
SVR,60,0.9626900282409463
SVR,60,0.9459063301186437
SVR,60,0.9641413012641027
SVR,60,0.9386286271127764
SVR,60,0.956046614488173
SVR,60,0.9417700039858354
SVR,60,0.9570663180545923
SVR,60,0.9681873866221704
SVR,60,0.9335144355669838
SVR,60,0.9327568391490719
SVR,60,0.9551773700014698
SVR,60,0.9715119405862565
BRR,60,0.9910355002493559
BRR,60,0.9939298047574321
BRR,60,0.9934151024559001
BRR,60,0.992878738479726
BRR,60,0.9932402568809797
BRR,60,0.994505976762771
BRR,60,0.9932891543039485
BRR,60,0.9931139378688761
BRR,60,0.9942093271580466
BRR,60,0.9934115290393999
BRR,60,0.9918423727979782
BRR,60,0.992114032910603
BRR,60,0.9921951471828301
BRR,60,0.993700399358384
BRR,60,0.9917070483054871
BRR,60,0.9935563867836403
BRR,60,0.992704827264654
BRR,60,0.9846981190308636
BRR,60,0.9923907432971955
BRR,60,0.9932190250505195
AB,60,0.9631898042523263
AB,60,0.9651148869550255
AB,60,0.972277443161857
AB,60,0.960753751703755
AB,60,0.9675057994288006
AB,60,0.9842890189644098
AB,60,0.9344669527961056
AB,60,0.968564578932549
AB,60,0.9647799363256278
AB,60,0.9589083691142231
AB,60,0.9689369507971524
AB,60,0.9726370477071831
AB,60,0.9693410620579914
AB,60,0.9643528575675713
AB,60,0.9627912675549196
AB,60,0.9699478956694387
AB,60,0.9568944117648894
AB,60,0.941126767053694
AB,60,0.9641317591278067
AB,60,0.9830537887778672
LASSO,60,0.9911307258096235
LASSO,60,0.9935336535214846
LASSO,60,0.9940897133188971
LASSO,60,0.991310466398405
LASSO,60,0.9942397185163665
LASSO,60,0.9948566488970219
LASSO,60,0.9923174500281031
LASSO,60,0.990954488720897
LASSO,60,0.9934985455555265
LASSO,60,0.9945077676281457
LASSO,60,0.9941431959267869
LASSO,60,0.9943360704124178
LASSO,60,0.9928805727911776
LASSO,60,0.9929634589636109
LASSO,60,0.9927875428120203
LASSO,60,0.9952874181060136
LASSO,60,0.9931383124354589
LASSO,60,0.9821671092033262
LASSO,60,0.994328851549661
LASSO,60,0.9887428422675967
Layer 1,90,0.9943285145580909
Layer 1,90,0.9940289502022674
Layer 1,90,0.9930482709704342
Layer 1,90,0.9942952171666732
Layer 1,90,0.9951322716398993
Layer 1,90,0.9944406097579305
Layer 1,90,0.9879144193884973
Layer 1,90,0.9940533123672924
Layer 1,90,0.9939789631414231
Layer 1,90,0.9926731959953224
Layer 1,90,0.9942353589175181
Layer 1,90,0.9934448907453891
Layer 1,90,0.9935147947397778
Layer 1,90,0.994134649377624
Layer 1,90,0.9932331178493339
Layer 1,90,0.994236857308664
Layer 1,90,0.9938721072608019
Layer 1,90,0.9931128963473133
Layer 1,90,0.994536881760889
Layer 1,90,0.9934453306017088
Layer 2,90,0.9972664553910453
Layer 2,90,0.9976976836748463
Layer 2,90,0.9954943173204422
Layer 2,90,0.9977384482739822
Layer 2,90,0.9968078175985121
Layer 2,90,0.9963374968586343
Layer 2,90,0.9918247089298744
Layer 2,90,0.998326088644261
Layer 2,90,0.9965519724166407
Layer 2,90,0.9972648734178369
Layer 2,90,0.9974191388851321
Layer 2,90,0.9967171564174131
Layer 2,90,0.9966393838836923
Layer 2,90,0.9967437554714665
Layer 2,90,0.9947367810937914
Layer 2,90,0.9982951388730726
Layer 2,90,0.9985266113206497
Layer 2,90,0.9973278239296767
Layer 2,90,0.9979286965504157
Layer 2,90,0.9966619570348059
Layer 3,90,0.9965587806568191
Layer 3,90,0.9980094581282106
Layer 3,90,0.9962848054694317
Layer 3,90,0.9978559276897887
Layer 3,90,0.9969887030827734
Layer 3,90,0.9965588807281085
Layer 3,90,0.9934533676189535
Layer 3,90,0.9981038651590879
Layer 3,90,0.9967926317397022
Layer 3,90,0.9970757409790205
Layer 3,90,0.9977227360409394
Layer 3,90,0.9979039256879055
Layer 3,90,0.9972465027400089
Layer 3,90,0.9964917493990113
Layer 3,90,0.994736941789282
Layer 3,90,0.9983296193292324
Layer 3,90,0.9985899766032325
Layer 3,90,0.9974087963243751
Layer 3,90,0.9984637541432101
Layer 3,90,0.9963763776314976
Layer 4,90,0.9943285145580909
Layer 4,90,0.9940289502022674
Layer 4,90,0.9930482709704342
Layer 4,90,0.9942952171666732
Layer 4,90,0.9951322716398993
Layer 4,90,0.9944406097579305
Layer 4,90,0.9879144193884973
Layer 4,90,0.9940533123672924
Layer 4,90,0.9939789631414231
Layer 4,90,0.9926731959953224
Layer 4,90,0.9942353589175181
Layer 4,90,0.9934448907453891
Layer 4,90,0.9935147947397778
Layer 4,90,0.994134649377624
Layer 4,90,0.9932331178493339
Layer 4,90,0.994236857308664
Layer 4,90,0.9938721072608019
Layer 4,90,0.9931128963473133
Layer 4,90,0.994536881760889
Layer 4,90,0.9934453306017088
GB,90,0.9896837887435002
GB,90,0.9917762385131079
GB,90,0.9820125083989217
GB,90,0.9882535473171676
GB,90,0.9896932918894347
GB,90,0.9841190248013505
GB,90,0.9830455781761767
GB,90,0.9852990711502447
GB,90,0.989110298812938
GB,90,0.9931244752492521
GB,90,0.9912397512866825
GB,90,0.9878183182221898
GB,90,0.9897530689789195
GB,90,0.9910391104353835
GB,90,0.9744840939140067
GB,90,0.9841885535071077
GB,90,0.9868703643901882
GB,90,0.9742541013495747
GB,90,0.9733225597221219
GB,90,0.9862778966009631
SVR,90,0.9786025196552304
SVR,90,0.989030126111565
SVR,90,0.9781888377038477
SVR,90,0.9680494501019333
SVR,90,0.9776242395196497
SVR,90,0.9768022317497866
SVR,90,0.972896316586554
SVR,90,0.9835757021356133
SVR,90,0.9742710794842107
SVR,90,0.9775664071531871
SVR,90,0.983565308439978
SVR,90,0.9654638830027447
SVR,90,0.9701130775253226
SVR,90,0.9682037655714116
SVR,90,0.977358071142819
SVR,90,0.9889519248389834
SVR,90,0.9859396705551129
SVR,90,0.9616767122389521
SVR,90,0.9676414884409412
SVR,90,0.9732677951658607
BRR,90,0.9943285145580909
BRR,90,0.9940289502022674
BRR,90,0.9930482709704342
BRR,90,0.9942952171666732
BRR,90,0.9951322716398993
BRR,90,0.9944406097579305
BRR,90,0.9879144193884973
BRR,90,0.9940533123672924
BRR,90,0.9939789631414231
BRR,90,0.9926731959953224
BRR,90,0.9942353589175181
BRR,90,0.9934448907453891
BRR,90,0.9935147947397778
BRR,90,0.994134649377624
BRR,90,0.9932331178493339
BRR,90,0.994236857308664
BRR,90,0.9938721072608019
BRR,90,0.9931128963473133
BRR,90,0.994536881760889
BRR,90,0.9934453306017088
AB,90,0.9843982445542734
AB,90,0.9796161939024137
AB,90,0.9636282893833003
AB,90,0.9801403256184462
AB,90,0.9804843744909861
AB,90,0.9772068010939506
AB,90,0.9657176725267009
AB,90,0.9639427196680276
AB,90,0.9871336907889119
AB,90,0.979244680193636
AB,90,0.9835882144074775
AB,90,0.9794100221837457
AB,90,0.9829742000773725
AB,90,0.979943215983303
AB,90,0.9642835698619912
AB,90,0.96718723946394
AB,90,0.9735414242491038
AB,90,0.966762308335253
AB,90,0.9679447066446736
AB,90,0.9745055218348999
LASSO,90,0.9909421992876861
LASSO,90,0.994103656472484
LASSO,90,0.9937077955484378
LASSO,90,0.993293717551238
LASSO,90,0.9951788626765198
LASSO,90,0.9937936383780271
LASSO,90,0.9890612311946974
LASSO,90,0.9933763307983243
LASSO,90,0.9927590971971827
LASSO,90,0.9929548381978052
LASSO,90,0.9943534309773198
LASSO,90,0.993021097893919
LASSO,90,0.9932599848166415
LASSO,90,0.9947756600053039
LASSO,90,0.9877794994228197
LASSO,90,0.9943364019468948
LASSO,90,0.9949556870921784
LASSO,90,0.9920688280437286
LASSO,90,0.9958514992862342
LASSO,90,0.9927665273972233
Layer 1,170,0.9930921413750304
Layer 1,170,0.9924417659958265
Layer 1,170,0.993363298551763
Layer 1,170,0.994827684161415
Layer 1,170,0.9904694475161786
Layer 1,170,0.9864741932520182
Layer 1,170,0.9945270590742522
Layer 1,170,0.9940815785501693
Layer 1,170,0.9959497009003837
Layer 1,170,0.9947674442671075
Layer 1,170,0.9960771395509574
Layer 1,170,0.9934299218779987
Layer 1,170,0.9940734754907445
Layer 1,170,0.9961874820805833
Layer 1,170,0.9957321848326448
Layer 1,170,0.9957982318958507
Layer 1,170,0.9930676880104292
Layer 1,170,0.9935610653519663
Layer 1,170,0.9968922503626458
Layer 1,170,0.9915129519155227
Layer 2,170,0.9953737139184392
Layer 2,170,0.9988821890340986
Layer 2,170,0.9987373513779347
Layer 2,170,0.9974367603426197
Layer 2,170,0.9980381592408685
Layer 2,170,0.9953903385927017
Layer 2,170,0.9994416317357058
Layer 2,170,0.9948726767596001
Layer 2,170,0.9993343074415619
Layer 2,170,0.996137698266752
Layer 2,170,0.9978646824878608
Layer 2,170,0.9942601672576619
Layer 2,170,0.9963922734534615
Layer 2,170,0.9989657065151869
Layer 2,170,0.9973164767106197
Layer 2,170,0.9972437098006972
Layer 2,170,0.9950237685563217
Layer 2,170,0.9967392631865051
Layer 2,170,0.9993427398012529
Layer 2,170,0.9979788788447064
Layer 3,170,0.995268527820456
Layer 3,170,0.9989662009826797
Layer 3,170,0.9992134963033611
Layer 3,170,0.9980380109712601
Layer 3,170,0.9985213221496045
Layer 3,170,0.9964772173367527
Layer 3,170,0.9993986761168819
Layer 3,170,0.9964891050661677
Layer 3,170,0.9989049115655585
Layer 3,170,0.9962293752043112
Layer 3,170,0.9985709802763514
Layer 3,170,0.9946435096068129
Layer 3,170,0.9967348609540698
Layer 3,170,0.9991110028172402
Layer 3,170,0.9983635886945434
Layer 3,170,0.9978790921277787
Layer 3,170,0.9957026735612813
Layer 3,170,0.9971056773469316
Layer 3,170,0.9989979736340868
Layer 3,170,0.9981561771755683
Layer 4,170,0.9930921413750304
Layer 4,170,0.9924417659958265
Layer 4,170,0.993363298551763
Layer 4,170,0.994827684161415
Layer 4,170,0.9904694475161786
Layer 4,170,0.9864741932520182
Layer 4,170,0.9945270590742522
Layer 4,170,0.9940815785501693
Layer 4,170,0.9959497009003837
Layer 4,170,0.9947674442671075
Layer 4,170,0.9960771395509574
Layer 4,170,0.9934299218779987
Layer 4,170,0.9940734754907445
Layer 4,170,0.9961874820805833
Layer 4,170,0.9957321848326448
Layer 4,170,0.9957982318958507
Layer 4,170,0.9930676880104292
Layer 4,170,0.9935610653519663
Layer 4,170,0.9968922503626458
Layer 4,170,0.9915129519155227
GB,170,0.9880774304070827
GB,170,0.9939945959866983
GB,170,0.9958182890619565
GB,170,0.9896113261187526
GB,170,0.9937763481438586
GB,170,0.9883317415300831
GB,170,0.9946180227156334
GB,170,0.9916737264556547
GB,170,0.9920986495991164
GB,170,0.9883470643674798
GB,170,0.9931558707964767
GB,170,0.9911649843895892
GB,170,0.9930972365725633
GB,170,0.9956899135701376
GB,170,0.9922359215928737
GB,170,0.9929666582575569
GB,170,0.9928193577916831
GB,170,0.9941201834111711
GB,170,0.9951541054530135
GB,170,0.9913585470974569
SVR,170,0.9911324062102235
SVR,170,0.9944466134869341
SVR,170,0.9919225789774729
SVR,170,0.985824711432225
SVR,170,0.9917690858582326
SVR,170,0.9869692118200681
SVR,170,0.9957214083213342
SVR,170,0.9874888110291109
SVR,170,0.9947596499357061
SVR,170,0.9902298112261984
SVR,170,0.9960970765737955
SVR,170,0.9911295679609325
SVR,170,0.9885320134193096
SVR,170,0.9914936466211842
SVR,170,0.9911426773990241
SVR,170,0.9910767540362786
SVR,170,0.9932014073965463
SVR,170,0.9888102169945135
SVR,170,0.9927360767868075
SVR,170,0.9941227499867018
BRR,170,0.9930921413750304
BRR,170,0.9924417659958265
BRR,170,0.993363298551763
BRR,170,0.994827684161415
BRR,170,0.9904694475161786
BRR,170,0.9864741932520182
BRR,170,0.9945270590742522
BRR,170,0.9940815785501693
BRR,170,0.9959497009003837
BRR,170,0.9947674442671075
BRR,170,0.9960771395509574
BRR,170,0.9934299218779987
BRR,170,0.9940734754907445
BRR,170,0.9961874820805833
BRR,170,0.9957321848326448
BRR,170,0.9957982318958507
BRR,170,0.9930676880104292
BRR,170,0.9935610653519663
BRR,170,0.9968922503626458
BRR,170,0.9915129519155227
AB,170,0.9786144588174133
AB,170,0.9814818473937289
AB,170,0.9909741499277331
AB,170,0.9853630148899684
AB,170,0.9858689718028844
AB,170,0.9778276273123352
AB,170,0.9916626250741746
AB,170,0.9868970123416005
AB,170,0.9913254785228672
AB,170,0.9891562381945316
AB,170,0.990247924100683
AB,170,0.9827584516751355
AB,170,0.9902059615646781
AB,170,0.9855088339694194
AB,170,0.9836704145188865
AB,170,0.9856422771873857
AB,170,0.9883333340353575
AB,170,0.9809683449289393
AB,170,0.9890813690836757
AB,170,0.9839561015896923
LASSO,170,0.9908934314042638
LASSO,170,0.9932210105055067
LASSO,170,0.9929817941326122
LASSO,170,0.9949933214376674
LASSO,170,0.9912830701326593
LASSO,170,0.9863361923710203
LASSO,170,0.9949318290658289
LASSO,170,0.9944933219091139
LASSO,170,0.9950033808383378
LASSO,170,0.9948125269017097
LASSO,170,0.9966643309725827
LASSO,170,0.9933993362772183
LASSO,170,0.9942174207563732
LASSO,170,0.9922245433576689
LASSO,170,0.9961325777738054
LASSO,170,0.9962909281144964
LASSO,170,0.9940506695466653
LASSO,170,0.994213888954994
LASSO,170,0.995991326255107
LASSO,170,0.9929125375843559
Layer 1,20,0.9838830639885688
Layer 1,20,0.9842151065581726
Layer 1,20,0.924975301499249
Layer 1,20,0.9891995250379665
Layer 1,20,0.9748051476349404
Layer 1,20,0.9798186364018435
Layer 1,20,0.9255812779874932
Layer 1,20,0.9728225112243654
Layer 1,20,0.9872623857985123
Layer 1,20,0.9842385651452565
Layer 1,20,0.9915772636281609
Layer 1,20,0.9858751915710071
Layer 1,20,0.9872357938636904
Layer 1,20,0.9745596135022443
Layer 1,20,0.9639874794616798
Layer 1,20,0.98529844285508
Layer 1,20,0.9350196144713387
Layer 1,20,0.9691590720208694
Layer 2,20,0.9839655021702747
Layer 2,20,0.9860262766028554
Layer 2,20,0.9876009075252108
Layer 2,20,0.9615003641802495
Layer 2,20,0.9718020953228179
Layer 2,20,0.9798186619880829
Layer 2,20,0.9598795964262015
Layer 2,20,0.9693661985924922
Layer 2,20,0.9794065097785694
Layer 2,20,0.9557605025509852
Layer 2,20,0.9580779649667086
Layer 2,20,0.9801182875645824
Layer 2,20,0.9710122819855435
Layer 2,20,0.966156188855275
Layer 2,20,0.976959768525862
Layer 2,20,0.9923630229554226
Layer 2,20,0.94430707948171
Layer 2,20,0.9691590699899715
Layer 3,20,0.9823145125607666
Layer 3,20,0.9894869951807787
Layer 3,20,0.9855237203414676
Layer 3,20,0.9827225734261057
Layer 3,20,0.9861756287395604
Layer 3,20,0.9719115487358763
Layer 3,20,0.9797734258094203
Layer 3,20,0.9752388934603144
Layer 3,20,0.9750930809772719
Layer 3,20,0.9648952575061881
Layer 3,20,0.9833241441651289
Layer 3,20,0.9733572992412012
Layer 3,20,0.9764072727551543
Layer 3,20,0.9722825530915258
Layer 3,20,0.9687923643904464
Layer 3,20,0.9770603461652805
Layer 3,20,0.9669401853565119
Layer 3,20,0.9548548116277962
Layer 4,20,0.9838830639885688
Layer 4,20,0.9860262766028554
Layer 4,20,0.9855237203414676
Layer 4,20,0.9827225734261057
Layer 4,20,0.9861756287395604
Layer 4,20,0.9719115487358763
Layer 4,20,0.9255812779874932
Layer 4,20,0.9752388934603144
Layer 4,20,0.9872623857985123
Layer 4,20,0.9842385651452565
Layer 4,20,0.9915772636281609
Layer 4,20,0.9733572992412012
Layer 4,20,0.9764072727551543
Layer 4,20,0.9745596135022443
Layer 4,20,0.9687923643904464
Layer 4,20,0.98529844285508
Layer 4,20,0.94430707948171
Layer 4,20,0.9691590699899715
GB,20,0.9240844404436446
GB,20,0.9464817958367836
GB,20,0.8883485345233351
GB,20,0.8274894467874854
GB,20,0.9558860125733872
GB,20,0.8522961354084012
GB,20,0.9186822554020049
GB,20,0.9512509004159442
GB,20,0.9252772139744216
GB,20,0.8798925673136961
GB,20,0.9430104856324234
GB,20,0.904580482559325
GB,20,0.9569148119778595
GB,20,0.9306595886460747
GB,20,0.9216943391638217
GB,20,0.88940225854071
GB,20,0.9350196144713387
GB,20,0.9373501924485032
SVR,20,0.8464116671780498
SVR,20,0.8516346974352993
SVR,20,0.8209759255028399
SVR,20,0.8171885632104996
SVR,20,0.9097695917018183
SVR,20,0.8132910204201989
SVR,20,0.8466160026148172
SVR,20,0.8484358817781567
SVR,20,0.8378817960443977
SVR,20,0.746643415631894
SVR,20,0.8658186554206821
SVR,20,0.05865839542849938
SVR,20,0.7130327450094007
SVR,20,0.8385259529902684
SVR,20,0.866498425370271
SVR,20,0.938230089378205
SVR,20,0.8642727105397721
SVR,20,0.8669566977486671
BRR,20,0.9838830639885688
BRR,20,0.9842151065581726
BRR,20,0.9645023197966728
BRR,20,0.9891995250379665
BRR,20,0.9748051476349404
BRR,20,0.9798186364018435
BRR,20,0.9842270719521208
BRR,20,0.9728225112243654
BRR,20,0.9872623857985123
BRR,20,0.9842385651452565
BRR,20,0.9915772636281609
BRR,20,0.9858751915710071
BRR,20,0.9872357938636904
BRR,20,0.9745596135022443
BRR,20,0.9639874794616798
BRR,20,0.98529844285508
BRR,20,0.9898318577266166
BRR,20,0.9691590720208694
AB,20,0.8888391783092005
AB,20,0.9483042889688496
AB,20,0.924975301499249
AB,20,0.8216155213779239
AB,20,0.94778546763027
AB,20,0.9231333591946704
AB,20,0.9255812779874932
AB,20,0.9298820000394971
AB,20,0.9061852199001394
AB,20,0.8668434422896532
AB,20,0.9351823051631207
AB,20,0.8921952611185278
AB,20,0.8080734064534021
AB,20,0.91848249505566
AB,20,0.9128698717776154
AB,20,0.8826381842405663
AB,20,0.9348325597488374
AB,20,0.9167752572780739
LASSO,20,0.9842019463525542
LASSO,20,0.9792272270021718
LASSO,20,0.9869169383625491
LASSO,20,0.9615002942857063
LASSO,20,0.9687603949995678
LASSO,20,0.9727494370193214
LASSO,20,0.9850841161252801
LASSO,20,0.9679635837324985
LASSO,20,0.9793443934158198
LASSO,20,0.975760519360417
LASSO,20,0.9815761380303204
LASSO,20,0.9813951860519587
LASSO,20,0.9775584702425657
LASSO,20,0.9781211850850255
LASSO,20,0.9769597602119862
LASSO,20,0.9923631950016247
LASSO,20,0.985446663612236
LASSO,20,0.955745121398706
Layer 1,150,0.9935786387750751
Layer 1,150,0.9944660307286655
Layer 1,150,0.9977056882341994
Layer 1,150,0.9959882142512344
Layer 1,150,0.9961494948376083
Layer 1,150,0.9955276053562307
Layer 1,150,0.9933151249777761
Layer 1,150,0.9961439960982214
Layer 1,150,0.9917165983266079
Layer 1,150,0.9948963894725911
Layer 1,150,0.9950913081762016
Layer 1,150,0.9946900682248949
Layer 1,150,0.9946123279797239
Layer 1,150,0.9950246271729418
Layer 1,150,0.9943171152634558
Layer 1,150,0.9930966984594878
Layer 1,150,0.9942752962018588
Layer 1,150,0.9955636194274113
Layer 1,150,0.9920018207747996
Layer 1,150,0.9973280363716437
Layer 2,150,0.9963673034426649
Layer 2,150,0.9978826120767905
Layer 2,150,0.9989509734061299
Layer 2,150,0.9982706743079734
Layer 2,150,0.9984892606984662
Layer 2,150,0.9967568097346742
Layer 2,150,0.9951000493096195
Layer 2,150,0.998311930933778
Layer 2,150,0.9963569595683256
Layer 2,150,0.9962289311968512
Layer 2,150,0.9993589464326393
Layer 2,150,0.9973429354200906
Layer 2,150,0.9985080413863354
Layer 2,150,0.9981347399273952
Layer 2,150,0.9977850922679705
Layer 2,150,0.9968777154992965
Layer 2,150,0.9958110019424724
Layer 2,150,0.9974503995570092
Layer 2,150,0.9955029391004807
Layer 2,150,0.9988591680705655
Layer 3,150,0.9968687994063509
Layer 3,150,0.9979649533675936
Layer 3,150,0.9990392070559206
Layer 3,150,0.9987130876939373
Layer 3,150,0.997996872978804
Layer 3,150,0.9975640567453191
Layer 3,150,0.9959248077294721
Layer 3,150,0.9984509888979423
Layer 3,150,0.9969241974946546
Layer 3,150,0.9973693447555522
Layer 3,150,0.998883885597753
Layer 3,150,0.9981593570512761
Layer 3,150,0.9987755045582989
Layer 3,150,0.998586564556806
Layer 3,150,0.9974995200922716
Layer 3,150,0.9969157874583736
Layer 3,150,0.9954953540426323
Layer 3,150,0.9973073897678991
Layer 3,150,0.9961742641022698
Layer 3,150,0.9988858829216101
Layer 4,150,0.9935786387750751
Layer 4,150,0.9944660307286655
Layer 4,150,0.9977056882341994
Layer 4,150,0.9959882142512344
Layer 4,150,0.9961494948376083
Layer 4,150,0.9955276053562307
Layer 4,150,0.9933151249777761
Layer 4,150,0.9961439960982214
Layer 4,150,0.9917165983266079
Layer 4,150,0.9948963894725911
Layer 4,150,0.9950913081762016
Layer 4,150,0.9946900682248949
Layer 4,150,0.9946123279797239
Layer 4,150,0.9950246271729418
Layer 4,150,0.9943171152634558
Layer 4,150,0.9930966984594878
Layer 4,150,0.9942752962018588
Layer 4,150,0.9955636194274113
Layer 4,150,0.9920018207747996
Layer 4,150,0.9973280363716437
GB,150,0.993658142960093
GB,150,0.9917277151797251
GB,150,0.9954093174121097
GB,150,0.9940029036280233
GB,150,0.990545937221389
GB,150,0.9915873604475711
GB,150,0.9894048343868089
GB,150,0.9958827291303667
GB,150,0.9919373885176436
GB,150,0.9893096131223466
GB,150,0.9891677351353534
GB,150,0.9741212553517744
GB,150,0.9923075643543682
GB,150,0.9892084059915216
GB,150,0.9864583274121048
GB,150,0.9931874444213605
GB,150,0.9830262097856315
GB,150,0.9938382491267599
GB,150,0.9905907751870338
GB,150,0.9935593894787418
SVR,150,0.9889163014076015
SVR,150,0.9907352007913874
SVR,150,0.9959919874472414
SVR,150,0.9912792287308507
SVR,150,0.9903784069953048
SVR,150,0.9872518893643485
SVR,150,0.9880863964769854
SVR,150,0.9916364960183481
SVR,150,0.9878692724329576
SVR,150,0.989414636619969
SVR,150,0.9896608848495094
SVR,150,0.9851655164590181
SVR,150,0.9920495735045546
SVR,150,0.9912613234341907
SVR,150,0.9871609536655986
SVR,150,0.9912520551244259
SVR,150,0.9796606693874133
SVR,150,0.9921577444489698
SVR,150,0.9848283042524202
SVR,150,0.9926265841124958
BRR,150,0.9935786387750751
BRR,150,0.9944660307286655
BRR,150,0.9977056882341994
BRR,150,0.9959882142512344
BRR,150,0.9961494948376083
BRR,150,0.9955276053562307
BRR,150,0.9933151249777761
BRR,150,0.9961439960982214
BRR,150,0.9917165983266079
BRR,150,0.9948963894725911
BRR,150,0.9950913081762016
BRR,150,0.9946900682248949
BRR,150,0.9946123279797239
BRR,150,0.9950246271729418
BRR,150,0.9943171152634558
BRR,150,0.9930966984594878
BRR,150,0.9942752962018588
BRR,150,0.9955636194274113
BRR,150,0.9920018207747996
BRR,150,0.9973280363716437
AB,150,0.9865771908521249
AB,150,0.9833927233971241
AB,150,0.9906910951147987
AB,150,0.9856013545885375
AB,150,0.9823435651815996
AB,150,0.9846921179441683
AB,150,0.9811500711809863
AB,150,0.9903108507289031
AB,150,0.9877479468078938
AB,150,0.9855786409046956
AB,150,0.9894825428479305
AB,150,0.978234304942444
AB,150,0.9867236938753834
AB,150,0.9891449859534311
AB,150,0.9792553918185957
AB,150,0.9814758390033986
AB,150,0.9771348522011385
AB,150,0.9819364689086074
AB,150,0.9864461771983686
AB,150,0.9908249305182193
LASSO,150,0.9934439825826122
LASSO,150,0.992421088423591
LASSO,150,0.997650147380101
LASSO,150,0.9962698096181081
LASSO,150,0.9922594413238629
LASSO,150,0.9944704396634858
LASSO,150,0.9936101661907359
LASSO,150,0.9933435193351181
LASSO,150,0.992210538609719
LASSO,150,0.9888111195814616
LASSO,150,0.9940242615322139
LASSO,150,0.9961081599219129
LASSO,150,0.9948602041617932
LASSO,150,0.9957999094007532
LASSO,150,0.9937824928825882
LASSO,150,0.9922645110498869
LASSO,150,0.9944928789699865
LASSO,150,0.9957754197407275
LASSO,150,0.9899588274208331
LASSO,150,0.9971488109489096
Layer 1,100,0.9927657675807118
Layer 1,100,0.9953446773750032
Layer 1,100,0.9937445292747676
Layer 1,100,0.9963790488826266
Layer 1,100,0.9953877450409787
Layer 1,100,0.9948610545189223
Layer 1,100,0.9949642250202944
Layer 1,100,0.9935428433720683
Layer 1,100,0.9960012142824348
Layer 1,100,0.9915554375186663
Layer 1,100,0.9952115474720034
Layer 1,100,0.9932418090491817
Layer 1,100,0.9930487103162743
Layer 1,100,0.9941113626388421
Layer 1,100,0.9948890188394213
Layer 1,100,0.9927210161656758
Layer 1,100,0.993680042383008
Layer 1,100,0.9929440113484906
Layer 1,100,0.9942205668367234
Layer 1,100,0.9926320135332776
Layer 2,100,0.9962608348352462
Layer 2,100,0.9975341285775471
Layer 2,100,0.9976494864517751
Layer 2,100,0.9989744373034046
Layer 2,100,0.9980835102269306
Layer 2,100,0.9971106678636142
Layer 2,100,0.9981415449325357
Layer 2,100,0.9979623165874197
Layer 2,100,0.9975792172682845
Layer 2,100,0.9962968542035872
Layer 2,100,0.997087316158992
Layer 2,100,0.9951828697865892
Layer 2,100,0.9969272061310279
Layer 2,100,0.9985621518932254
Layer 2,100,0.9986043367334045
Layer 2,100,0.9958268716785599
Layer 2,100,0.996783594689315
Layer 2,100,0.9963060190177727
Layer 2,100,0.9962170920571001
Layer 2,100,0.9977035654094588
Layer 3,100,0.9969494503475221
Layer 3,100,0.9975709369262598
Layer 3,100,0.9972983001568809
Layer 3,100,0.9989880070826158
Layer 3,100,0.9982111027513372
Layer 3,100,0.9984126649251929
Layer 3,100,0.9982396845497385
Layer 3,100,0.9980666022078031
Layer 3,100,0.9978773229460333
Layer 3,100,0.9970259017735886
Layer 3,100,0.9972995731643524
Layer 3,100,0.9960521211574459
Layer 3,100,0.9972739823110273
Layer 3,100,0.9986805712940952
Layer 3,100,0.9984261061037925
Layer 3,100,0.997221251759107
Layer 3,100,0.9965831533363378
Layer 3,100,0.9966699710980064
Layer 3,100,0.99654766764554
Layer 3,100,0.9979163692916061
Layer 4,100,0.9927657675807118
Layer 4,100,0.9953446773750032
Layer 4,100,0.9937445292747676
Layer 4,100,0.9963790488826266
Layer 4,100,0.9953877450409787
Layer 4,100,0.9948610545189223
Layer 4,100,0.9949642250202944
Layer 4,100,0.9935428433720683
Layer 4,100,0.9960012142824348
Layer 4,100,0.9915554375186663
Layer 4,100,0.9952115474720034
Layer 4,100,0.9932418090491817
Layer 4,100,0.9930487103162743
Layer 4,100,0.9941113626388421
Layer 4,100,0.9948890188394213
Layer 4,100,0.9927210161656758
Layer 4,100,0.993680042383008
Layer 4,100,0.9929440113484906
Layer 4,100,0.9942205668367234
Layer 4,100,0.9926320135332776
GB,100,0.985440377868623
GB,100,0.9907759861578094
GB,100,0.9903584778251501
GB,100,0.9914968186808402
GB,100,0.9862079881791644
GB,100,0.9890104915266895
GB,100,0.9865861881103624
GB,100,0.9786099919634405
GB,100,0.9874694333652572
GB,100,0.9895330914252525
GB,100,0.98695888931462
GB,100,0.9851852770256015
GB,100,0.9853719212977283
GB,100,0.9858691300374484
GB,100,0.9906174822489291
GB,100,0.9847047821613286
GB,100,0.9852449448012741
GB,100,0.9891886035033379
GB,100,0.9859564429868113
GB,100,0.9923346855600894
SVR,100,0.9697556896604022
SVR,100,0.9843144990531595
SVR,100,0.9815166562742821
SVR,100,0.9804183360397385
SVR,100,0.9836563228196974
SVR,100,0.9859898478588887
SVR,100,0.9775494600862854
SVR,100,0.9795375485539644
SVR,100,0.9818870361986125
SVR,100,0.9769442365893659
SVR,100,0.9823026273973149
SVR,100,0.9748032152077366
SVR,100,0.9739347755078962
SVR,100,0.9895563527086866
SVR,100,0.9841296453008888
SVR,100,0.9666655610223229
SVR,100,0.9809502403985229
SVR,100,0.98043532057369
SVR,100,0.9770778423913575
SVR,100,0.9875260050949588
BRR,100,0.9927657675807118
BRR,100,0.9953446773750032
BRR,100,0.9937445292747676
BRR,100,0.9963790488826266
BRR,100,0.9953877450409787
BRR,100,0.9948610545189223
BRR,100,0.9949642250202944
BRR,100,0.9935428433720683
BRR,100,0.9960012142824348
BRR,100,0.9915554375186663
BRR,100,0.9952115474720034
BRR,100,0.9932418090491817
BRR,100,0.9930487103162743
BRR,100,0.9941113626388421
BRR,100,0.9948890188394213
BRR,100,0.9927210161656758
BRR,100,0.993680042383008
BRR,100,0.9929440113484906
BRR,100,0.9942205668367234
BRR,100,0.9926320135332776
AB,100,0.9674778453259596
AB,100,0.9832812689093362
AB,100,0.9782636737632844
AB,100,0.9837400214900232
AB,100,0.9852087224041275
AB,100,0.9822967674278611
AB,100,0.9765058319155315
AB,100,0.9675217481003471
AB,100,0.9777822782407429
AB,100,0.9801381419440045
AB,100,0.9759733801409616
AB,100,0.9718655805693472
AB,100,0.9791419546071018
AB,100,0.981274216763414
AB,100,0.9818271333274549
AB,100,0.975854300761659
AB,100,0.9814648506628774
AB,100,0.976907679461126
AB,100,0.9827585574994782
AB,100,0.988420511719052
LASSO,100,0.9925892600098626
LASSO,100,0.9957717417390739
LASSO,100,0.9947542144481324
LASSO,100,0.9965674106038925
LASSO,100,0.9957596328808217
LASSO,100,0.9922238669533061
LASSO,100,0.9933212566277865
LASSO,100,0.9925228352742556
LASSO,100,0.996196980315902
LASSO,100,0.9907725703448818
LASSO,100,0.9948602626552165
LASSO,100,0.9929757081538371
LASSO,100,0.9891337657429597
LASSO,100,0.9929004067130158
LASSO,100,0.9954258708011415
LASSO,100,0.9928024960846369
LASSO,100,0.9943412666343772
LASSO,100,0.9934619547301278
LASSO,100,0.9921378624666282
LASSO,100,0.9935153793923641
Layer 1,140,0.9961966677029394
Layer 1,140,0.9933221352251866
Layer 1,140,0.9951494129475408
Layer 1,140,0.9929475638144533
Layer 1,140,0.9941253529815733
Layer 1,140,0.9954685956997557
Layer 1,140,0.9945025025574483
Layer 1,140,0.9928356280193182
Layer 1,140,0.9946253186567053
Layer 1,140,0.9943970164960674
Layer 1,140,0.993565326676969
Layer 1,140,0.9940504761282678
Layer 1,140,0.9911547781853963
Layer 1,140,0.9963863540683816
Layer 1,140,0.9927383460204788
Layer 1,140,0.9955333247366353
Layer 1,140,0.9926260580533175
Layer 1,140,0.9950238462564244
Layer 1,140,0.9918797056525979
Layer 1,140,0.992550415280242
Layer 2,140,0.9980507009918402
Layer 2,140,0.99845909768358
Layer 2,140,0.9989646248496571
Layer 2,140,0.997365167005297
Layer 2,140,0.9966707108476798
Layer 2,140,0.9987970009849655
Layer 2,140,0.9984648275151005
Layer 2,140,0.9964006496387496
Layer 2,140,0.9989510966985304
Layer 2,140,0.9962228014981489
Layer 2,140,0.9950755613052491
Layer 2,140,0.9988202008358499
Layer 2,140,0.9922477214965657
Layer 2,140,0.9983129424456652
Layer 2,140,0.9985542251617145
Layer 2,140,0.997242186809385
Layer 2,140,0.9954339582368006
Layer 2,140,0.9974110183792729
Layer 2,140,0.9946951137565718
Layer 2,140,0.9966241938823475
Layer 3,140,0.9981304354675241
Layer 3,140,0.9985054650486888
Layer 3,140,0.9985549034002005
Layer 3,140,0.9973812914104083
Layer 3,140,0.9974001831172472
Layer 3,140,0.9988724448782561
Layer 3,140,0.9985949325113005
Layer 3,140,0.9969570281503664
Layer 3,140,0.9984063093878248
Layer 3,140,0.9962841097636637
Layer 3,140,0.9962151352881912
Layer 3,140,0.9988356816221562
Layer 3,140,0.9943402696010982
Layer 3,140,0.9986514689270588
Layer 3,140,0.9988477380417553
Layer 3,140,0.9978098592313752
Layer 3,140,0.9963389365991684
Layer 3,140,0.9976797570705161
Layer 3,140,0.9956558130064015
Layer 3,140,0.9967733526371466
Layer 4,140,0.9961966677029394
Layer 4,140,0.9933221352251866
Layer 4,140,0.9951494129475408
Layer 4,140,0.9929475638144533
Layer 4,140,0.9941253529815733
Layer 4,140,0.9954685956997557
Layer 4,140,0.9945025025574483
Layer 4,140,0.9928356280193182
Layer 4,140,0.9946253186567053
Layer 4,140,0.9943970164960674
Layer 4,140,0.993565326676969
Layer 4,140,0.9940504761282678
Layer 4,140,0.9911547781853963
Layer 4,140,0.9963863540683816
Layer 4,140,0.9927383460204788
Layer 4,140,0.9955333247366353
Layer 4,140,0.9926260580533175
Layer 4,140,0.9950238462564244
Layer 4,140,0.9918797056525979
Layer 4,140,0.992550415280242
GB,140,0.9900733894888893
GB,140,0.9906299733639902
GB,140,0.9918420865881329
GB,140,0.990753194696235
GB,140,0.9940863545226106
GB,140,0.9920541592311991
GB,140,0.9896773224237703
GB,140,0.9910372351690577
GB,140,0.9834981618271721
GB,140,0.9863873821480252
GB,140,0.9803143773525729
GB,140,0.9938330521434153
GB,140,0.989902683576284
GB,140,0.9930513375594541
GB,140,0.9951665596649449
GB,140,0.9844865654169287
GB,140,0.9870493315847034
GB,140,0.9930820224959267
GB,140,0.9878304660604154
GB,140,0.9881294747149691
SVR,140,0.9899911090464221
SVR,140,0.9889454946970349
SVR,140,0.99242036991955
SVR,140,0.986756480108668
SVR,140,0.9892726170567383
SVR,140,0.9947279260711542
SVR,140,0.9900129189643836
SVR,140,0.990570394029674
SVR,140,0.9899588480570369
SVR,140,0.9870181992791296
SVR,140,0.9878285022630542
SVR,140,0.9854509750073879
SVR,140,0.9871195896851443
SVR,140,0.987980400823484
SVR,140,0.9879906035980821
SVR,140,0.988590569564699
SVR,140,0.9896666760614796
SVR,140,0.9892613403588074
SVR,140,0.9870070745667081
SVR,140,0.9801921637016301
BRR,140,0.9961966677029394
BRR,140,0.9933221352251866
BRR,140,0.9951494129475408
BRR,140,0.9929475638144533
BRR,140,0.9941253529815733
BRR,140,0.9954685956997557
BRR,140,0.9945025025574483
BRR,140,0.9928356280193182
BRR,140,0.9946253186567053
BRR,140,0.9943970164960674
BRR,140,0.993565326676969
BRR,140,0.9940504761282678
BRR,140,0.9911547781853963
BRR,140,0.9963863540683816
BRR,140,0.9927383460204788
BRR,140,0.9955333247366353
BRR,140,0.9926260580533175
BRR,140,0.9950238462564244
BRR,140,0.9918797056525979
BRR,140,0.992550415280242
AB,140,0.9820542173155835
AB,140,0.9733449199547096
AB,140,0.9869458027395339
AB,140,0.9843987281649083
AB,140,0.9853152256102942
AB,140,0.9894705064060143
AB,140,0.9868887660319057
AB,140,0.9856060000993736
AB,140,0.97620217843735
AB,140,0.9786020111611345
AB,140,0.9818886218576184
AB,140,0.9894236959759592
AB,140,0.9810885352537709
AB,140,0.9835405145503107
AB,140,0.985824793397443
AB,140,0.9691301415253047
AB,140,0.9781694113030553
AB,140,0.9870066188723239
AB,140,0.981211231038675
AB,140,0.9725592099874147
LASSO,140,0.9961380304804589
LASSO,140,0.993412000431386
LASSO,140,0.9953422227822514
LASSO,140,0.9922833833945177
LASSO,140,0.9951688646927949
LASSO,140,0.9941586951474423
LASSO,140,0.989397647037757
LASSO,140,0.9932209809966873
LASSO,140,0.9895412007326325
LASSO,140,0.9944603400006405
LASSO,140,0.9932507950922905
LASSO,140,0.9946728741388149
LASSO,140,0.9916359057841992
LASSO,140,0.9966115011935939
LASSO,140,0.9932431407822847
LASSO,140,0.9951781459922623
LASSO,140,0.993387880457497
LASSO,140,0.9922044791904834
LASSO,140,0.9924695251531733
LASSO,140,0.9934104452324549
Layer 1,50,0.9884480259797123
Layer 1,50,0.9944685672079501
Layer 1,50,0.9923233355353624
Layer 1,50,0.994203882894791
Layer 1,50,0.9939349731357889
Layer 1,50,0.9897351848049025
Layer 1,50,0.9892616189520029
Layer 1,50,0.9934998366835742
Layer 1,50,0.9941117887271677
Layer 1,50,0.9916169319729329
Layer 1,50,0.9907166751187575
Layer 1,50,0.9936984476263976
Layer 1,50,0.9931350217948861
Layer 1,50,0.992274801989128
Layer 1,50,0.9906303088772399
Layer 1,50,0.9936415501422491
Layer 1,50,0.9947303493560575
Layer 1,50,0.9946317054584011
Layer 1,50,0.9923249856706964
Layer 1,50,0.9924396357590071
Layer 2,50,0.9948650866073183
Layer 2,50,0.9954861908153368
Layer 2,50,0.9950233034941617
Layer 2,50,0.996226089416839
Layer 2,50,0.9964064514260962
Layer 2,50,0.9939193208088546
Layer 2,50,0.9913279326724972
Layer 2,50,0.9976316418829083
Layer 2,50,0.9941100238690969
Layer 2,50,0.9943137697176623
Layer 2,50,0.992222374903239
Layer 2,50,0.995566642708762
Layer 2,50,0.9945672934079464
Layer 2,50,0.9955760807856187
Layer 2,50,0.9934243663115072
Layer 2,50,0.995785977973243
Layer 2,50,0.9970931961325222
Layer 2,50,0.997662295086856
Layer 2,50,0.9943495621963614
Layer 2,50,0.9962284321959096
Layer 3,50,0.9928146683061998
Layer 3,50,0.9969226842281591
Layer 3,50,0.9956190486746299
Layer 3,50,0.9971209036013
Layer 3,50,0.9972561878386006
Layer 3,50,0.9920586190626782
Layer 3,50,0.9960336303164199
Layer 3,50,0.9974167467705883
Layer 3,50,0.9932583239776185
Layer 3,50,0.9960818211404805
Layer 3,50,0.9954182604268402
Layer 3,50,0.9945053219356623
Layer 3,50,0.9955611978660627
Layer 3,50,0.9960070865020269
Layer 3,50,0.9928648538906277
Layer 3,50,0.9960426057134549
Layer 3,50,0.997105218091299
Layer 3,50,0.9971883898023295
Layer 3,50,0.9956330517578539
Layer 3,50,0.9954943301127438
Layer 4,50,0.9884480259797123
Layer 4,50,0.9944685672079501
Layer 4,50,0.9956190486746299
Layer 4,50,0.994203882894791
Layer 4,50,0.9939349731357889
Layer 4,50,0.9897351848049025
Layer 4,50,0.9892616189520029
Layer 4,50,0.9934998366835742
Layer 4,50,0.9941117887271677
Layer 4,50,0.9916169319729329
Layer 4,50,0.9907166751187575
Layer 4,50,0.9945053219356623
Layer 4,50,0.9931350217948861
Layer 4,50,0.992274801989128
Layer 4,50,0.9906303088772399
Layer 4,50,0.9960426057134549
Layer 4,50,0.9947303493560575
Layer 4,50,0.9971883898023295
Layer 4,50,0.9923249856706964
Layer 4,50,0.9924396357590071
GB,50,0.969275465098234
GB,50,0.9865931262116431
GB,50,0.9819460473299585
GB,50,0.9862830263704434
GB,50,0.982373009521578
GB,50,0.9724119211117686
GB,50,0.9765303030916868
GB,50,0.9775921463265409
GB,50,0.9792401520512686
GB,50,0.9875351853478587
GB,50,0.9533854208991099
GB,50,0.9853513699392316
GB,50,0.9761779019870028
GB,50,0.9805635949276224
GB,50,0.9550057945447255
GB,50,0.9809184073716717
GB,50,0.969807287455938
GB,50,0.9863631425343842
GB,50,0.9776705144157183
GB,50,0.9831001211466472
SVR,50,0.9413884116455364
SVR,50,0.9306017548718291
SVR,50,0.9250111670061778
SVR,50,0.9366543605062727
SVR,50,0.9487991361835146
SVR,50,0.9704606127938304
SVR,50,0.939555240308708
SVR,50,0.9708793383081462
SVR,50,0.9531187558446048
SVR,50,0.9565099644570001
SVR,50,0.9193745756169447
SVR,50,0.9359883077165766
SVR,50,0.9467815136033947
SVR,50,0.95750312987787
SVR,50,0.9461708000241825
SVR,50,0.9329324895981801
SVR,50,0.9666492641012476
SVR,50,0.9386911242517613
SVR,50,0.9161180333342002
SVR,50,0.8998817369704808
BRR,50,0.9884480259797123
BRR,50,0.9944685672079501
BRR,50,0.9923233355353624
BRR,50,0.994203882894791
BRR,50,0.9939349731357889
BRR,50,0.9897351848049025
BRR,50,0.9892616189520029
BRR,50,0.9934998366835742
BRR,50,0.9941117887271677
BRR,50,0.9916169319729329
BRR,50,0.9907166751187575
BRR,50,0.9936984476263976
BRR,50,0.9931350217948861
BRR,50,0.992274801989128
BRR,50,0.9906303088772399
BRR,50,0.9936415501422491
BRR,50,0.9947303493560575
BRR,50,0.9946317054584011
BRR,50,0.9923249856706964
BRR,50,0.9924396357590071
AB,50,0.961996251003862
AB,50,0.9802870982342469
AB,50,0.9639330857357729
AB,50,0.9662852725021593
AB,50,0.9731477152739891
AB,50,0.9657350382523798
AB,50,0.9489114500927656
AB,50,0.9690634057469218
AB,50,0.9676319776276305
AB,50,0.9729006635525266
AB,50,0.9428113902124866
AB,50,0.9664816775402891
AB,50,0.9678964321889065
AB,50,0.9814350029659401
AB,50,0.9403954794992151
AB,50,0.9735792328561057
AB,50,0.9551821984751598
AB,50,0.9755541644615648
AB,50,0.9620914859316196
AB,50,0.9706539231533959
LASSO,50,0.9904159498324079
LASSO,50,0.9939439557310261
LASSO,50,0.9905618336371644
LASSO,50,0.9940621649699861
LASSO,50,0.9928425970552803
LASSO,50,0.9834116400946469
LASSO,50,0.990082617065579
LASSO,50,0.9929621503393878
LASSO,50,0.9899845856209388
LASSO,50,0.9918611806638518
LASSO,50,0.9923459421218938
LASSO,50,0.9921875051888185
LASSO,50,0.9925399198676652
LASSO,50,0.9904877192985722
LASSO,50,0.9923052665334702
LASSO,50,0.9936295661172622
LASSO,50,0.9953081641252077
LASSO,50,0.9941505938424415
LASSO,50,0.9941783634257717
LASSO,50,0.9935477564507138
Layer 1,120,0.9942885843662475
Layer 1,120,0.9920614499899476
Layer 1,120,0.9936649325848914
Layer 1,120,0.9944037722275977
Layer 1,120,0.9957802674562639
Layer 1,120,0.9964037645882637
Layer 1,120,0.9933891335455003
Layer 1,120,0.9948069177316241
Layer 1,120,0.9935418007121588
Layer 1,120,0.9930460883163336
Layer 1,120,0.9955811820315331
Layer 1,120,0.9924851985817387
Layer 1,120,0.9945375326988259
Layer 1,120,0.9929604982354082
Layer 1,120,0.9961499992291392
Layer 1,120,0.9931462371483811
Layer 1,120,0.9935729529042472
Layer 1,120,0.9934777841024308
Layer 1,120,0.9940228032094336
Layer 1,120,0.9926929784987685
Layer 2,120,0.9984885701143305
Layer 2,120,0.9942861647239578
Layer 2,120,0.9973641821091843
Layer 2,120,0.9978288334385839
Layer 2,120,0.9968585620515494
Layer 2,120,0.9986669199666388
Layer 2,120,0.9975977130934135
Layer 2,120,0.9952806750442769
Layer 2,120,0.9965195958810842
Layer 2,120,0.9970044123543955
Layer 2,120,0.998237424286097
Layer 2,120,0.9974399269162731
Layer 2,120,0.9964525072979887
Layer 2,120,0.9956995476740622
Layer 2,120,0.9982388587696648
Layer 2,120,0.9972301495854723
Layer 2,120,0.9954546486921336
Layer 2,120,0.9963755874529312
Layer 2,120,0.9970681419460095
Layer 2,120,0.9972644976198708
Layer 3,120,0.9981750164359967
Layer 3,120,0.9955639042179615
Layer 3,120,0.9977942537085538
Layer 3,120,0.9983108650776327
Layer 3,120,0.9975022312592329
Layer 3,120,0.9981446338663593
Layer 3,120,0.9976324948120562
Layer 3,120,0.9952702038672663
Layer 3,120,0.9972225102657865
Layer 3,120,0.997321865582193
Layer 3,120,0.9984885520787581
Layer 3,120,0.9977564193417116
Layer 3,120,0.9970266351044427
Layer 3,120,0.9959603838139748
Layer 3,120,0.9985160912845216
Layer 3,120,0.9967981534402012
Layer 3,120,0.9963557936523244
Layer 3,120,0.9964535288220884
Layer 3,120,0.9975335190027057
Layer 3,120,0.9979186984405513
Layer 4,120,0.9942885843662475
Layer 4,120,0.9920614499899476
Layer 4,120,0.9936649325848914
Layer 4,120,0.9944037722275977
Layer 4,120,0.9957802674562639
Layer 4,120,0.9964037645882637
Layer 4,120,0.9933891335455003
Layer 4,120,0.9948069177316241
Layer 4,120,0.9935418007121588
Layer 4,120,0.9930460883163336
Layer 4,120,0.9955811820315331
Layer 4,120,0.9924851985817387
Layer 4,120,0.9945375326988259
Layer 4,120,0.9929604982354082
Layer 4,120,0.9961499992291392
Layer 4,120,0.9931462371483811
Layer 4,120,0.9935729529042472
Layer 4,120,0.9934777841024308
Layer 4,120,0.9940228032094336
Layer 4,120,0.9926929784987685
GB,120,0.9949796411940756
GB,120,0.9890105001064285
GB,120,0.9914310606383383
GB,120,0.9924624132422706
GB,120,0.9820735989347086
GB,120,0.9918306150877269
GB,120,0.9895291317137105
GB,120,0.987502144377693
GB,120,0.9905287929072064
GB,120,0.9869070884196348
GB,120,0.99175058923756
GB,120,0.9920039698249
GB,120,0.9885040826290208
GB,120,0.9883188976491575
GB,120,0.9931195027348837
GB,120,0.9883669049605753
GB,120,0.9859227910375177
GB,120,0.9902535869336304
GB,120,0.9826320441669485
GB,120,0.9926929784987685
SVR,120,0.990594968555425
SVR,120,0.9847477105395275
SVR,120,0.9836523288457046
SVR,120,0.9849856913573892
SVR,120,0.9837492430330369
SVR,120,0.9827552079468831
SVR,120,0.9865201005284129
SVR,120,0.9866023001826439
SVR,120,0.9842269727731559
SVR,120,0.9909946798675868
SVR,120,0.9870701277135777
SVR,120,0.9872551391077111
SVR,120,0.9780632436652142
SVR,120,0.9853992417840421
SVR,120,0.9896507293982031
SVR,120,0.9868987317648452
SVR,120,0.9849311302531224
SVR,120,0.9872037435266515
SVR,120,0.9877513815552419
SVR,120,0.9910931583044174
BRR,120,0.9942885843662475
BRR,120,0.9920614499899476
BRR,120,0.9936649325848914
BRR,120,0.9944037722275977
BRR,120,0.9957802674562639
BRR,120,0.9964037645882637
BRR,120,0.9933891335455003
BRR,120,0.9948069177316241
BRR,120,0.9935418007121588
BRR,120,0.9930460883163336
BRR,120,0.9955811820315331
BRR,120,0.9924851985817387
BRR,120,0.9945375326988259
BRR,120,0.9929604982354082
BRR,120,0.9961499992291392
BRR,120,0.9931462371483811
BRR,120,0.9935729529042472
BRR,120,0.9934777841024308
BRR,120,0.9940228032094336
BRR,120,0.9960184888764554
AB,120,0.9829048692601667
AB,120,0.9796688140647355
AB,120,0.9827353631783904
AB,120,0.9851381825012827
AB,120,0.9753988239308002
AB,120,0.9803457047578529
AB,120,0.9777269572786872
AB,120,0.9694195714180645
AB,120,0.9801698589167305
AB,120,0.9845454428917817
AB,120,0.9902855983096271
AB,120,0.9813677361665647
AB,120,0.9778333250222078
AB,120,0.980286369410227
AB,120,0.9882376377241769
AB,120,0.9784456350114903
AB,120,0.9690543434559562
AB,120,0.9842273881744825
AB,120,0.9649434130251531
AB,120,0.9859369463041255
LASSO,120,0.9943966984055458
LASSO,120,0.9934830690683492
LASSO,120,0.9946698309804962
LASSO,120,0.991372287983567
LASSO,120,0.988135239725017
LASSO,120,0.9961454073475617
LASSO,120,0.9933707284821044
LASSO,120,0.9934773129696969
LASSO,120,0.9941880178983287
LASSO,120,0.9934163687746507
LASSO,120,0.9944873395632426
LASSO,120,0.9935665855428147
LASSO,120,0.9950233573492662
LASSO,120,0.9922859397206678
LASSO,120,0.9962750075476379
LASSO,120,0.992760185815225
LASSO,120,0.9946485099363975
LASSO,120,0.9937716993568999
LASSO,120,0.994933646778625
LASSO,120,0.9955071104715294
Layer 1,70,0.9931707581841873
Layer 1,70,0.9904915257610387
Layer 1,70,0.9952051228694101
Layer 1,70,0.9933629868167483
Layer 1,70,0.9942345357682691
Layer 1,70,0.9936702180048137
Layer 1,70,0.99452078915005
Layer 1,70,0.9936238749022532
Layer 1,70,0.9941408863368534
Layer 1,70,0.9923260610926219
Layer 1,70,0.9937035231177572
Layer 1,70,0.9932298456321984
Layer 1,70,0.9920684209456774
Layer 1,70,0.9940891947965267
Layer 1,70,0.9934474181573729
Layer 1,70,0.9940095650830436
Layer 1,70,0.9943419158076634
Layer 1,70,0.9938903918123941
Layer 1,70,0.9940133001992482
Layer 1,70,0.9930242394788802
Layer 2,70,0.9954712510450698
Layer 2,70,0.9963441789202409
Layer 2,70,0.9973156786584961
Layer 2,70,0.995045807019469
Layer 2,70,0.9969157274195858
Layer 2,70,0.9976539665750346
Layer 2,70,0.997589317190087
Layer 2,70,0.996621263964837
Layer 2,70,0.9976619278899284
Layer 2,70,0.9933655169279478
Layer 2,70,0.9951626994012605
Layer 2,70,0.9960830920844684
Layer 2,70,0.995699967219146
Layer 2,70,0.9963118023877677
Layer 2,70,0.9949391815945225
Layer 2,70,0.9949112131512381
Layer 2,70,0.9971830141578208
Layer 2,70,0.9975456953171459
Layer 2,70,0.9978713988607979
Layer 2,70,0.994201522911266
Layer 3,70,0.9935049723045428
Layer 3,70,0.9973473916966928
Layer 3,70,0.9946786016265745
Layer 3,70,0.9958516906921551
Layer 3,70,0.997491412831328
Layer 3,70,0.997599699777564
Layer 3,70,0.997921667171989
Layer 3,70,0.9974458482949577
Layer 3,70,0.9975236325131343
Layer 3,70,0.9953079372056342
Layer 3,70,0.9958638992331782
Layer 3,70,0.9958795762800197
Layer 3,70,0.9960770948721771
Layer 3,70,0.9967874315327274
Layer 3,70,0.9962432571061396
Layer 3,70,0.9955913647368999
Layer 3,70,0.9970682969621292
Layer 3,70,0.9977212074441687
Layer 3,70,0.9980972648377522
Layer 3,70,0.993518837975052
Layer 4,70,0.9935049723045428
Layer 4,70,0.9904915257610387
Layer 4,70,0.9952051228694101
Layer 4,70,0.9933629868167483
Layer 4,70,0.997491412831328
Layer 4,70,0.9936702180048137
Layer 4,70,0.99452078915005
Layer 4,70,0.9936238749022532
Layer 4,70,0.9941408863368534
Layer 4,70,0.9923260610926219
Layer 4,70,0.9937035231177572
Layer 4,70,0.9932298456321984
Layer 4,70,0.9920684209456774
Layer 4,70,0.9940891947965267
Layer 4,70,0.9934474181573729
Layer 4,70,0.9940095650830436
Layer 4,70,0.9943419158076634
Layer 4,70,0.9938903918123941
Layer 4,70,0.9940133001992482
Layer 4,70,0.9930242394788802
GB,70,0.9650960275316008
GB,70,0.9728413435778922
GB,70,0.9714150972390326
GB,70,0.9791954352736407
GB,70,0.9691648679794723
GB,70,0.9840318856511342
GB,70,0.9811168503956524
GB,70,0.9870820654826833
GB,70,0.9811482598364467
GB,70,0.9728369682514832
GB,70,0.9720462905886135
GB,70,0.979016547196501
GB,70,0.9747334161380274
GB,70,0.9810391356210024
GB,70,0.9729659442871078
GB,70,0.9827890125482921
GB,70,0.9823804634793831
GB,70,0.9804953841452887
GB,70,0.9836573167801046
GB,70,0.9736902205180185
SVR,70,0.9363703811394524
SVR,70,0.9375440703626466
SVR,70,0.9581343942950558
SVR,70,0.9569063909182158
SVR,70,0.9534128698814966
SVR,70,0.9649953497365407
SVR,70,0.946751995463575
SVR,70,0.9650814884784775
SVR,70,0.9670064882178337
SVR,70,0.9349741948366486
SVR,70,0.9557694260533864
SVR,70,0.9732587681953541
SVR,70,0.9663958615740529
SVR,70,0.9661821528336626
SVR,70,0.9438230483990688
SVR,70,0.9638806197979186
SVR,70,0.9782679786470161
SVR,70,0.9537828278496692
SVR,70,0.9717206020564089
SVR,70,0.9616832617081154
BRR,70,0.9931707581841873
BRR,70,0.9904915257610387
BRR,70,0.9952051228694101
BRR,70,0.9933629868167483
BRR,70,0.9942345357682691
BRR,70,0.9936702180048137
BRR,70,0.99452078915005
BRR,70,0.9936238749022532
BRR,70,0.9941408863368534
BRR,70,0.9923260610926219
BRR,70,0.9937035231177572
BRR,70,0.9932298456321984
BRR,70,0.9920684209456774
BRR,70,0.9940891947965267
BRR,70,0.9934474181573729
BRR,70,0.9940095650830436
BRR,70,0.9943419158076634
BRR,70,0.9938903918123941
BRR,70,0.9940133001992482
BRR,70,0.9930242394788802
AB,70,0.9534287624604223
AB,70,0.9654661811189457
AB,70,0.9644455192174398
AB,70,0.9713748377254325
AB,70,0.9658315168688679
AB,70,0.9740246737830067
AB,70,0.9798760122185642
AB,70,0.9724499656405208
AB,70,0.974789366759121
AB,70,0.9595459603999721
AB,70,0.9615215895130431
AB,70,0.9758053336877628
AB,70,0.9588752523403425
AB,70,0.9769207664433213
AB,70,0.9570943379297083
AB,70,0.9732668478665936
AB,70,0.9750206431752036
AB,70,0.9727510012088167
AB,70,0.9772234499915287
AB,70,0.9559468663094256
LASSO,70,0.9909859180638014
LASSO,70,0.993016730813558
LASSO,70,0.9958976299238039
LASSO,70,0.9912510119787028
LASSO,70,0.9932393425198957
LASSO,70,0.9929709688009002
LASSO,70,0.9943813698953974
LASSO,70,0.994420745840592
LASSO,70,0.993434390817524
LASSO,70,0.9917075001265023
LASSO,70,0.9916236252340429
LASSO,70,0.9929387161149978
LASSO,70,0.9933969643802096
LASSO,70,0.9946626428550339
LASSO,70,0.9931623168769355
LASSO,70,0.9926480220007584
LASSO,70,0.9948272025971103
LASSO,70,0.9925655317854212
LASSO,70,0.9943033661674596
LASSO,70,0.9928451973449571
Layer 1,160,0.9950158147797378
Layer 1,160,0.9936018045710504
Layer 1,160,0.9955459342594102
Layer 1,160,0.9940269144906948
Layer 1,160,0.9947675332082313
Layer 1,160,0.9938786822485831
Layer 1,160,0.9967528876104594
Layer 1,160,0.9964271669089756
Layer 1,160,0.9947999627744899
Layer 1,160,0.9970032049647115
Layer 1,160,0.9960691031547451
Layer 1,160,0.9930357545184672
Layer 1,160,0.9935352257578794
Layer 1,160,0.9944993594861751
Layer 1,160,0.9893071089316153
Layer 1,160,0.9948549740603693
Layer 1,160,0.9948914889807369
Layer 1,160,0.9955252027632251
Layer 1,160,0.9925603790768887
Layer 1,160,0.9956827853661426
Layer 2,160,0.9989931681680697
Layer 2,160,0.9973306150104992
Layer 2,160,0.9992152781620725
Layer 2,160,0.9961286369567276
Layer 2,160,0.9963943167399105
Layer 2,160,0.9982180122828568
Layer 2,160,0.9966197852458891
Layer 2,160,0.997681848395223
Layer 2,160,0.9967307632735969
Layer 2,160,0.997422383551958
Layer 2,160,0.9986180910769562
Layer 2,160,0.9983795843786867
Layer 2,160,0.9964586302688296
Layer 2,160,0.9964411414836574
Layer 2,160,0.9936914402867536
Layer 2,160,0.9991162354760745
Layer 2,160,0.9986355193400259
Layer 2,160,0.9987433329959869
Layer 2,160,0.9953683591820335
Layer 2,160,0.9982221051157811
Layer 3,160,0.9988273310470421
Layer 3,160,0.9973008376602523
Layer 3,160,0.9993232384949104
Layer 3,160,0.9960423798442337
Layer 3,160,0.9966352691586315
Layer 3,160,0.9985387157044072
Layer 3,160,0.9980153661099814
Layer 3,160,0.9975256392036479
Layer 3,160,0.9968678083107286
Layer 3,160,0.9982888561376634
Layer 3,160,0.9989107463722966
Layer 3,160,0.9986562232526222
Layer 3,160,0.9966866557209539
Layer 3,160,0.9970958537811867
Layer 3,160,0.9941703798407204
Layer 3,160,0.9989501703805996
Layer 3,160,0.9987562459144357
Layer 3,160,0.9990436151827168
Layer 3,160,0.9955743067235482
Layer 3,160,0.9982578134671014
Layer 4,160,0.9950158147797378
Layer 4,160,0.9936018045710504
Layer 4,160,0.9955459342594102
Layer 4,160,0.9940269144906948
Layer 4,160,0.9947675332082313
Layer 4,160,0.9938786822485831
Layer 4,160,0.9967528876104594
Layer 4,160,0.9964271669089756
Layer 4,160,0.9947999627744899
Layer 4,160,0.9970032049647115
Layer 4,160,0.9960691031547451
Layer 4,160,0.9930357545184672
Layer 4,160,0.9935352257578794
Layer 4,160,0.9944993594861751
Layer 4,160,0.9893071089316153
Layer 4,160,0.9948549740603693
Layer 4,160,0.9948914889807369
Layer 4,160,0.9955252027632251
Layer 4,160,0.9925603790768887
Layer 4,160,0.9956827853661426
GB,160,0.9950551209133123
GB,160,0.9961166226723159
GB,160,0.9951573479470668
GB,160,0.9926613607528275
GB,160,0.9919251784495827
GB,160,0.9914687833833141
GB,160,0.9904002358198111
GB,160,0.9836759304902994
GB,160,0.9897106344419889
GB,160,0.9924661961140055
GB,160,0.9951482257136415
GB,160,0.9934048773781992
GB,160,0.992966844180718
GB,160,0.991704305885643
GB,160,0.9859610451480898
GB,160,0.9928084539302926
GB,160,0.9945530727698848
GB,160,0.9965555979465925
GB,160,0.9861212530017893
GB,160,0.9916976264413575
SVR,160,0.9906517273012673
SVR,160,0.9895803216704402
SVR,160,0.9914729225698213
SVR,160,0.99187722158473
SVR,160,0.9848053273892341
SVR,160,0.9904108080706695
SVR,160,0.9926733501464022
SVR,160,0.984141320790616
SVR,160,0.9901948996739052
SVR,160,0.9896492471559017
SVR,160,0.9873840081868411
SVR,160,0.9899862308712368
SVR,160,0.9915952024717501
SVR,160,0.9909027928285352
SVR,160,0.9838039151489497
SVR,160,0.9864520979941781
SVR,160,0.992716245164107
SVR,160,0.992369679806216
SVR,160,0.9879790545910957
SVR,160,0.9931850439976389
BRR,160,0.9950158147797378
BRR,160,0.9936018045710504
BRR,160,0.9955459342594102
BRR,160,0.9940269144906948
BRR,160,0.9947675332082313
BRR,160,0.9938786822485831
BRR,160,0.9967528876104594
BRR,160,0.9964271669089756
BRR,160,0.9947999627744899
BRR,160,0.9970032049647115
BRR,160,0.9960691031547451
BRR,160,0.9930357545184672
BRR,160,0.9935352257578794
BRR,160,0.9944993594861751
BRR,160,0.9893071089316153
BRR,160,0.9948549740603693
BRR,160,0.9948914889807369
BRR,160,0.9955252027632251
BRR,160,0.9925603790768887
BRR,160,0.9956827853661426
AB,160,0.9887988103480086
AB,160,0.9871908689304743
AB,160,0.9861498305799469
AB,160,0.9816902696556236
AB,160,0.9838401925231703
AB,160,0.9792767832901719
AB,160,0.9751395222016328
AB,160,0.9770881901124401
AB,160,0.9816828124435337
AB,160,0.9872547332108652
AB,160,0.9885016707550394
AB,160,0.9793938484846519
AB,160,0.988612847450794
AB,160,0.9836460223299819
AB,160,0.9777214364933577
AB,160,0.9893089606919119
AB,160,0.9907041952808693
AB,160,0.9929928680709702
AB,160,0.9796772027552054
AB,160,0.9907403225004403
LASSO,160,0.9903480363654644
LASSO,160,0.9934557421384536
LASSO,160,0.9937677139264744
LASSO,160,0.9904410184692078
LASSO,160,0.9944567961803537
LASSO,160,0.9927811668268405
LASSO,160,0.9932520887812624
LASSO,160,0.9958817063735634
LASSO,160,0.9947154338085278
LASSO,160,0.9971680276501089
LASSO,160,0.996331693945878
LASSO,160,0.9926843239525209
LASSO,160,0.9933174950163157
LASSO,160,0.9943630423289922
LASSO,160,0.9892372245753743
LASSO,160,0.9927814541836084
LASSO,160,0.993250932491093
LASSO,160,0.9953642392359565
LASSO,160,0.9941463815880955
LASSO,160,0.996609214648724
Layer 1,40,0.9939574179201632
Layer 1,40,0.993133563595005
Layer 1,40,0.990791823661753
Layer 1,40,0.9937978847674283
Layer 1,40,0.985466141509318
Layer 1,40,0.9937700625156236
Layer 1,40,0.9905822570939531
Layer 1,40,0.9930939153714357
Layer 1,40,0.9931756906444681
Layer 1,40,0.9929927762771313
Layer 1,40,0.9922796871796854
Layer 1,40,0.9921831824703459
Layer 1,40,0.9918838785313497
Layer 1,40,0.9899970759185004
Layer 1,40,0.9930369590425363
Layer 1,40,0.9925689706138359
Layer 1,40,0.9920804976341636
Layer 1,40,0.9910423906517766
Layer 1,40,0.9940736464093032
Layer 1,40,0.9938463507086649
Layer 2,40,0.9940935251565333
Layer 2,40,0.9963682376298552
Layer 2,40,0.9918529413049174
Layer 2,40,0.9957957298675686
Layer 2,40,0.989039636730132
Layer 2,40,0.9947224215368189
Layer 2,40,0.9926931392013333
Layer 2,40,0.996974156173613
Layer 2,40,0.9961850192772486
Layer 2,40,0.993666155051669
Layer 2,40,0.9966236590399781
Layer 2,40,0.9926258815916817
Layer 2,40,0.9966531457208271
Layer 2,40,0.9931575354819118
Layer 2,40,0.9941501518026514
Layer 2,40,0.9938818667833713
Layer 2,40,0.9936417800972144
Layer 2,40,0.9941647852133577
Layer 2,40,0.9955650746057618
Layer 2,40,0.9923431345737086
Layer 3,40,0.9963977973111869
Layer 3,40,0.9919559278282376
Layer 3,40,0.9942340095644591
Layer 3,40,0.9912586962293322
Layer 3,40,0.9897540602853394
Layer 3,40,0.9946059639312956
Layer 3,40,0.9925977544299317
Layer 3,40,0.9952457115011242
Layer 3,40,0.9965591369520792
Layer 3,40,0.9956245006709774
Layer 3,40,0.9963688095824451
Layer 3,40,0.9890093712119338
Layer 3,40,0.9969531216115832
Layer 3,40,0.9865840495649189
Layer 3,40,0.9923809750459254
Layer 3,40,0.9910423724949096
Layer 3,40,0.9839694159558716
Layer 3,40,0.9906456040489157
Layer 3,40,0.9959995944481261
Layer 3,40,0.9963368857507784
Layer 4,40,0.9939574179201632
Layer 4,40,0.993133563595005
Layer 4,40,0.990791823661753
Layer 4,40,0.9912586962293322
Layer 4,40,0.9897540602853394
Layer 4,40,0.9937700625156236
Layer 4,40,0.9905822570939531
Layer 4,40,0.9930939153714357
Layer 4,40,0.9965591369520792
Layer 4,40,0.9929927762771313
Layer 4,40,0.9922796871796854
Layer 4,40,0.9890093712119338
Layer 4,40,0.9918838785313497
Layer 4,40,0.9899970759185004
Layer 4,40,0.9930369590425363
Layer 4,40,0.9925689706138359
Layer 4,40,0.9839694159558716
Layer 4,40,0.9910423906517766
Layer 4,40,0.9959995944481261
Layer 4,40,0.9963368857507784
GB,40,0.975578499729775
GB,40,0.97806765483398
GB,40,0.9522140574035662
GB,40,0.9549165001460429
GB,40,0.9684210314389878
GB,40,0.9349162061562403
GB,40,0.9040694118305387
GB,40,0.9618051250495047
GB,40,0.9716084462066803
GB,40,0.9603268761258561
GB,40,0.9781845539052153
GB,40,0.9644425414510225
GB,40,0.9814276272589062
GB,40,0.9232151021998861
GB,40,0.9673850772327918
GB,40,0.9718559801648425
GB,40,0.9699933669261529
GB,40,0.9591235873266535
GB,40,0.9769194473685914
GB,40,0.9758963080203378
SVR,40,0.9480093983491186
SVR,40,0.9195157820345203
SVR,40,0.927778154687465
SVR,40,0.9397502647471735
SVR,40,0.9547065431112486
SVR,40,0.9271224299748555
SVR,40,0.8983529160454319
SVR,40,0.9362625219022709
SVR,40,0.9163715430477595
SVR,40,0.928849848291726
SVR,40,0.9185427479730233
SVR,40,0.9265669867827269
SVR,40,0.9263316992395279
SVR,40,0.9267149066070234
SVR,40,0.9123648768300228
SVR,40,0.9159164006492215
SVR,40,0.9282425566307558
SVR,40,0.9292263888642229
SVR,40,0.9109521469030437
SVR,40,0.9260668504163422
BRR,40,0.9939574179201632
BRR,40,0.993133563595005
BRR,40,0.990791823661753
BRR,40,0.9937978847674283
BRR,40,0.985466141509318
BRR,40,0.9937700625156236
BRR,40,0.9905822570939531
BRR,40,0.9930939153714357
BRR,40,0.9931756906444681
BRR,40,0.9929927762771313
BRR,40,0.9922796871796854
BRR,40,0.9921831824703459
BRR,40,0.9918838785313497
BRR,40,0.9899970759185004
BRR,40,0.9930369590425363
BRR,40,0.9925689706138359
BRR,40,0.9920804976341636
BRR,40,0.9910423906517766
BRR,40,0.9940736464093032
BRR,40,0.9938463507086649
AB,40,0.9643474355003228
AB,40,0.9606369579572118
AB,40,0.9475314523073742
AB,40,0.9631466058043794
AB,40,0.9620637250216706
AB,40,0.9454119579589867
AB,40,0.9086053427412075
AB,40,0.9631726093990193
AB,40,0.9704543881013177
AB,40,0.9352090184700128
AB,40,0.9586352083735705
AB,40,0.957594287691306
AB,40,0.9678281962499956
AB,40,0.9429792464355338
AB,40,0.9470079267567368
AB,40,0.9634688957915303
AB,40,0.9532712142523068
AB,40,0.9533456913802665
AB,40,0.9704355469166348
AB,40,0.9684217455414931
LASSO,40,0.9940934608006139
LASSO,40,0.9936867916517791
LASSO,40,0.9884429159132748
LASSO,40,0.9939906003163446
LASSO,40,0.9858245477527298
LASSO,40,0.9943090847547587
LASSO,40,0.9926931097324816
LASSO,40,0.9944261915708955
LASSO,40,0.9941366345593527
LASSO,40,0.9878048678256512
LASSO,40,0.9924514611874782
LASSO,40,0.9921947115082339
LASSO,40,0.9920646896609575
LASSO,40,0.985862590941559
LASSO,40,0.9912900072510374
LASSO,40,0.9912676138916924
LASSO,40,0.9930342031008088
LASSO,40,0.9837269915655942
LASSO,40,0.9947833156777834
LASSO,40,0.9906694091191699
Layer 1,180,0.9907209687097962
Layer 1,180,0.9982048225516313
Layer 1,180,0.994044062143997
Layer 1,180,0.9937472995672156
Layer 1,180,0.9966855818760167
Layer 1,180,0.9989402972117342
Layer 1,180,0.9974713320043997
Layer 1,180,0.9942077615450903
Layer 1,180,0.9899921738461285
Layer 1,180,0.9889417963917537
Layer 1,180,0.9908260690302464
Layer 1,180,0.996617245781565
Layer 1,180,0.9970252273733164
Layer 1,180,0.9919621768179444
Layer 1,180,0.9974710543336207
Layer 1,180,0.9922588577542231
Layer 1,180,0.9965068959913526
Layer 1,180,0.993744200511629
Layer 1,180,0.9942533889882426
Layer 1,180,0.9970365859455245
Layer 2,180,0.9950106726927099
Layer 2,180,0.9989290150652699
Layer 2,180,0.994806266463478
Layer 2,180,0.9945068307353926
Layer 2,180,0.9983077521643886
Layer 2,180,0.9991262058061419
Layer 2,180,0.9981991574850424
Layer 2,180,0.9988125990058168
Layer 2,180,0.9906591840484975
Layer 2,180,0.9921626911221251
Layer 2,180,0.9952722911225236
Layer 2,180,0.9993917040211779
Layer 2,180,0.9985873293723042
Layer 2,180,0.9991566193829196
Layer 2,180,0.9985365985629366
Layer 2,180,0.9991437826863304
Layer 2,180,0.9985341308942939
Layer 2,180,0.9980989286126047
Layer 2,180,0.9973390460146552
Layer 2,180,0.9987720914416774
Layer 3,180,0.9963995230795655
Layer 3,180,0.9992530069209471
Layer 3,180,0.9953460677537174
Layer 3,180,0.9958008573563658
Layer 3,180,0.9993925972548249
Layer 3,180,0.9989522699851453
Layer 3,180,0.9984112668445514
Layer 3,180,0.9989848117514276
Layer 3,180,0.9923942926257471
Layer 3,180,0.9931585665243137
Layer 3,180,0.9961782568183593
Layer 3,180,0.9994079612249839
Layer 3,180,0.9985294425580211
Layer 3,180,0.998731562105668
Layer 3,180,0.9988576268474952
Layer 3,180,0.9992033422161983
Layer 3,180,0.9989220261603506
Layer 3,180,0.9982219340269186
Layer 3,180,0.9984094111570616
Layer 3,180,0.9992916569249611
Layer 4,180,0.9907209687097962
Layer 4,180,0.9982048225516313
Layer 4,180,0.994044062143997
Layer 4,180,0.9937472995672156
Layer 4,180,0.9966855818760167
Layer 4,180,0.9989402972117342
Layer 4,180,0.9974713320043997
Layer 4,180,0.9942077615450903
Layer 4,180,0.9899921738461285
Layer 4,180,0.9889417963917537
Layer 4,180,0.9908260690302464
Layer 4,180,0.996617245781565
Layer 4,180,0.9970252273733164
Layer 4,180,0.9919621768179444
Layer 4,180,0.9974710543336207
Layer 4,180,0.9922588577542231
Layer 4,180,0.9965068959913526
Layer 4,180,0.993744200511629
Layer 4,180,0.9942533889882426
Layer 4,180,0.9970365859455245
GB,180,0.9906912049924722
GB,180,0.9968610359636745
GB,180,0.9939640082582853
GB,180,0.9812427593372072
GB,180,0.9945077230323578
GB,180,0.9972083072102962
GB,180,0.9961545787325925
GB,180,0.9964779347221612
GB,180,0.9924624968624277
GB,180,0.9891739694126485
GB,180,0.9907153045446554
GB,180,0.9918066882053038
GB,180,0.9934865708435838
GB,180,0.9943086506656116
GB,180,0.9956667614353369
GB,180,0.9936517611634363
GB,180,0.9948807916392397
GB,180,0.9932835085505536
GB,180,0.9948305355123173
GB,180,0.9969634571691459
SVR,180,0.9852119906543094
SVR,180,0.9945466994331065
SVR,180,0.9922400546617786
SVR,180,0.9850359496499052
SVR,180,0.9903965882278185
SVR,180,0.9958419192331225
SVR,180,0.9948064008829232
SVR,180,0.995947444623765
SVR,180,0.9874025481920405
SVR,180,0.9811383813602333
SVR,180,0.9817490263073477
SVR,180,0.9940331049363857
SVR,180,0.9968554940703066
SVR,180,0.9891753597186552
SVR,180,0.9966434680488633
SVR,180,0.9914898005356885
SVR,180,0.9895644205473356
SVR,180,0.9945325462804722
SVR,180,0.9885594076107185
SVR,180,0.9968673466166772
BRR,180,0.9907209687097962
BRR,180,0.9982048225516313
BRR,180,0.994044062143997
BRR,180,0.9937472995672156
BRR,180,0.9966855818760167
BRR,180,0.9989402972117342
BRR,180,0.9974713320043997
BRR,180,0.9942077615450903
BRR,180,0.9899921738461285
BRR,180,0.9889417963917537
BRR,180,0.9908260690302464
BRR,180,0.996617245781565
BRR,180,0.9970252273733164
BRR,180,0.9919621768179444
BRR,180,0.9974710543336207
BRR,180,0.9922588577542231
BRR,180,0.9965068959913526
BRR,180,0.993744200511629
BRR,180,0.9942533889882426
BRR,180,0.9970365859455245
AB,180,0.9817472597773566
AB,180,0.9967538660853779
AB,180,0.982424671178708
AB,180,0.9781022920487461
AB,180,0.9929720129575377
AB,180,0.9926950007625124
AB,180,0.9850212289353274
AB,180,0.9896187714756915
AB,180,0.9740304992091351
AB,180,0.9857296879230983
AB,180,0.9793070010491096
AB,180,0.9878802709801943
AB,180,0.977629819625893
AB,180,0.9928868479003319
AB,180,0.9915531158644464
AB,180,0.9881232773980003
AB,180,0.9904842607754354
AB,180,0.9800713771628633
AB,180,0.981910613446636
AB,180,0.9900928349163391
LASSO,180,0.9923231439556224
LASSO,180,0.9982418972905421
LASSO,180,0.994197041863478
LASSO,180,0.9947883460852153
LASSO,180,0.9952473942060874
LASSO,180,0.9986937072960572
LASSO,180,0.9972832424777434
LASSO,180,0.9945703473191342
LASSO,180,0.9890608104151835
LASSO,180,0.9891216776020175
LASSO,180,0.9901776948578527
LASSO,180,0.9944047520449705
LASSO,180,0.9985078213578713
LASSO,180,0.9906499521122057
LASSO,180,0.9950419167155755
LASSO,180,0.9938740477093824
LASSO,180,0.9968908685292734
LASSO,180,0.9958826075126532
LASSO,180,0.993608380018421
LASSO,180,0.9984975633935064
Layer 1,130,0.9946078216881251
Layer 1,130,0.9948957269716163
Layer 1,130,0.9949525070237638
Layer 1,130,0.993923459693755
Layer 1,130,0.9951864028895048
Layer 1,130,0.9969259856302659
Layer 1,130,0.9941977747305896
Layer 1,130,0.9946104009955228
Layer 1,130,0.995077906190224
Layer 1,130,0.9937152776952822
Layer 1,130,0.9948711451358758
Layer 1,130,0.9930733323907384
Layer 1,130,0.9957213909108282
Layer 1,130,0.9944204490993708
Layer 1,130,0.9944366532301173
Layer 1,130,0.9936744089077523
Layer 1,130,0.9943848379748627
Layer 1,130,0.9948483072653319
Layer 1,130,0.9930400363703946
Layer 2,130,0.9987179798026689
Layer 2,130,0.997351177995843
Layer 2,130,0.9990383203713395
Layer 2,130,0.9964783264863083
Layer 2,130,0.997438595813651
Layer 2,130,0.9990463878362219
Layer 2,130,0.9966549056328985
Layer 2,130,0.9961555626129982
Layer 2,130,0.9975504553198922
Layer 2,130,0.9971691848891904
Layer 2,130,0.9981260191797752
Layer 2,130,0.995213025776008
Layer 2,130,0.9983362313821504
Layer 2,130,0.9980815339895134
Layer 2,130,0.9972907153861323
Layer 2,130,0.9951723584225208
Layer 2,130,0.9972001523879874
Layer 2,130,0.9975369111872177
Layer 2,130,0.9943904451601989
Layer 3,130,0.9990282191964859
Layer 3,130,0.997448069988847
Layer 3,130,0.9991317112421481
Layer 3,130,0.9975734883342715
Layer 3,130,0.9979588125502655
Layer 3,130,0.9988687026768599
Layer 3,130,0.9971536435620438
Layer 3,130,0.99716142223189
Layer 3,130,0.9976160111413581
Layer 3,130,0.9973559183503273
Layer 3,130,0.9980612531956176
Layer 3,130,0.9959049730838923
Layer 3,130,0.9983851504561628
Layer 3,130,0.9984437005463803
Layer 3,130,0.9975506781691628
Layer 3,130,0.9960856086510532
Layer 3,130,0.997901499331749
Layer 3,130,0.9980495256912867
Layer 3,130,0.9954047991069934
Layer 4,130,0.9946078216881251
Layer 4,130,0.9948957269716163
Layer 4,130,0.9949525070237638
Layer 4,130,0.993923459693755
Layer 4,130,0.9951864028895048
Layer 4,130,0.9969259856302659
Layer 4,130,0.9941977747305896
Layer 4,130,0.9946104009955228
Layer 4,130,0.995077906190224
Layer 4,130,0.9937152776952822
Layer 4,130,0.9948711451358758
Layer 4,130,0.9930733323907384
Layer 4,130,0.9957213909108282
Layer 4,130,0.9944204490993708
Layer 4,130,0.9944366532301173
Layer 4,130,0.9936744089077523
Layer 4,130,0.9943848379748627
Layer 4,130,0.9948483072653319
Layer 4,130,0.9930400363703946
GB,130,0.9934409147519481
GB,130,0.9857875701871424
GB,130,0.995734177376328
GB,130,0.9896600828542921
GB,130,0.9914465043625753
GB,130,0.9925401467017447
GB,130,0.9879288968398681
GB,130,0.9881927351263541
GB,130,0.9871704129576457
GB,130,0.9925321797684945
GB,130,0.9931317403331591
GB,130,0.9905775061616717
GB,130,0.9931530904811691
GB,130,0.9928377325261857
GB,130,0.9935263368063754
GB,130,0.9920697964413305
GB,130,0.9860264223620209
GB,130,0.989644463345942
GB,130,0.9919314335485735
SVR,130,0.9863276260956558
SVR,130,0.9860504930920585
SVR,130,0.9915214751180833
SVR,130,0.9815126327469818
SVR,130,0.9820585017129713
SVR,130,0.9854818775399674
SVR,130,0.9800139099049613
SVR,130,0.9805176722023665
SVR,130,0.9859477975634954
SVR,130,0.9908267657480185
SVR,130,0.9783197456697932
SVR,130,0.9837636800285969
SVR,130,0.9922700814206772
SVR,130,0.982306368348578
SVR,130,0.9865846379164334
SVR,130,0.9864494383059428
SVR,130,0.9857939121111211
SVR,130,0.9904320082299264
SVR,130,0.9776821484286164
BRR,130,0.9946078216881251
BRR,130,0.9948957269716163
BRR,130,0.9949525070237638
BRR,130,0.993923459693755
BRR,130,0.9951864028895048
BRR,130,0.9969259856302659
BRR,130,0.9941977747305896
BRR,130,0.9946104009955228
BRR,130,0.995077906190224
BRR,130,0.9937152776952822
BRR,130,0.9948711451358758
BRR,130,0.9930733323907384
BRR,130,0.9957213909108282
BRR,130,0.9944204490993708
BRR,130,0.9944366532301173
BRR,130,0.9936744089077523
BRR,130,0.9943848379748627
BRR,130,0.9948483072653319
BRR,130,0.9930400363703946
AB,130,0.9849071320228049
AB,130,0.9797534343739323
AB,130,0.9882575698623693
AB,130,0.9842431564952449
AB,130,0.987187651007338
AB,130,0.9859177513291743
AB,130,0.9786517279218082
AB,130,0.9842933815011281
AB,130,0.9769438564113924
AB,130,0.9814645035686637
AB,130,0.9798504635165652
AB,130,0.980950499180085
AB,130,0.986052000493965
AB,130,0.9885328070544744
AB,130,0.9836653976819649
AB,130,0.9824694563557053
AB,130,0.9723406123936502
AB,130,0.97734830141034
AB,130,0.9789099690841089
LASSO,130,0.9947446473814008
LASSO,130,0.992501461327665
LASSO,130,0.995233760067372
LASSO,130,0.9947175294018105
LASSO,130,0.9960416917396967
LASSO,130,0.9970799482082363
LASSO,130,0.9925331242139994
LASSO,130,0.9940301352726115
LASSO,130,0.9954526072719821
LASSO,130,0.9914097299166826
LASSO,130,0.9919190259419867
LASSO,130,0.9934393786700602
LASSO,130,0.9961945852262377
LASSO,130,0.9944315410303666
LASSO,130,0.9936359048064651
LASSO,130,0.9921105378758549
LASSO,130,0.9949728354820104
LASSO,130,0.9946486661508385
LASSO,130,0.9882981665630647
Layer 1,190,0.995870536441073
Layer 1,190,0.9981097968999664
Layer 1,190,0.9965817690484577
Layer 1,190,0.9976541664030318
Layer 1,190,0.9930814059679347
Layer 1,190,0.9965648662669697
Layer 1,190,0.9901425294891365
Layer 1,190,0.998481929807506
Layer 1,190,0.980158168185994
Layer 1,190,0.9977508843762206
Layer 1,190,0.9937612988329825
Layer 1,190,0.9902491792885035
Layer 1,190,0.995864406648227
Layer 1,190,0.9946019358583577
Layer 1,190,0.991644276172089
Layer 1,190,0.997727819065674
Layer 1,190,0.9937028512166651
Layer 1,190,0.9971759020964415
Layer 1,190,0.9897214065307811
Layer 1,190,0.9984336929023789
Layer 2,190,0.9987629895357009
Layer 2,190,0.9984378809256085
Layer 2,190,0.9991205422994928
Layer 2,190,0.9980577211995818
Layer 2,190,0.9981032379149835
Layer 2,190,0.9968569036344588
Layer 2,190,0.9933368369109288
Layer 2,190,0.9985957606007084
Layer 2,190,0.9816015694249715
Layer 2,190,0.9975645142704961
Layer 2,190,0.9948129487629486
Layer 2,190,0.9991200237912754
Layer 2,190,0.9978719339635251
Layer 2,190,0.9977254164155994
Layer 2,190,0.9925958766593465
Layer 2,190,0.9989769342593869
Layer 2,190,0.9976994338715847
Layer 2,190,0.9995844706178407
Layer 2,190,0.9930720586100557
Layer 2,190,0.9996355957990566
Layer 3,190,0.9985276563982771
Layer 3,190,0.9992726617403065
Layer 3,190,0.9990792861748822
Layer 3,190,0.9977469299768265
Layer 3,190,0.9989661483779015
Layer 3,190,0.9978795071596197
Layer 3,190,0.9944304337934151
Layer 3,190,0.9989476798197332
Layer 3,190,0.9830841537886373
Layer 3,190,0.9977861267611154
Layer 3,190,0.9950491424910002
Layer 3,190,0.9991728931204762
Layer 3,190,0.9968790000016479
Layer 3,190,0.997682426763921
Layer 3,190,0.9964214669911092
Layer 3,190,0.9993693123572673
Layer 3,190,0.9986195469663703
Layer 3,190,0.9996170697747431
Layer 3,190,0.9931429465925836
Layer 3,190,0.9991097398703254
Layer 4,190,0.995870536441073
Layer 4,190,0.9981097968999664
Layer 4,190,0.9965817690484577
Layer 4,190,0.9976541664030318
Layer 4,190,0.9930814059679347
Layer 4,190,0.9965648662669697
Layer 4,190,0.9901425294891365
Layer 4,190,0.998481929807506
Layer 4,190,0.980158168185994
Layer 4,190,0.9977508843762206
Layer 4,190,0.9937612988329825
Layer 4,190,0.9902491792885035
Layer 4,190,0.995864406648227
Layer 4,190,0.9946019358583577
Layer 4,190,0.991644276172089
Layer 4,190,0.997727819065674
Layer 4,190,0.9937028512166651
Layer 4,190,0.9971759020964415
Layer 4,190,0.9897214065307811
Layer 4,190,0.9984336929023789
GB,190,0.9942605853437656
GB,190,0.9958987925972338
GB,190,0.9968455675673344
GB,190,0.9896189246915159
GB,190,0.99825660348188
GB,190,0.9922891433043759
GB,190,0.9935781615311783
GB,190,0.9978859228871375
GB,190,0.9742211023609916
GB,190,0.992211487873198
GB,190,0.9869396903374714
GB,190,0.9947652146060929
GB,190,0.9837795334934609
GB,190,0.9933250706817587
GB,190,0.9887350316330206
GB,190,0.9956149853638563
GB,190,0.9895199156537556
GB,190,0.9986287849067198
GB,190,0.9666053382152129
GB,190,0.9920015573523218
SVR,190,0.9933299349428084
SVR,190,0.9931521887299288
SVR,190,0.9962091880233732
SVR,190,0.9937650618774545
SVR,190,0.9929526900369096
SVR,190,0.9916608455179842
SVR,190,0.9864373436046653
SVR,190,0.9964809693553343
SVR,190,0.9771226197022077
SVR,190,0.9971467672155065
SVR,190,0.9913761878886295
SVR,190,0.989148644978845
SVR,190,0.9878994816243403
SVR,190,0.9901868971433342
SVR,190,0.9808695763552825
SVR,190,0.9938558981681783
SVR,190,0.9902519489500949
SVR,190,0.9956468209771414
SVR,190,0.9776993926935074
SVR,190,0.9974375817787193
BRR,190,0.995870536441073
BRR,190,0.9981097968999664
BRR,190,0.9965817690484577
BRR,190,0.9976541664030318
BRR,190,0.9930814059679347
BRR,190,0.9965648662669697
BRR,190,0.9901425294891365
BRR,190,0.998481929807506
BRR,190,0.980158168185994
BRR,190,0.9977508843762206
BRR,190,0.9937612988329825
BRR,190,0.9902491792885035
BRR,190,0.995864406648227
BRR,190,0.9946019358583577
BRR,190,0.991644276172089
BRR,190,0.997727819065674
BRR,190,0.9937028512166651
BRR,190,0.9971759020964415
BRR,190,0.9897214065307811
BRR,190,0.9984336929023789
AB,190,0.9780774334353182
AB,190,0.9928830057954336
AB,190,0.9927696211658499
AB,190,0.9793953807273674
AB,190,0.9919639648437186
AB,190,0.980742128783795
AB,190,0.9948228949150262
AB,190,0.9927555443964446
AB,190,0.9828321983056401
AB,190,0.9899731045496719
AB,190,0.9600528221964506
AB,190,0.9698740380956695
AB,190,0.9690644555679885
AB,190,0.9803236336751056
AB,190,0.9800967564500982
AB,190,0.9897035035404007
AB,190,0.9916632631291977
AB,190,0.9973839223741217
AB,190,0.9736815095081839
AB,190,0.9936886290238842
LASSO,190,0.995133123394258
LASSO,190,0.9975095226167212
LASSO,190,0.9964462675374777
LASSO,190,0.9977184536535209
LASSO,190,0.9931765186515099
LASSO,190,0.9971036261300648
LASSO,190,0.9905940938187416
LASSO,190,0.9985590946932752
LASSO,190,0.9816441985418891
LASSO,190,0.9976014147236122
LASSO,190,0.991880144013904
LASSO,190,0.9824517372973474
LASSO,190,0.9961380208290418
LASSO,190,0.9957542482891916
LASSO,190,0.9922326842413028
LASSO,190,0.9975030568905237
LASSO,190,0.9928078939465292
LASSO,190,0.997115219188494
LASSO,190,0.992542371131101
LASSO,190,0.9988246833308856
Layer 1,80,0.9928421814431871
Layer 1,80,0.9918424211722109
Layer 1,80,0.9945758784010951
Layer 1,80,0.9935384615122381
Layer 1,80,0.9944149145326497
Layer 1,80,0.9945562424866324
Layer 1,80,0.9923655068219611
Layer 1,80,0.9938698000088989
Layer 1,80,0.9935608466277789
Layer 1,80,0.9941756437343845
Layer 1,80,0.9919632204266596
Layer 1,80,0.9953997975400031
Layer 1,80,0.9928478057291383
Layer 1,80,0.9944913608086974
Layer 1,80,0.9940251231589242
Layer 1,80,0.9948372535471856
Layer 1,80,0.9942576316099706
Layer 1,80,0.9934904932867308
Layer 1,80,0.9941843349359688
Layer 1,80,0.9932532902962192
Layer 2,80,0.9962456997109206
Layer 2,80,0.9939267907960067
Layer 2,80,0.9974184573342862
Layer 2,80,0.997755327908437
Layer 2,80,0.9969298604447219
Layer 2,80,0.9968970805389985
Layer 2,80,0.9943093579714418
Layer 2,80,0.9956985784997199
Layer 2,80,0.9969950482111775
Layer 2,80,0.997847828253767
Layer 2,80,0.9956135447517985
Layer 2,80,0.9977275126291122
Layer 2,80,0.9941565599943971
Layer 2,80,0.9966023342666531
Layer 2,80,0.9976676002336404
Layer 2,80,0.9988175146946076
Layer 2,80,0.995725649702518
Layer 2,80,0.997396238570148
Layer 2,80,0.9976489527165581
Layer 2,80,0.9947736237046425
Layer 3,80,0.995617064397866
Layer 3,80,0.9950241028871855
Layer 3,80,0.9978621855685246
Layer 3,80,0.9973055104426856
Layer 3,80,0.9965071538118899
Layer 3,80,0.9973647156711574
Layer 3,80,0.993153336884065
Layer 3,80,0.9959471478073116
Layer 3,80,0.9977019586956198
Layer 3,80,0.9977164971894167
Layer 3,80,0.9964615865669078
Layer 3,80,0.9965786778833771
Layer 3,80,0.9960348427097871
Layer 3,80,0.9975249261953214
Layer 3,80,0.998005288775949
Layer 3,80,0.9988156930094876
Layer 3,80,0.9965568748031803
Layer 3,80,0.9977864555609213
Layer 3,80,0.9972591584381445
Layer 3,80,0.9957523418158143
Layer 4,80,0.995617064397866
Layer 4,80,0.9918424211722109
Layer 4,80,0.9945758784010951
Layer 4,80,0.9935384615122381
Layer 4,80,0.9944149145326497
Layer 4,80,0.9945562424866324
Layer 4,80,0.9923655068219611
Layer 4,80,0.9938698000088989
Layer 4,80,0.9935608466277789
Layer 4,80,0.9941756437343845
Layer 4,80,0.9919632204266596
Layer 4,80,0.9953997975400031
Layer 4,80,0.9928478057291383
Layer 4,80,0.9944913608086974
Layer 4,80,0.9940251231589242
Layer 4,80,0.9948372535471856
Layer 4,80,0.9942576316099706
Layer 4,80,0.9934904932867308
Layer 4,80,0.9941843349359688
Layer 4,80,0.9932532902962192
GB,80,0.9794764634265751
GB,80,0.9753420733642124
GB,80,0.987171568074431
GB,80,0.9910124693923823
GB,80,0.9846713908751876
GB,80,0.9859953698044291
GB,80,0.9706987036748512
GB,80,0.9874195886698003
GB,80,0.9906379586158841
GB,80,0.9860472608782849
GB,80,0.9703189900365365
GB,80,0.9889757392500471
GB,80,0.985559859455409
GB,80,0.9886828999271193
GB,80,0.9713001835711674
GB,80,0.9873894394534921
GB,80,0.9823186007497995
GB,80,0.9863620831108411
GB,80,0.9855158034089953
GB,80,0.9633543835569593
SVR,80,0.9638303702192983
SVR,80,0.9798901859460567
SVR,80,0.9589280078750977
SVR,80,0.9484515127484477
SVR,80,0.9732976527180701
SVR,80,0.9629319062353465
SVR,80,0.9648866947417186
SVR,80,0.9711216321398385
SVR,80,0.9619284096711278
SVR,80,0.9754632106342981
SVR,80,0.9674823188007966
SVR,80,0.9804429653079761
SVR,80,0.9740411689574362
SVR,80,0.972431765848665
SVR,80,0.9828624492364123
SVR,80,0.9596601054609989
SVR,80,0.9600443981757605
SVR,80,0.9807438935287367
SVR,80,0.9736193441203796
SVR,80,0.9633078724351973
BRR,80,0.9928421814431871
BRR,80,0.9918424211722109
BRR,80,0.9945758784010951
BRR,80,0.9935384615122381
BRR,80,0.9944149145326497
BRR,80,0.9945562424866324
BRR,80,0.9923655068219611
BRR,80,0.9938698000088989
BRR,80,0.9935608466277789
BRR,80,0.9941756437343845
BRR,80,0.9919632204266596
BRR,80,0.9953997975400031
BRR,80,0.9928478057291383
BRR,80,0.9944913608086974
BRR,80,0.9940251231589242
BRR,80,0.9948372535471856
BRR,80,0.9942576316099706
BRR,80,0.9934904932867308
BRR,80,0.9941843349359688
BRR,80,0.9932532902962192
AB,80,0.9620025550820448
AB,80,0.9655698181958499
AB,80,0.9741521590068388
AB,80,0.9852673339431826
AB,80,0.9788309836172102
AB,80,0.9806225902955843
AB,80,0.9567559551478876
AB,80,0.9785506854592487
AB,80,0.9802759993416993
AB,80,0.976761992783745
AB,80,0.9663434214727248
AB,80,0.9743922381861698
AB,80,0.9805872590201183
AB,80,0.9806142461853864
AB,80,0.9713934874507835
AB,80,0.9835837117592886
AB,80,0.9642788440962933
AB,80,0.9770643188624943
AB,80,0.9768348148050152
AB,80,0.9504271194944816
LASSO,80,0.990207746794589
LASSO,80,0.9916408884699931
LASSO,80,0.9952005855259365
LASSO,80,0.9937576086973502
LASSO,80,0.9949538108593596
LASSO,80,0.9937987272252201
LASSO,80,0.9930236800795422
LASSO,80,0.9943583393399322
LASSO,80,0.9938974569814965
LASSO,80,0.9940894542865406
LASSO,80,0.9921372316991892
LASSO,80,0.9943280839170257
LASSO,80,0.9928317144381973
LASSO,80,0.9956542236636758
LASSO,80,0.995096747233337
LASSO,80,0.9950427196144405
LASSO,80,0.9944529818668596
LASSO,80,0.9922336441205325
LASSO,80,0.9908671818502592
LASSO,80,0.993865430326522
