experiment,number_repetitions,algo,number_train,perf
Aicheler,r1,Layer 1,20,0.035170569994326974
Aicheler,r1,Layer 2,20,0.030452958593761223
Aicheler,r1,Layer 3,20,0.04750172787650643
Aicheler,r1,l4,20,0.030452958593761223
Aicheler,r1,GB,20,0.058421325338059577
Aicheler,r1,SVR,20,0.1261236138508906
Aicheler,r1,BRR,20,0.035170569994326974
Aicheler,r1,LASSO,20,0.031242922629544728
Aicheler,r1,AB,20,0.06098747568856264
MTBLS20,r1,Layer 1,20,0.1613001359083296
MTBLS20,r1,Layer 2,20,0.19128728915735516
MTBLS20,r1,Layer 3,20,0.10827271347517406
MTBLS20,r1,l4,20,0.19128728915735516
MTBLS20,r1,GB,20,0.1320902314679376
MTBLS20,r1,SVR,20,0.17754335592058468
MTBLS20,r1,BRR,20,0.1613001359083296
MTBLS20,r1,LASSO,20,0.15917513442890716
MTBLS20,r1,AB,20,0.13665874156175875
RIKEN,r2,Layer 1,40,0.1327222373298691
RIKEN,r2,Layer 2,40,0.12215838315190794
RIKEN,r2,Layer 3,40,0.09552376750370442
RIKEN,r2,l4,40,0.09552376750370442
RIKEN,r2,GB,40,0.1327222373298691
RIKEN,r2,SVR,40,0.2193481933929381
RIKEN,r2,BRR,40,0.17178569465225255
RIKEN,r2,LASSO,40,0.16494811558136047
RIKEN,r2,AB,40,0.12471408310154324
Krauss,r3,Layer 1,20,0.10013997434365629
Krauss,r3,Layer 2,20,0.11028445089792398
Krauss,r3,Layer 3,20,0.1043844578351152
Krauss,r3,l4,20,0.10013997434365629
Krauss,r3,GB,20,0.10013997434365629
Krauss,r3,SVR,20,0.11243173443520654
Krauss,r3,BRR,20,0.10736237037700516
Krauss,r3,LASSO,20,0.10191103866498712
Krauss,r3,AB,20,0.09185606060606061
Stravs_22,r4,Layer 1,40,0.10195229248181278
Stravs_22,r4,Layer 2,40,0.08788611676823328
Stravs_22,r4,Layer 3,40,0.09216617366581134
Stravs_22,r4,l4,40,0.09216617366581134
Stravs_22,r4,GB,40,0.12462048267375583
Stravs_22,r4,SVR,40,0.13906472671756287
Stravs_22,r4,BRR,40,0.10195229248181278
Stravs_22,r4,LASSO,40,0.1468000601047236
Stravs_22,r4,AB,40,0.1116564435837835
Stravs_22,r2,Layer 1,60,0.1022860663411004
Stravs_22,r2,Layer 2,60,0.0759049340823435
Stravs_22,r2,Layer 3,60,0.07678873761573293
Stravs_22,r2,l4,60,0.07678873761573293
Stravs_22,r2,GB,60,0.0855847740016743
Stravs_22,r2,SVR,60,0.12510791465327992
Stravs_22,r2,BRR,60,0.12048929724598736
Stravs_22,r2,LASSO,60,0.13572873416550035
Stravs_22,r2,AB,60,0.1022860663411004
UniToyama_Atlantis,r1,Layer 1,20,0.06769634068437945
UniToyama_Atlantis,r1,Layer 2,20,0.10243483218498389
UniToyama_Atlantis,r1,Layer 3,20,0.08528386408565464
UniToyama_Atlantis,r1,l4,20,0.08528386408565464
UniToyama_Atlantis,r1,GB,20,0.06769634068437945
UniToyama_Atlantis,r1,SVR,20,0.10969935701366394
UniToyama_Atlantis,r1,BRR,20,0.14379821667541143
UniToyama_Atlantis,r1,LASSO,20,0.09490895736422575
UniToyama_Atlantis,r1,AB,20,0.07679192879351322
Eawag_XBridgeC18,r5,Layer 1,40,0.13121737044868595
Eawag_XBridgeC18,r5,Layer 2,40,0.08801595501136122
Eawag_XBridgeC18,r5,Layer 3,40,0.09395020140480684
Eawag_XBridgeC18,r5,l4,40,0.08801595501136122
Eawag_XBridgeC18,r5,GB,40,0.1100754548394765
Eawag_XBridgeC18,r5,SVR,40,0.13121737044868595
Eawag_XBridgeC18,r5,BRR,40,0.147400440754802
Eawag_XBridgeC18,r5,LASSO,40,0.13417727943079646
Eawag_XBridgeC18,r5,AB,40,0.1310586531925281
Beck,r1,Layer 1,60,0.07873500312932297
Beck,r1,Layer 2,60,0.07027141228091324
Beck,r1,Layer 3,60,0.0687943396022629
Beck,r1,l4,60,0.07873500312932297
Beck,r1,GB,60,0.09993513296203489
Beck,r1,SVR,60,0.10063174365243027
Beck,r1,BRR,60,0.07873500312932297
Beck,r1,LASSO,60,0.09240568384758951
Beck,r1,AB,60,0.10520998054856008
FEM_long,r2,Layer 1,20,0.10026704099976368
FEM_long,r2,Layer 2,20,0.10595249338159614
FEM_long,r2,Layer 3,20,0.08676752324514264
FEM_long,r2,l4,20,0.10595249338159614
FEM_long,r2,GB,20,0.10556651944537486
FEM_long,r2,SVR,20,0.23968115944999713
FEM_long,r2,BRR,20,0.23942570428051493
FEM_long,r2,LASSO,20,0.13961659229662501
FEM_long,r2,AB,20,0.10026704099976368
Beck,r4,Layer 1,60,0.10038376255481839
Beck,r4,Layer 2,60,0.0784571553808923
Beck,r4,Layer 3,60,0.06939751763335508
Beck,r4,l4,60,0.06939751763335508
Beck,r4,GB,60,0.09579869526302025
Beck,r4,SVR,60,0.10261495636318735
Beck,r4,BRR,60,0.09457536517026262
Beck,r4,LASSO,60,0.09845367483903457
Beck,r4,AB,60,0.10038376255481839
Taguchi_12,r4,Layer 1,100,0.046213358298142125
Taguchi_12,r4,Layer 2,100,0.04625393929763904
Taguchi_12,r4,Layer 3,100,0.03995776477170666
Taguchi_12,r4,l4,100,0.03995776477170666
Taguchi_12,r4,GB,100,0.046213358298142125
Taguchi_12,r4,SVR,100,0.15397316230893962
Taguchi_12,r4,BRR,100,0.05618637930526836
Taguchi_12,r4,LASSO,100,0.07364885187434897
Taguchi_12,r4,AB,100,0.06955925541343343
Stravs_22,r1,Layer 1,60,0.10560625357435503
Stravs_22,r1,Layer 2,60,0.07509634129444367
Stravs_22,r1,Layer 3,60,0.0825336419755908
Stravs_22,r1,l4,60,0.07509634129444367
Stravs_22,r1,GB,60,0.09336478604471743
Stravs_22,r1,SVR,60,0.13184700968236612
Stravs_22,r1,BRR,60,0.1354559785082424
Stravs_22,r1,LASSO,60,0.1231567160541712
Stravs_22,r1,AB,60,0.10560625357435503
Taguchi_12,r4,Layer 1,60,0.05174965908655609
Taguchi_12,r4,Layer 2,60,0.052379816944706725
Taguchi_12,r4,Layer 3,60,0.09771773716634666
Taguchi_12,r4,l4,60,0.09771773716634666
Taguchi_12,r4,GB,60,0.05174965908655609
Taguchi_12,r4,SVR,60,0.16173326895374612
Taguchi_12,r4,BRR,60,0.1329890469831597
Taguchi_12,r4,LASSO,60,0.0702075288021384
Taguchi_12,r4,AB,60,0.06588856159789042
Kojima,r4,Layer 1,20,0.37454199881255135
Kojima,r4,Layer 2,20,0.2117514268163033
Kojima,r4,Layer 3,20,0.17352711681244115
Kojima,r4,l4,20,0.2117514268163033
Kojima,r4,GB,20,0.18797213436389013
Kojima,r4,SVR,20,0.1738371377181393
Kojima,r4,BRR,20,0.37454199881255135
Kojima,r4,LASSO,20,0.22033878640413976
Kojima,r4,AB,20,0.1600210436988908
Eawag_XBridgeC18,r4,Layer 1,40,0.11555663829408602
Eawag_XBridgeC18,r4,Layer 2,40,0.09723349535193998
Eawag_XBridgeC18,r4,Layer 3,40,0.11757884607246677
Eawag_XBridgeC18,r4,l4,40,0.09723349535193998
Eawag_XBridgeC18,r4,GB,40,0.11555663829408602
Eawag_XBridgeC18,r4,SVR,40,0.1309116434984529
Eawag_XBridgeC18,r4,BRR,40,0.1429494003774769
Eawag_XBridgeC18,r4,LASSO,40,0.15623836635708058
Eawag_XBridgeC18,r4,AB,40,0.12783480871451636
Matsuura,r5,Layer 1,20,0.05455905444499932
Matsuura,r5,Layer 2,20,0.0782639090590839
Matsuura,r5,Layer 3,20,0.07068903732562604
Matsuura,r5,l4,20,0.05455905444499932
Matsuura,r5,GB,20,0.06860063575262945
Matsuura,r5,SVR,20,0.06924276043745488
Matsuura,r5,BRR,20,0.05688581570047472
Matsuura,r5,LASSO,20,0.04625962349960317
Matsuura,r5,AB,20,0.05455905444499932
Stravs_22,r3,Layer 1,80,0.07421242349057754
Stravs_22,r3,Layer 2,80,0.050317653767580746
Stravs_22,r3,Layer 3,80,0.04338039520998977
Stravs_22,r3,l4,80,0.04338039520998977
Stravs_22,r3,GB,80,0.07421242349057754
Stravs_22,r3,SVR,80,0.06256350059194478
Stravs_22,r3,BRR,80,0.04260381889336774
Stravs_22,r3,LASSO,80,0.07593132511855995
Stravs_22,r3,AB,80,0.043868112794653524
RIKEN,r3,Layer 1,20,0.1385723501733696
RIKEN,r3,Layer 2,20,0.12225150628064997
RIKEN,r3,Layer 3,20,0.10841221912198225
RIKEN,r3,l4,20,0.12225150628064997
RIKEN,r3,GB,20,0.1385723501733696
RIKEN,r3,SVR,20,0.20549225181817043
RIKEN,r3,BRR,20,0.23249695391274752
RIKEN,r3,LASSO,20,0.172162615130947
RIKEN,r3,AB,20,0.12008708345917643
Taguchi_12,r4,Layer 1,40,0.06772027913730749
Taguchi_12,r4,Layer 2,40,0.12267528955566503
Taguchi_12,r4,Layer 3,40,0.10780369571600927
Taguchi_12,r4,l4,40,0.10780369571600927
Taguchi_12,r4,GB,40,0.06772027913730749
Taguchi_12,r4,SVR,40,0.18539872539999322
Taguchi_12,r4,BRR,40,0.13757998343449285
Taguchi_12,r4,LASSO,40,0.1139396489884701
Taguchi_12,r4,AB,40,0.08300209606328564
Takahashi,r5,Layer 1,20,0.09122371498693763
Takahashi,r5,Layer 2,20,0.07854145529765719
Takahashi,r5,Layer 3,20,0.08669922264969275
Takahashi,r5,l4,20,0.07854145529765719
Takahashi,r5,GB,20,0.09122371498693763
Takahashi,r5,SVR,20,0.07290476526949352
Takahashi,r5,BRR,20,0.08097657956490939
Takahashi,r5,LASSO,20,0.10150379862016005
Takahashi,r5,AB,20,0.09976247900700816
Eawag_XBridgeC18,r3,Layer 1,100,0.0879086223202568
Eawag_XBridgeC18,r3,Layer 2,100,0.07882881875062427
Eawag_XBridgeC18,r3,Layer 3,100,0.08486590059145235
Eawag_XBridgeC18,r3,l4,100,0.07882881875062427
Eawag_XBridgeC18,r3,GB,100,0.0879086223202568
Eawag_XBridgeC18,r3,SVR,100,0.11700023345186367
Eawag_XBridgeC18,r3,BRR,100,0.10462848905758428
Eawag_XBridgeC18,r3,LASSO,100,0.11100458033480685
Eawag_XBridgeC18,r3,AB,100,0.08876269910661357
Stravs_22,r5,Layer 1,60,0.12407392770135887
Stravs_22,r5,Layer 2,60,0.09918598963988186
Stravs_22,r5,Layer 3,60,0.10287666956477261
Stravs_22,r5,l4,60,0.10287666956477261
Stravs_22,r5,GB,60,0.12776585126353804
Stravs_22,r5,SVR,60,0.13013575755530538
Stravs_22,r5,BRR,60,0.10986549177725166
Stravs_22,r5,LASSO,60,0.11750006353933905
Stravs_22,r5,AB,60,0.12407392770135887
Stravs_22,r4,Layer 1,80,0.057651849525259154
Stravs_22,r4,Layer 2,80,0.04481570996758715
Stravs_22,r4,Layer 3,80,0.043804302707225046
Stravs_22,r4,l4,80,0.043804302707225046
Stravs_22,r4,GB,80,0.14324852724706924
Stravs_22,r4,SVR,80,0.05968505610156475
Stravs_22,r4,BRR,80,0.057651849525259154
Stravs_22,r4,LASSO,80,0.10466482825513945
Stravs_22,r4,AB,80,0.07207853496033695
MTBLS36,r3,Layer 1,20,0.1551953884991369
MTBLS36,r3,Layer 2,20,0.24340065449182335
MTBLS36,r3,Layer 3,20,0.20611494907071395
MTBLS36,r3,l4,20,0.24340065449182335
MTBLS36,r3,GB,20,0.2538167393017805
MTBLS36,r3,SVR,20,0.1691010628084041
MTBLS36,r3,BRR,20,0.25094001431968005
MTBLS36,r3,LASSO,20,0.24841692882799823
MTBLS36,r3,AB,20,0.1551953884991369
Stravs_22,r1,Layer 1,40,0.10757274827647573
Stravs_22,r1,Layer 2,40,0.07731965640915103
Stravs_22,r1,Layer 3,40,0.07047123012523664
Stravs_22,r1,l4,40,0.07047123012523664
Stravs_22,r1,GB,40,0.10757274827647573
Stravs_22,r1,SVR,40,0.10827665883668493
Stravs_22,r1,BRR,40,0.10489360618667436
Stravs_22,r1,LASSO,40,0.13077620570834514
Stravs_22,r1,AB,40,0.08879924055096246
Otto,r5,Layer 1,20,0.13000844370123882
Otto,r5,Layer 2,20,0.12134581768408219
Otto,r5,Layer 3,20,0.1135640721414285
Otto,r5,l4,20,0.12134581768408219
Otto,r5,GB,20,0.17896466320732615
Otto,r5,SVR,20,0.2342139175257732
Otto,r5,BRR,20,0.13000844370123882
Otto,r5,LASSO,20,0.17213139116779422
Otto,r5,AB,20,0.20781646314023894
Aicheler,r5,Layer 1,100,0.019120589561719022
Aicheler,r5,Layer 2,100,0.01415800732554538
Aicheler,r5,Layer 3,100,0.012863510735239834
Aicheler,r5,l4,100,0.01415800732554538
Aicheler,r5,GB,100,0.025438286463419602
Aicheler,r5,SVR,100,0.04012550026292422
Aicheler,r5,BRR,100,0.019120589561719022
Aicheler,r5,LASSO,100,0.02209168975025542
Aicheler,r5,AB,100,0.04381583603952303
MTBLS36,r5,Layer 1,20,0.13544380639706458
MTBLS36,r5,Layer 2,20,0.17861676803616267
MTBLS36,r5,Layer 3,20,0.1703656383502707
MTBLS36,r5,l4,20,0.17861676803616267
MTBLS36,r5,GB,20,0.1997721643743486
MTBLS36,r5,SVR,20,0.22264404004796493
MTBLS36,r5,BRR,20,0.2127838590248525
MTBLS36,r5,LASSO,20,0.21130642229370872
MTBLS36,r5,AB,20,0.13544380639706458
Eawag_XBridgeC18,r2,Layer 1,40,0.1222803330961414
Eawag_XBridgeC18,r2,Layer 2,40,0.0837966564042759
Eawag_XBridgeC18,r2,Layer 3,40,0.09658553491126134
Eawag_XBridgeC18,r2,l4,40,0.09658553491126134
Eawag_XBridgeC18,r2,GB,40,0.1222803330961414
Eawag_XBridgeC18,r2,SVR,40,0.16943684450524396
Eawag_XBridgeC18,r2,BRR,40,0.10246121170348294
Eawag_XBridgeC18,r2,LASSO,40,0.12320525441377511
Eawag_XBridgeC18,r2,AB,40,0.12312108411136473
Beck,r1,Layer 1,40,0.09133740714013244
Beck,r1,Layer 2,40,0.07403173110324188
Beck,r1,Layer 3,40,0.0663950546615538
Beck,r1,l4,40,0.07403173110324188
Beck,r1,GB,40,0.09629897627819863
Beck,r1,SVR,40,0.11194210873006102
Beck,r1,BRR,40,0.10395523925349705
Beck,r1,LASSO,40,0.13480669872978462
Beck,r1,AB,40,0.09133740714013244
Krauss,r4,Layer 1,20,0.09293705208831565
Krauss,r4,Layer 2,20,0.1392905647781593
Krauss,r4,Layer 3,20,0.10796771084077854
Krauss,r4,l4,20,0.1392905647781593
Krauss,r4,GB,20,0.10571329521410393
Krauss,r4,SVR,20,0.09293705208831565
Krauss,r4,BRR,20,0.1010027162918818
Krauss,r4,LASSO,20,0.1090600199539349
Krauss,r4,AB,20,0.08177933177933175
UniToyama_Atlantis,r2,Layer 1,40,0.048163721234280754
UniToyama_Atlantis,r2,Layer 2,40,0.05876328882286668
UniToyama_Atlantis,r2,Layer 3,40,0.03980309952078852
UniToyama_Atlantis,r2,l4,40,0.03980309952078852
UniToyama_Atlantis,r2,GB,40,0.06742899545720415
UniToyama_Atlantis,r2,SVR,40,0.08687745492882812
UniToyama_Atlantis,r2,BRR,40,0.048163721234280754
UniToyama_Atlantis,r2,LASSO,40,0.08096446288750185
UniToyama_Atlantis,r2,AB,40,0.06036343637105023
Takahashi,r3,Layer 1,20,0.06640257445716412
Takahashi,r3,Layer 2,20,0.0704951040011894
Takahashi,r3,Layer 3,20,0.12407048466332474
Takahashi,r3,l4,20,0.0704951040011894
Takahashi,r3,GB,20,0.06640257445716412
Takahashi,r3,SVR,20,0.06846102108975032
Takahashi,r3,BRR,20,0.08361383176763597
Takahashi,r3,LASSO,20,0.07795329948979786
Takahashi,r3,AB,20,0.09330374809939548
Eawag_XBridgeC18,r5,Layer 1,60,0.09991201800332508
Eawag_XBridgeC18,r5,Layer 2,60,0.08135642166660732
Eawag_XBridgeC18,r5,Layer 3,60,0.08364184628740555
Eawag_XBridgeC18,r5,l4,60,0.08135642166660732
Eawag_XBridgeC18,r5,GB,60,0.09533827033537562
Eawag_XBridgeC18,r5,SVR,60,0.12315836802764407
Eawag_XBridgeC18,r5,BRR,60,0.10969995843945793
Eawag_XBridgeC18,r5,LASSO,60,0.12466320644292207
Eawag_XBridgeC18,r5,AB,60,0.09991201800332508
FEM_long,r1,Layer 1,100,0.0986078957871219
FEM_long,r1,Layer 2,100,0.09674341633454997
FEM_long,r1,Layer 3,100,0.0909480376653893
FEM_long,r1,l4,100,0.0909480376653893
FEM_long,r1,GB,100,0.0986078957871219
FEM_long,r1,SVR,100,0.17669583364724684
FEM_long,r1,BRR,100,0.1740014014981139
FEM_long,r1,LASSO,100,0.09562160651744993
FEM_long,r1,AB,100,0.1007039915904858
Aicheler,r1,Layer 1,40,0.02556303553906643
Aicheler,r1,Layer 2,40,0.02144681000991011
Aicheler,r1,Layer 3,40,0.0438853941222075
Aicheler,r1,l4,40,0.02144681000991011
Aicheler,r1,GB,40,0.040157521720824194
Aicheler,r1,SVR,40,0.07984342195487666
Aicheler,r1,BRR,40,0.02556303553906643
Aicheler,r1,LASSO,40,0.025336371536998102
Aicheler,r1,AB,40,0.0643084157542999
LIFE_old,r2,Layer 1,20,0.049816000152003916
LIFE_old,r2,Layer 2,20,0.05782425367478692
LIFE_old,r2,Layer 3,20,0.06524282618444514
LIFE_old,r2,l4,20,0.05782425367478692
LIFE_old,r2,GB,20,0.07167979092890908
LIFE_old,r2,SVR,20,0.055699988726322154
LIFE_old,r2,BRR,20,0.049816000152003916
LIFE_old,r2,LASSO,20,0.07573670385456022
LIFE_old,r2,AB,20,0.06994670688292415
Stravs_22,r4,Layer 1,20,0.17576628352490423
Stravs_22,r4,Layer 2,20,0.3799812126772388
Stravs_22,r4,Layer 3,20,0.21618238462036737
Stravs_22,r4,l4,20,0.3799812126772388
Stravs_22,r4,GB,20,0.15158925320062083
Stravs_22,r4,SVR,20,0.17576628352490423
Stravs_22,r4,BRR,20,0.20341434703098213
Stravs_22,r4,LASSO,20,0.18432832021779133
Stravs_22,r4,AB,20,0.15993000909872832
Tohge,r1,Layer 1,20,0.17084844035679234
Tohge,r1,Layer 2,20,0.12962239653177968
Tohge,r1,Layer 3,20,0.10115267739167008
Tohge,r1,l4,20,0.12962239653177968
Tohge,r1,GB,20,0.17084844035679234
Tohge,r1,SVR,20,0.19286281162892066
Tohge,r1,BRR,20,0.15433704731550457
Tohge,r1,LASSO,20,0.1472622463583277
Tohge,r1,AB,20,0.14458886468390347
UniToyama_Atlantis,r5,Layer 1,40,0.05952817792226436
UniToyama_Atlantis,r5,Layer 2,40,0.07274595366105475
UniToyama_Atlantis,r5,Layer 3,40,0.04636335790010893
UniToyama_Atlantis,r5,l4,40,0.04636335790010893
UniToyama_Atlantis,r5,GB,40,0.05952817792226436
UniToyama_Atlantis,r5,SVR,40,0.11087885006810339
UniToyama_Atlantis,r5,BRR,40,0.062200468739820124
UniToyama_Atlantis,r5,LASSO,40,0.07076518487856065
UniToyama_Atlantis,r5,AB,40,0.06555044639109235
Beck,r3,Layer 1,40,0.0975179752032634
Beck,r3,Layer 2,40,0.07664074735639446
Beck,r3,Layer 3,40,0.06853865936063633
Beck,r3,l4,40,0.07664074735639446
Beck,r3,GB,40,0.1257870672893958
Beck,r3,SVR,40,0.11659738362396724
Beck,r3,BRR,40,0.1232609876280957
Beck,r3,LASSO,40,0.12084151518851964
Beck,r3,AB,40,0.0975179752032634
Beck,r1,Layer 1,100,0.07453581076293951
Beck,r1,Layer 2,100,0.06938509186400516
Beck,r1,Layer 3,100,0.06413811654822608
Beck,r1,l4,100,0.06938509186400516
Beck,r1,GB,100,0.07453581076293951
Beck,r1,SVR,100,0.07777208033259381
Beck,r1,BRR,100,0.08116870746190288
Beck,r1,LASSO,100,0.08250713970543917
Beck,r1,AB,100,0.08369481006041904
Otto,r1,Layer 1,20,0.15147518742944782
Otto,r1,Layer 2,20,0.09758360912659611
Otto,r1,Layer 3,20,0.08665957820325135
Otto,r1,l4,20,0.09758360912659611
Otto,r1,GB,20,0.15147518742944782
Otto,r1,SVR,20,0.1858899491248692
Otto,r1,BRR,20,0.19228961714252882
Otto,r1,LASSO,20,0.16806549795741466
Otto,r1,AB,20,0.11717724929709467
Beck,r5,Layer 1,100,0.09217480108337539
Beck,r5,Layer 2,100,0.07501355811412623
Beck,r5,Layer 3,100,0.07140589710900198
Beck,r5,l4,100,0.07140589710900198
Beck,r5,GB,100,0.0932104560143956
Beck,r5,SVR,100,0.1024463331428427
Beck,r5,BRR,100,0.09217480108337539
Beck,r5,LASSO,100,0.08648388044772219
Beck,r5,AB,100,0.10046088266293633
Tohge,r2,Layer 1,40,0.16749445734022086
Tohge,r2,Layer 2,40,0.16965322295540367
Tohge,r2,Layer 3,40,0.0964633783015853
Tohge,r2,l4,40,0.0964633783015853
Tohge,r2,GB,40,0.1662989775157694
Tohge,r2,SVR,40,0.1546721949645724
Tohge,r2,BRR,40,0.10370588254219484
Tohge,r2,LASSO,40,0.09121093802487758
Tohge,r2,AB,40,0.16749445734022086
UniToyama_Atlantis,r4,Layer 1,20,0.12609354360674255
UniToyama_Atlantis,r4,Layer 2,20,0.08175179519492892
UniToyama_Atlantis,r4,Layer 3,20,0.08407070109178427
UniToyama_Atlantis,r4,l4,20,0.08175179519492892
UniToyama_Atlantis,r4,GB,20,0.12247845701937886
UniToyama_Atlantis,r4,SVR,20,0.12609354360674255
UniToyama_Atlantis,r4,BRR,20,0.08535073183363678
UniToyama_Atlantis,r4,LASSO,20,0.09221208748572234
UniToyama_Atlantis,r4,AB,20,0.09826017118387464
Nikiforos,r2,Layer 1,20,0.07899774661832754
Nikiforos,r2,Layer 2,20,0.04902761578461648
Nikiforos,r2,Layer 3,20,0.038994125451617075
Nikiforos,r2,l4,20,0.04902761578461648
Nikiforos,r2,GB,20,0.07899774661832754
Nikiforos,r2,SVR,20,0.07152997797734882
Nikiforos,r2,BRR,20,0.10152063945902567
Nikiforos,r2,LASSO,20,0.08328153172627785
Nikiforos,r2,AB,20,0.04986840233319108
FEM_long,r2,Layer 1,100,0.09079347302828918
FEM_long,r2,Layer 2,100,0.08707686680999205
FEM_long,r2,Layer 3,100,0.07154602634483671
FEM_long,r2,l4,100,0.07154602634483671
FEM_long,r2,GB,100,0.07978771919031238
FEM_long,r2,SVR,100,0.17950075537565735
FEM_long,r2,BRR,100,0.10096532121780678
FEM_long,r2,LASSO,100,0.09932821493182102
FEM_long,r2,AB,100,0.09079347302828918
RIKEN,r5,Layer 1,80,0.10624947488770001
RIKEN,r5,Layer 2,80,0.15451759678592128
RIKEN,r5,Layer 3,80,0.11392850676685222
RIKEN,r5,l4,80,0.15451759678592128
RIKEN,r5,GB,80,0.10624947488770001
RIKEN,r5,SVR,80,0.1701002694793755
RIKEN,r5,BRR,80,0.1595365103335291
RIKEN,r5,LASSO,80,0.15471423524796324
RIKEN,r5,AB,80,0.12172659134243406
Stravs_22,r2,Layer 1,80,0.11125507493515238
Stravs_22,r2,Layer 2,80,0.11550421670230028
Stravs_22,r2,Layer 3,80,0.11852946066579409
Stravs_22,r2,l4,80,0.11852946066579409
Stravs_22,r2,GB,80,0.12695588527902857
Stravs_22,r2,SVR,80,0.1451665489130192
Stravs_22,r2,BRR,80,0.11125507493515238
Stravs_22,r2,LASSO,80,0.13680070850382473
Stravs_22,r2,AB,80,0.16053233953223686
Kojima,r5,Layer 1,20,0.15202694122408464
Kojima,r5,Layer 2,20,0.1617330732552187
Kojima,r5,Layer 3,20,0.1631468594261789
Kojima,r5,l4,20,0.1617330732552187
Kojima,r5,GB,20,0.1642639936554493
Kojima,r5,SVR,20,0.18307860464794737
Kojima,r5,BRR,20,0.15202694122408464
Kojima,r5,LASSO,20,0.1300706133611021
Kojima,r5,AB,20,0.1472123884955398
UniToyama_Atlantis,r5,Layer 1,20,0.09544439188374235
UniToyama_Atlantis,r5,Layer 2,20,0.13303412428134517
UniToyama_Atlantis,r5,Layer 3,20,0.07286376843388948
UniToyama_Atlantis,r5,l4,20,0.13303412428134517
UniToyama_Atlantis,r5,GB,20,0.09544439188374235
UniToyama_Atlantis,r5,SVR,20,0.11500952756797062
UniToyama_Atlantis,r5,BRR,20,0.14585149929392358
UniToyama_Atlantis,r5,LASSO,20,0.09309830229471629
UniToyama_Atlantis,r5,AB,20,0.08840020762054464
FEM_long,r5,Layer 1,80,0.0793168740307992
FEM_long,r5,Layer 2,80,0.0752345970301849
FEM_long,r5,Layer 3,80,0.07482836222197756
FEM_long,r5,l4,80,0.07482836222197756
FEM_long,r5,GB,80,0.07196737781862188
FEM_long,r5,SVR,80,0.18993624153361946
FEM_long,r5,BRR,80,0.10612760735196823
FEM_long,r5,LASSO,80,0.08520339321860418
FEM_long,r5,AB,80,0.0793168740307992
Aicheler,r4,Layer 1,80,0.01804534647260412
Aicheler,r4,Layer 2,80,0.01239138909879014
Aicheler,r4,Layer 3,80,0.011648119591710611
Aicheler,r4,l4,80,0.01239138909879014
Aicheler,r4,GB,80,0.032389622862621044
Aicheler,r4,SVR,80,0.04678460493316781
Aicheler,r4,BRR,80,0.01804534647260412
Aicheler,r4,LASSO,80,0.016761031817259523
Aicheler,r4,AB,80,0.049233888135411324
Tohge,r2,Layer 1,20,0.1610771144412324
Tohge,r2,Layer 2,20,0.12202124933956675
Tohge,r2,Layer 3,20,0.09736346120732169
Tohge,r2,l4,20,0.09736346120732169
Tohge,r2,GB,20,0.12348302423885697
Tohge,r2,SVR,20,0.2177530013740774
Tohge,r2,BRR,20,0.1610771144412324
Tohge,r2,LASSO,20,0.11698322143860854
Tohge,r2,AB,20,0.1535220810832924
Matsuura,r5,Layer 1,40,0.06147812723597024
Matsuura,r5,Layer 2,40,0.04407330492132871
Matsuura,r5,Layer 3,40,0.05973698596784278
Matsuura,r5,l4,40,0.05973698596784278
Matsuura,r5,GB,40,0.059662459816224866
Matsuura,r5,SVR,40,0.07014215311706655
Matsuura,r5,BRR,40,0.05138165342480542
Matsuura,r5,LASSO,40,0.04013901200137943
Matsuura,r5,AB,40,0.06147812723597024
Aicheler,r2,Layer 1,100,0.020525137920234502
Aicheler,r2,Layer 2,100,0.012478487833344097
Aicheler,r2,Layer 3,100,0.013548547326127052
Aicheler,r2,l4,100,0.012478487833344097
Aicheler,r2,GB,100,0.036524042349595276
Aicheler,r2,SVR,100,0.03876249950232698
Aicheler,r2,BRR,100,0.020525137920234502
Aicheler,r2,LASSO,100,0.019063038943088816
Aicheler,r2,AB,100,0.03937729087493171
Eawag_XBridgeC18,r1,Layer 1,20,0.12510658163974808
Eawag_XBridgeC18,r1,Layer 2,20,0.12513068113752746
Eawag_XBridgeC18,r1,Layer 3,20,0.08346835704441416
Eawag_XBridgeC18,r1,l4,20,0.12510658163974808
Eawag_XBridgeC18,r1,GB,20,0.11620666279512293
Eawag_XBridgeC18,r1,SVR,20,0.1358480232334119
Eawag_XBridgeC18,r1,BRR,20,0.15173082710910946
Eawag_XBridgeC18,r1,LASSO,20,0.11008036800543149
Eawag_XBridgeC18,r1,AB,20,0.12510658163974808
Aicheler,r2,Layer 1,40,0.027642040366705707
Aicheler,r2,Layer 2,40,0.021397062508667207
Aicheler,r2,Layer 3,40,0.02278163565063711
Aicheler,r2,l4,40,0.021397062508667207
Aicheler,r2,GB,40,0.044755964511778296
Aicheler,r2,SVR,40,0.064781452805801
Aicheler,r2,BRR,40,0.027642040366705707
Aicheler,r2,LASSO,40,0.028577021035744252
Aicheler,r2,AB,40,0.06441437288998264
Beck,r4,Layer 1,80,0.0788141236142941
Beck,r4,Layer 2,80,0.06734409306985314
Beck,r4,Layer 3,80,0.06723589726775728
Beck,r4,l4,80,0.06723589726775728
Beck,r4,GB,80,0.0946168686473061
Beck,r4,SVR,80,0.08761747100359189
Beck,r4,BRR,80,0.0788141236142941
Beck,r4,LASSO,80,0.08964728352060995
Beck,r4,AB,80,0.08921857630469901
Taguchi_12,r5,Layer 1,80,0.06423395044888094
Taguchi_12,r5,Layer 2,80,0.04959881492959201
Taguchi_12,r5,Layer 3,80,0.04810215638566546
Taguchi_12,r5,l4,80,0.04810215638566546
Taguchi_12,r5,GB,80,0.05406889434559458
Taguchi_12,r5,SVR,80,0.15006730649743621
Taguchi_12,r5,BRR,80,0.06297412501592103
Taguchi_12,r5,LASSO,80,0.08259065865948012
Taguchi_12,r5,AB,80,0.06423395044888094
Beck,r5,Layer 1,60,0.09936384382571085
Beck,r5,Layer 2,60,0.07931951833267288
Beck,r5,Layer 3,60,0.07416176133377272
Beck,r5,l4,60,0.07416176133377272
Beck,r5,GB,60,0.09629665969083712
Beck,r5,SVR,60,0.0972356888763123
Beck,r5,BRR,60,0.09936384382571085
Beck,r5,LASSO,60,0.09567755618644685
Beck,r5,AB,60,0.09621319323086328
FEM_long,r3,Layer 1,80,0.0684349912661797
FEM_long,r3,Layer 2,80,0.11519170253381024
FEM_long,r3,Layer 3,80,0.06991203003989176
FEM_long,r3,l4,80,0.11519170253381024
FEM_long,r3,GB,80,0.0684349912661797
FEM_long,r3,SVR,80,0.16547316997935116
FEM_long,r3,BRR,80,0.12289325804265762
FEM_long,r3,LASSO,80,0.1369587477597127
FEM_long,r3,AB,80,0.08630252156726957
Otto,r3,Layer 1,20,0.1283508985359056
Otto,r3,Layer 2,20,0.08160309786429115
Otto,r3,Layer 3,20,0.09149728350405997
Otto,r3,l4,20,0.08160309786429115
Otto,r3,GB,20,0.12676376493526065
Otto,r3,SVR,20,0.18022196927665982
Otto,r3,BRR,20,0.1283508985359056
Otto,r3,LASSO,20,0.17683912927314474
Otto,r3,AB,20,0.13588303878252334
Matsuura,r2,Layer 1,40,0.04498562540450703
Matsuura,r2,Layer 2,40,0.02950104275355293
Matsuura,r2,Layer 3,40,0.024992422120773662
Matsuura,r2,l4,40,0.02950104275355293
Matsuura,r2,GB,40,0.05037834601579668
Matsuura,r2,SVR,40,0.042056745533920144
Matsuura,r2,BRR,40,0.04498562540450703
Matsuura,r2,LASSO,40,0.02311610911354621
Matsuura,r2,AB,40,0.04553976294482477
Eawag_XBridgeC18,r4,Layer 1,60,0.09870656372934644
Eawag_XBridgeC18,r4,Layer 2,60,0.0831667751280535
Eawag_XBridgeC18,r4,Layer 3,60,0.07866425518059006
Eawag_XBridgeC18,r4,l4,60,0.0831667751280535
Eawag_XBridgeC18,r4,GB,60,0.09870656372934644
Eawag_XBridgeC18,r4,SVR,60,0.1139597073440092
Eawag_XBridgeC18,r4,BRR,60,0.10644079514661411
Eawag_XBridgeC18,r4,LASSO,60,0.12340032704981654
Eawag_XBridgeC18,r4,AB,60,0.10796032941536772
RIKEN,r1,Layer 1,20,0.17800069890281012
RIKEN,r1,Layer 2,20,0.1301233321965952
RIKEN,r1,Layer 3,20,0.13772512734909045
RIKEN,r1,l4,20,0.13772512734909045
RIKEN,r1,GB,20,0.17800069890281012
RIKEN,r1,SVR,20,0.20246972746106756
RIKEN,r1,BRR,20,0.22114387692766502
RIKEN,r1,LASSO,20,0.21329396564390163
RIKEN,r1,AB,20,0.18681324876673708
FEM_long,r4,Layer 1,20,0.1469774821871314
FEM_long,r4,Layer 2,20,0.12388117173151021
FEM_long,r4,Layer 3,20,0.11642800471201922
FEM_long,r4,l4,20,0.12388117173151021
FEM_long,r4,GB,20,0.1571715752134886
FEM_long,r4,SVR,20,0.2566142025535312
FEM_long,r4,BRR,20,0.25781524037038955
FEM_long,r4,LASSO,20,0.16929271534884452
FEM_long,r4,AB,20,0.1469774821871314
MTBLS87,r3,Layer 1,20,0.1394832179314938
MTBLS87,r3,Layer 2,20,0.14722201600389886
MTBLS87,r3,Layer 3,20,0.12832437375764696
MTBLS87,r3,l4,20,0.14722201600389886
MTBLS87,r3,GB,20,0.10671473444732668
MTBLS87,r3,SVR,20,0.08188623678072515
MTBLS87,r3,BRR,20,0.12558901544702764
MTBLS87,r3,LASSO,20,0.13850142152707506
MTBLS87,r3,AB,20,0.1394832179314938
Stravs_22,r2,Layer 1,20,0.12629239754650265
Stravs_22,r2,Layer 2,20,0.10227731895996851
Stravs_22,r2,Layer 3,20,0.09892826751736879
Stravs_22,r2,l4,20,0.10227731895996851
Stravs_22,r2,GB,20,0.12573782568146682
Stravs_22,r2,SVR,20,0.14204194342925072
Stravs_22,r2,BRR,20,0.1612351366400344
Stravs_22,r2,LASSO,20,0.16409921110087425
Stravs_22,r2,AB,20,0.12629239754650265
Takahashi,r3,Layer 1,40,0.07641511836400913
Takahashi,r3,Layer 2,40,0.1025894072595324
Takahashi,r3,Layer 3,40,0.09373365047189836
Takahashi,r3,l4,40,0.09373365047189836
Takahashi,r3,GB,40,0.06553791900444865
Takahashi,r3,SVR,40,0.07747526535016323
Takahashi,r3,BRR,40,0.09374981618696442
Takahashi,r3,LASSO,40,0.07232929041639419
Takahashi,r3,AB,40,0.07641511836400913
LIFE_old,r1,Layer 1,20,0.04238311473272351
LIFE_old,r1,Layer 2,20,0.12510907990268397
LIFE_old,r1,Layer 3,20,0.05693464144394609
LIFE_old,r1,l4,20,0.05693464144394609
LIFE_old,r1,GB,20,0.09149674170634334
LIFE_old,r1,SVR,20,0.05939100560089509
LIFE_old,r1,BRR,20,0.04238311473272351
LIFE_old,r1,LASSO,20,0.06198607799040541
LIFE_old,r1,AB,20,0.054600178057996857
Stravs_22,r4,Layer 1,60,0.1302232319498297
Stravs_22,r4,Layer 2,60,0.09343163148424992
Stravs_22,r4,Layer 3,60,0.07441538223351737
Stravs_22,r4,l4,60,0.09343163148424992
Stravs_22,r4,GB,60,0.1302232319498297
Stravs_22,r4,SVR,60,0.14555427010915623
Stravs_22,r4,BRR,60,0.10962705912159422
Stravs_22,r4,LASSO,60,0.12647853966259784
Stravs_22,r4,AB,60,0.13967625334908557
RIKEN,r5,Layer 1,60,0.12738553827530313
RIKEN,r5,Layer 2,60,0.1273739407155809
RIKEN,r5,Layer 3,60,0.10752791711077239
RIKEN,r5,l4,60,0.1273739407155809
RIKEN,r5,GB,60,0.1279419107690603
RIKEN,r5,SVR,60,0.16424617768983568
RIKEN,r5,BRR,60,0.18222043669442822
RIKEN,r5,LASSO,60,0.16405571194398966
RIKEN,r5,AB,60,0.12738553827530313
Nikiforos,r3,Layer 1,20,0.1174749004692008
Nikiforos,r3,Layer 2,20,0.11953891380216987
Nikiforos,r3,Layer 3,20,0.11145869356937062
Nikiforos,r3,l4,20,0.11145869356937062
Nikiforos,r3,GB,20,0.125187057471238
Nikiforos,r3,SVR,20,0.1174749004692008
Nikiforos,r3,BRR,20,0.10999418124604463
Nikiforos,r3,LASSO,20,0.12924107687870715
Nikiforos,r3,AB,20,0.08223248582403511
Taguchi,r1,Layer 1,20,0.01125303236655475
Taguchi,r1,Layer 2,20,0.010884842118870908
Taguchi,r1,Layer 3,20,0.010957094708514291
Taguchi,r1,l4,20,0.01125303236655475
Taguchi,r1,GB,20,0.013625648678109097
Taguchi,r1,SVR,20,0.06488915245734438
Taguchi,r1,BRR,20,0.01125303236655475
Taguchi,r1,LASSO,20,0.011719559118169796
Taguchi,r1,AB,20,0.02073407613509127
Eawag_XBridgeC18,r2,Layer 1,20,0.12424581307825104
Eawag_XBridgeC18,r2,Layer 2,20,0.12394166958127291
Eawag_XBridgeC18,r2,Layer 3,20,0.15506052080810018
Eawag_XBridgeC18,r2,l4,20,0.12424581307825104
Eawag_XBridgeC18,r2,GB,20,0.12424581307825104
Eawag_XBridgeC18,r2,SVR,20,0.17033311913594534
Eawag_XBridgeC18,r2,BRR,20,0.16148374990544714
Eawag_XBridgeC18,r2,LASSO,20,0.1471174279849862
Eawag_XBridgeC18,r2,AB,20,0.18670006655144328
Taguchi_12,r1,Layer 1,100,0.04966301386736748
Taguchi_12,r1,Layer 2,100,0.03976306268909176
Taguchi_12,r1,Layer 3,100,0.02730900696541699
Taguchi_12,r1,l4,100,0.02730900696541699
Taguchi_12,r1,GB,100,0.04966301386736748
Taguchi_12,r1,SVR,100,0.15557319235643846
Taguchi_12,r1,BRR,100,0.11028340039948636
Taguchi_12,r1,LASSO,100,0.0549411221054049
Taguchi_12,r1,AB,100,0.06444417190344459
Taguchi,r4,Layer 1,20,0.012168709174739554
Taguchi,r4,Layer 2,20,0.01178860108084131
Taguchi,r4,Layer 3,20,0.011349214211973813
Taguchi,r4,l4,20,0.01178860108084131
Taguchi,r4,GB,20,0.012168709174739554
Taguchi,r4,SVR,20,0.060486960882166645
Taguchi,r4,BRR,20,0.01595194616476858
Taguchi,r4,LASSO,20,0.007836311766414892
Taguchi,r4,AB,20,0.018439945461968695
Eawag_XBridgeC18,r3,Layer 1,20,0.1412648461490764
Eawag_XBridgeC18,r3,Layer 2,20,0.08813365413920066
Eawag_XBridgeC18,r3,Layer 3,20,0.09180007602806757
Eawag_XBridgeC18,r3,l4,20,0.09180007602806757
Eawag_XBridgeC18,r3,GB,20,0.12534189803794932
Eawag_XBridgeC18,r3,SVR,20,0.164372131831456
Eawag_XBridgeC18,r3,BRR,20,0.14268552181749486
Eawag_XBridgeC18,r3,LASSO,20,0.14141962917808887
Eawag_XBridgeC18,r3,AB,20,0.1412648461490764
Eawag_XBridgeC18,r2,Layer 1,100,0.09433049638890129
Eawag_XBridgeC18,r2,Layer 2,100,0.08729712633120236
Eawag_XBridgeC18,r2,Layer 3,100,0.07483140115528673
Eawag_XBridgeC18,r2,l4,100,0.08729712633120236
Eawag_XBridgeC18,r2,GB,100,0.09433049638890129
Eawag_XBridgeC18,r2,SVR,100,0.10958830187361768
Eawag_XBridgeC18,r2,BRR,100,0.09461725266367797
Eawag_XBridgeC18,r2,LASSO,100,0.0999103544247518
Eawag_XBridgeC18,r2,AB,100,0.09120752543347661
FEM_long,r2,Layer 1,80,0.08541087662142362
FEM_long,r2,Layer 2,80,0.08338133017113215
FEM_long,r2,Layer 3,80,0.06045491230069739
FEM_long,r2,l4,80,0.06045491230069739
FEM_long,r2,GB,80,0.08541087662142362
FEM_long,r2,SVR,80,0.22362122452163935
FEM_long,r2,BRR,80,0.11802087815150539
FEM_long,r2,LASSO,80,0.0999687619369882
FEM_long,r2,AB,80,0.0760274267803214
FEM_long,r3,Layer 1,100,0.07792417941966254
FEM_long,r3,Layer 2,100,0.09903775860994085
FEM_long,r3,Layer 3,100,0.07615403234366168
FEM_long,r3,l4,100,0.09903775860994085
FEM_long,r3,GB,100,0.08004338636179663
FEM_long,r3,SVR,100,0.20209469325537832
FEM_long,r3,BRR,100,0.11027045999828261
FEM_long,r3,LASSO,100,0.10149481872923062
FEM_long,r3,AB,100,0.07792417941966254
RIKEN,r3,Layer 1,100,0.13118572890324642
RIKEN,r3,Layer 2,100,0.12815762566566585
RIKEN,r3,Layer 3,100,0.1069994190926721
RIKEN,r3,l4,100,0.1069994190926721
RIKEN,r3,GB,100,0.13822944549935115
RIKEN,r3,SVR,100,0.1373031652124195
RIKEN,r3,BRR,100,0.15657695529240084
RIKEN,r3,LASSO,100,0.16024743639282074
RIKEN,r3,AB,100,0.13118572890324642
UFZ_Phenomenex,r1,Layer 1,20,0.1085355502086043
UFZ_Phenomenex,r1,Layer 2,20,0.16767703553970154
UFZ_Phenomenex,r1,Layer 3,20,0.13494774778735502
UFZ_Phenomenex,r1,l4,20,0.16767703553970154
UFZ_Phenomenex,r1,GB,20,0.16314833581459576
UFZ_Phenomenex,r1,SVR,20,0.1085355502086043
UFZ_Phenomenex,r1,BRR,20,0.16630358005005494
UFZ_Phenomenex,r1,LASSO,20,0.1706659699415364
UFZ_Phenomenex,r1,AB,20,0.12284622358085286
Stravs_22,r2,Layer 1,40,0.14861470211929315
Stravs_22,r2,Layer 2,40,0.0889180554864486
Stravs_22,r2,Layer 3,40,0.07847181710864959
Stravs_22,r2,l4,40,0.0889180554864486
Stravs_22,r2,GB,40,0.1209428110733408
Stravs_22,r2,SVR,40,0.14861470211929315
Stravs_22,r2,BRR,40,0.1676272077046766
Stravs_22,r2,LASSO,40,0.14043609360750747
Stravs_22,r2,AB,40,0.11993393443949678
Tohge,r3,Layer 1,40,0.16282281714214777
Tohge,r3,Layer 2,40,0.09901373184667783
Tohge,r3,Layer 3,40,0.05810009633446063
Tohge,r3,l4,40,0.05810009633446063
Tohge,r3,GB,40,0.11371716782991209
Tohge,r3,SVR,40,0.19906655977035137
Tohge,r3,BRR,40,0.16282281714214777
Tohge,r3,LASSO,40,0.10001771802625058
Tohge,r3,AB,40,0.13994393319890558
Eawag_XBridgeC18,r3,Layer 1,40,0.12845405932889012
Eawag_XBridgeC18,r3,Layer 2,40,0.08758856363748695
Eawag_XBridgeC18,r3,Layer 3,40,0.0881016455921981
Eawag_XBridgeC18,r3,l4,40,0.08758856363748695
Eawag_XBridgeC18,r3,GB,40,0.12845405932889012
Eawag_XBridgeC18,r3,SVR,40,0.13505479597191591
Eawag_XBridgeC18,r3,BRR,40,0.14490744559503832
Eawag_XBridgeC18,r3,LASSO,40,0.1425644287027848
Eawag_XBridgeC18,r3,AB,40,0.1132666510597725
Eawag_XBridgeC18,r5,Layer 1,80,0.0959383409074486
Eawag_XBridgeC18,r5,Layer 2,80,0.08273301389628576
Eawag_XBridgeC18,r5,Layer 3,80,0.0796963414137413
Eawag_XBridgeC18,r5,l4,80,0.08273301389628576
Eawag_XBridgeC18,r5,GB,80,0.0959383409074486
Eawag_XBridgeC18,r5,SVR,80,0.12827434918448252
Eawag_XBridgeC18,r5,BRR,80,0.09507959355310877
Eawag_XBridgeC18,r5,LASSO,80,0.12577654331319776
Eawag_XBridgeC18,r5,AB,80,0.09792297082948341
Aicheler,r1,Layer 1,80,0.020864412999228726
Aicheler,r1,Layer 2,80,0.013450169873330793
Aicheler,r1,Layer 3,80,0.012286882982011743
Aicheler,r1,l4,80,0.012286882982011743
Aicheler,r1,GB,80,0.02852891573341943
Aicheler,r1,SVR,80,0.0473133278321549
Aicheler,r1,BRR,80,0.020864412999228726
Aicheler,r1,LASSO,80,0.020994576735307722
Aicheler,r1,AB,80,0.03846096582124252
Stravs_22,r1,Layer 1,80,0.13841913049076518
Stravs_22,r1,Layer 2,80,0.12228454654821669
Stravs_22,r1,Layer 3,80,0.12333635110687906
Stravs_22,r1,l4,80,0.12333635110687906
Stravs_22,r1,GB,80,0.14953965832773425
Stravs_22,r1,SVR,80,0.188347388912672
Stravs_22,r1,BRR,80,0.13841913049076518
Stravs_22,r1,LASSO,80,0.15814375378449014
Stravs_22,r1,AB,80,0.11868021492151407
FEM_long,r5,Layer 1,100,0.05659625737767754
FEM_long,r5,Layer 2,100,0.08878516540760224
FEM_long,r5,Layer 3,100,0.051250219769581246
FEM_long,r5,l4,100,0.051250219769581246
FEM_long,r5,GB,100,0.05659625737767754
FEM_long,r5,SVR,100,0.171417546926542
FEM_long,r5,BRR,100,0.08975772936445853
FEM_long,r5,LASSO,100,0.07785804544875474
FEM_long,r5,AB,100,0.06694008574878961
Beck,r2,Layer 1,20,0.12343055819389147
Beck,r2,Layer 2,20,0.11781355651008718
Beck,r2,Layer 3,20,0.08769813412011956
Beck,r2,l4,20,0.11781355651008718
Beck,r2,GB,20,0.11621249184884978
Beck,r2,SVR,20,0.12343055819389147
Beck,r2,BRR,20,0.17019882101974237
Beck,r2,LASSO,20,0.18536832739090034
Beck,r2,AB,20,0.11245610508159776
Matsuura,r2,Layer 1,20,0.07130672103967858
Matsuura,r2,Layer 2,20,0.05934982378109351
Matsuura,r2,Layer 3,20,0.053309859506398584
Matsuura,r2,l4,20,0.053309859506398584
Matsuura,r2,GB,20,0.06446843347063967
Matsuura,r2,SVR,20,0.07719731249855981
Matsuura,r2,BRR,20,0.0623621679827447
Matsuura,r2,LASSO,20,0.05527321059598057
Matsuura,r2,AB,20,0.07130672103967858
Taguchi_12,r5,Layer 1,100,0.05041995451704586
Taguchi_12,r5,Layer 2,100,0.04245612028967546
Taguchi_12,r5,Layer 3,100,0.035125508619509874
Taguchi_12,r5,l4,100,0.035125508619509874
Taguchi_12,r5,GB,100,0.05041995451704586
Taguchi_12,r5,SVR,100,0.15905102017479766
Taguchi_12,r5,BRR,100,0.11585732070025408
Taguchi_12,r5,LASSO,100,0.05848262562986572
Taguchi_12,r5,AB,100,0.05896935511169243
RIKEN,r2,Layer 1,100,0.08595447243338092
RIKEN,r2,Layer 2,100,0.10367107951884157
RIKEN,r2,Layer 3,100,0.07703660694095933
RIKEN,r2,l4,100,0.07703660694095933
RIKEN,r2,GB,100,0.08595447243338092
RIKEN,r2,SVR,100,0.10403453049155946
RIKEN,r2,BRR,100,0.11932664706379995
RIKEN,r2,LASSO,100,0.13029860177716798
RIKEN,r2,AB,100,0.10145863673245872
Matsuura,r1,Layer 1,40,0.05993071152350256
Matsuura,r1,Layer 2,40,0.03430696257410696
Matsuura,r1,Layer 3,40,0.04580235987249023
Matsuura,r1,l4,40,0.03430696257410696
Matsuura,r1,GB,40,0.04565692988898578
Matsuura,r1,SVR,40,0.05993071152350256
Matsuura,r1,BRR,40,0.06279439153696004
Matsuura,r1,LASSO,40,0.03763778650243905
Matsuura,r1,AB,40,0.04126260453922971
FEM_long,r1,Layer 1,80,0.06906847850915646
FEM_long,r1,Layer 2,80,0.06862710732753817
FEM_long,r1,Layer 3,80,0.054306296659951694
FEM_long,r1,l4,80,0.054306296659951694
FEM_long,r1,GB,80,0.06906847850915646
FEM_long,r1,SVR,80,0.19413519938416024
FEM_long,r1,BRR,80,0.24477619859903463
FEM_long,r1,LASSO,80,0.0882885621168716
FEM_long,r1,AB,80,0.07152187592194482
FEM_long,r2,Layer 1,60,0.0838458076883267
FEM_long,r2,Layer 2,60,0.07591867949585775
FEM_long,r2,Layer 3,60,0.06218950054487968
FEM_long,r2,l4,60,0.06218950054487968
FEM_long,r2,GB,60,0.0838458076883267
FEM_long,r2,SVR,60,0.21084189692611094
FEM_long,r2,BRR,60,0.09960096205199334
FEM_long,r2,LASSO,60,0.094205432874026
FEM_long,r2,AB,60,0.07809180031290608
MTBLS20,r5,Layer 1,20,0.17800957481036198
MTBLS20,r5,Layer 2,20,0.14189232021866174
MTBLS20,r5,Layer 3,20,0.1589272085331846
MTBLS20,r5,l4,20,0.14189232021866174
MTBLS20,r5,GB,20,0.17488693368845973
MTBLS20,r5,SVR,20,0.19600922132580434
MTBLS20,r5,BRR,20,0.17800957481036198
MTBLS20,r5,LASSO,20,0.15403640694662035
MTBLS20,r5,AB,20,0.17697942323481117
Taguchi,r2,Layer 1,20,0.010672857530448209
Taguchi,r2,Layer 2,20,0.01003887760531169
Taguchi,r2,Layer 3,20,0.015484953966613821
Taguchi,r2,l4,20,0.015484953966613821
Taguchi,r2,GB,20,0.02209314305922985
Taguchi,r2,SVR,20,0.08249138637233269
Taguchi,r2,BRR,20,0.010672857530448209
Taguchi,r2,LASSO,20,0.010001984165617053
Taguchi,r2,AB,20,0.02517973113265157
Beck,r4,Layer 1,100,0.07851704785012635
Beck,r4,Layer 2,100,0.06919745975087534
Beck,r4,Layer 3,100,0.07271433168050714
Beck,r4,l4,100,0.07271433168050714
Beck,r4,GB,100,0.08644193691859625
Beck,r4,SVR,100,0.0900468622723125
Beck,r4,BRR,100,0.07851704785012635
Beck,r4,LASSO,100,0.08153524413734842
Beck,r4,AB,100,0.0957263941995518
Kojima,r3,Layer 1,20,0.1989562331019512
Kojima,r3,Layer 2,20,0.15871565958431338
Kojima,r3,Layer 3,20,0.14181160677747945
Kojima,r3,l4,20,0.15871565958431338
Kojima,r3,GB,20,0.1917035116463252
Kojima,r3,SVR,20,0.1737858381156332
Kojima,r3,BRR,20,0.1989562331019512
Kojima,r3,LASSO,20,0.15874037021697146
Kojima,r3,AB,20,0.19225497591332225
RIKEN,r1,Layer 1,100,0.13769041145186706
RIKEN,r1,Layer 2,100,0.1516041631204522
RIKEN,r1,Layer 3,100,0.13393976372482821
RIKEN,r1,l4,100,0.13393976372482821
RIKEN,r1,GB,100,0.13769041145186706
RIKEN,r1,SVR,100,0.1734931795272613
RIKEN,r1,BRR,100,0.16750423367843917
RIKEN,r1,LASSO,100,0.18327312537970852
RIKEN,r1,AB,100,0.15294978580696478
RIKEN,r5,Layer 1,100,0.10051307747238004
RIKEN,r5,Layer 2,100,0.10914379645908326
RIKEN,r5,Layer 3,100,0.13937619883678254
RIKEN,r5,l4,100,0.13937619883678254
RIKEN,r5,GB,100,0.1186378996501597
RIKEN,r5,SVR,100,0.14124703231001984
RIKEN,r5,BRR,100,0.1221697284495753
RIKEN,r5,LASSO,100,0.1364228069892553
RIKEN,r5,AB,100,0.10051307747238004
RIKEN,r2,Layer 1,80,0.13733727971158294
RIKEN,r2,Layer 2,80,0.11245142884865615
RIKEN,r2,Layer 3,80,0.09961283431627789
RIKEN,r2,l4,80,0.09961283431627789
RIKEN,r2,GB,80,0.13733727971158294
RIKEN,r2,SVR,80,0.18012357834362225
RIKEN,r2,BRR,80,0.18904936043373496
RIKEN,r2,LASSO,80,0.18355437051072251
RIKEN,r2,AB,80,0.1439175271242722
FEM_long,r5,Layer 1,60,0.09078360681824188
FEM_long,r5,Layer 2,60,0.10325735376192734
FEM_long,r5,Layer 3,60,0.086913470173952
FEM_long,r5,l4,60,0.086913470173952
FEM_long,r5,GB,60,0.09078360681824188
FEM_long,r5,SVR,60,0.19712385737309898
FEM_long,r5,BRR,60,0.2273161642982883
FEM_long,r5,LASSO,60,0.1190709989473533
FEM_long,r5,AB,60,0.09982013678309676
RIKEN,r4,Layer 1,80,0.17565235129068066
RIKEN,r4,Layer 2,80,0.13370583250128953
RIKEN,r4,Layer 3,80,0.11247624591025826
RIKEN,r4,l4,80,0.17565235129068066
RIKEN,r4,GB,80,0.17565235129068066
RIKEN,r4,SVR,80,0.1397972945318955
RIKEN,r4,BRR,80,0.1787530980458916
RIKEN,r4,LASSO,80,0.14375357314716228
RIKEN,r4,AB,80,0.11956465104784329
Stravs_22,r5,Layer 1,20,0.13637072551513627
Stravs_22,r5,Layer 2,20,0.08901251139040102
Stravs_22,r5,Layer 3,20,0.07937476407145096
Stravs_22,r5,l4,20,0.08901251139040102
Stravs_22,r5,GB,20,0.13637072551513627
Stravs_22,r5,SVR,20,0.145373488161346
Stravs_22,r5,BRR,20,0.16096064897874313
Stravs_22,r5,LASSO,20,0.15568944959048187
Stravs_22,r5,AB,20,0.12720125348409422
MTBLS36,r2,Layer 1,20,0.20015871992850715
MTBLS36,r2,Layer 2,20,0.20215406341789974
MTBLS36,r2,Layer 3,20,0.23736380434117008
MTBLS36,r2,l4,20,0.20015871992850715
MTBLS36,r2,GB,20,0.2037705883151885
MTBLS36,r2,SVR,20,0.27894059601262194
MTBLS36,r2,BRR,20,0.280980870119986
MTBLS36,r2,LASSO,20,0.25566287640285135
MTBLS36,r2,AB,20,0.20015871992850715
Aicheler,r4,Layer 1,100,0.020707699130760173
Aicheler,r4,Layer 2,100,0.013537138095933331
Aicheler,r4,Layer 3,100,0.013371933213813128
Aicheler,r4,l4,100,0.013537138095933331
Aicheler,r4,GB,100,0.024600716493068595
Aicheler,r4,SVR,100,0.04441937849752396
Aicheler,r4,BRR,100,0.020707699130760173
Aicheler,r4,LASSO,100,0.01837559097782141
Aicheler,r4,AB,100,0.04050198763750185
Eawag_XBridgeC18,r5,Layer 1,20,0.11659966823608879
Eawag_XBridgeC18,r5,Layer 2,20,0.13768946399359128
Eawag_XBridgeC18,r5,Layer 3,20,0.10575229507669996
Eawag_XBridgeC18,r5,l4,20,0.13768946399359128
Eawag_XBridgeC18,r5,GB,20,0.10625633947409306
Eawag_XBridgeC18,r5,SVR,20,0.14261536748827958
Eawag_XBridgeC18,r5,BRR,20,0.13898383816952592
Eawag_XBridgeC18,r5,LASSO,20,0.16029700431530602
Eawag_XBridgeC18,r5,AB,20,0.11659966823608879
UniToyama_Atlantis,r3,Layer 1,40,0.058317229615950796
UniToyama_Atlantis,r3,Layer 2,40,0.07119915495156634
UniToyama_Atlantis,r3,Layer 3,40,0.04863360688399999
UniToyama_Atlantis,r3,l4,40,0.04863360688399999
UniToyama_Atlantis,r3,GB,40,0.05541705564534008
UniToyama_Atlantis,r3,SVR,40,0.1032109539423222
UniToyama_Atlantis,r3,BRR,40,0.058317229615950796
UniToyama_Atlantis,r3,LASSO,40,0.06681239408546195
UniToyama_Atlantis,r3,AB,40,0.057069076176525325
Stravs_22,r3,Layer 1,20,0.15180882469940293
Stravs_22,r3,Layer 2,20,0.09503700476928661
Stravs_22,r3,Layer 3,20,0.1134103289578441
Stravs_22,r3,l4,20,0.09503700476928661
Stravs_22,r3,GB,20,0.17366525722754914
Stravs_22,r3,SVR,20,0.15180882469940293
Stravs_22,r3,BRR,20,0.19626338918661976
Stravs_22,r3,LASSO,20,0.21677260778984686
Stravs_22,r3,AB,20,0.1481803876200428
Beck,r3,Layer 1,80,0.10572261953330328
Beck,r3,Layer 2,80,0.07660575483626564
Beck,r3,Layer 3,80,0.07079292143781751
Beck,r3,l4,80,0.07079292143781751
Beck,r3,GB,80,0.106435452622309
Beck,r3,SVR,80,0.10572261953330328
Beck,r3,BRR,80,0.0802788558381889
Beck,r3,LASSO,80,0.10640392087807443
Beck,r3,AB,80,0.10814138841653702
Taguchi_12,r3,Layer 1,20,0.07391192352303862
Taguchi_12,r3,Layer 2,20,0.09664945187398963
Taguchi_12,r3,Layer 3,20,0.07701723103710967
Taguchi_12,r3,l4,20,0.07391192352303862
Taguchi_12,r3,GB,20,0.07391192352303862
Taguchi_12,r3,SVR,20,0.1851877520869797
Taguchi_12,r3,BRR,20,0.07361420189100552
Taguchi_12,r3,LASSO,20,0.10072899701010114
Taguchi_12,r3,AB,20,0.08905713473382647
Stravs_22,r3,Layer 1,40,0.09891118237259323
Stravs_22,r3,Layer 2,40,0.11841133497908256
Stravs_22,r3,Layer 3,40,0.08437352194512988
Stravs_22,r3,l4,40,0.08437352194512988
Stravs_22,r3,GB,40,0.13408137373630938
Stravs_22,r3,SVR,40,0.14208239738377143
Stravs_22,r3,BRR,40,0.16271752076716736
Stravs_22,r3,LASSO,40,0.16916028214818782
Stravs_22,r3,AB,40,0.09891118237259323
Beck,r2,Layer 1,80,0.08824365725967444
Beck,r2,Layer 2,80,0.07187376175341406
Beck,r2,Layer 3,80,0.07060869301949245
Beck,r2,l4,80,0.07187376175341406
Beck,r2,GB,80,0.099895341759424
Beck,r2,SVR,80,0.09901838988793167
Beck,r2,BRR,80,0.08824365725967444
Beck,r2,LASSO,80,0.094574864189467
Beck,r2,AB,80,0.09407847154002337
FEM_long,r4,Layer 1,40,0.08976517007637011
FEM_long,r4,Layer 2,40,0.08816139857963531
FEM_long,r4,Layer 3,40,0.08207307139899715
FEM_long,r4,l4,40,0.08207307139899715
FEM_long,r4,GB,40,0.08976517007637011
FEM_long,r4,SVR,40,0.21534890174080779
FEM_long,r4,BRR,40,0.14529501978081874
FEM_long,r4,LASSO,40,0.11519911524336619
FEM_long,r4,AB,40,0.09144744429705388
MTBLS87,r1,Layer 1,20,0.13868176711414076
MTBLS87,r1,Layer 2,20,0.19172439537034905
MTBLS87,r1,Layer 3,20,0.16807679384384708
MTBLS87,r1,l4,20,0.19172439537034905
MTBLS87,r1,GB,20,0.1463907374453792
MTBLS87,r1,SVR,20,0.13868176711414076
MTBLS87,r1,BRR,20,0.13271063893375581
MTBLS87,r1,LASSO,20,0.12661777260792048
MTBLS87,r1,AB,20,0.11751913851305332
Nikiforos,r4,Layer 1,20,0.13170545238386222
Nikiforos,r4,Layer 2,20,0.08361907443796723
Nikiforos,r4,Layer 3,20,0.15958118060667056
Nikiforos,r4,l4,20,0.15958118060667056
Nikiforos,r4,GB,20,0.16194494781732932
Nikiforos,r4,SVR,20,0.13170545238386222
Nikiforos,r4,BRR,20,0.12082384422437817
Nikiforos,r4,LASSO,20,0.10773122699303021
Nikiforos,r4,AB,20,0.15411133467471494
Beck,r1,Layer 1,20,0.13473846263960682
Beck,r1,Layer 2,20,0.1239261350536217
Beck,r1,Layer 3,20,0.07594930583943997
Beck,r1,l4,20,0.1239261350536217
Beck,r1,GB,20,0.13473846263960682
Beck,r1,SVR,20,0.12276323991540962
Beck,r1,BRR,20,0.1518528650953916
Beck,r1,LASSO,20,0.157381059384781
Beck,r1,AB,20,0.13788099432662387
Beck,r2,Layer 1,60,0.0943640449773719
Beck,r2,Layer 2,60,0.09734241722725485
Beck,r2,Layer 3,60,0.07671007994200188
Beck,r2,l4,60,0.07671007994200188
Beck,r2,GB,60,0.09672160434481328
Beck,r2,SVR,60,0.09379784309080902
Beck,r2,BRR,60,0.07939521077309993
Beck,r2,LASSO,60,0.10911290229087167
Beck,r2,AB,60,0.0943640449773719
Beck,r3,Layer 1,100,0.08374478061334725
Beck,r3,Layer 2,100,0.07128603620668235
Beck,r3,Layer 3,100,0.06927024729154364
Beck,r3,l4,100,0.06927024729154364
Beck,r3,GB,100,0.08374478061334725
Beck,r3,SVR,100,0.09101835481621909
Beck,r3,BRR,100,0.07833023793144113
Beck,r3,LASSO,100,0.08408649083046882
Beck,r3,AB,100,0.09265526179691705
MTBLS87,r2,Layer 1,20,0.12204098365048328
MTBLS87,r2,Layer 2,20,0.1245922440514154
MTBLS87,r2,Layer 3,20,0.13558737137442692
MTBLS87,r2,l4,20,0.1245922440514154
MTBLS87,r2,GB,20,0.1415100716674062
MTBLS87,r2,SVR,20,0.12204098365048328
MTBLS87,r2,BRR,20,0.1421564698078836
MTBLS87,r2,LASSO,20,0.1162229203809647
MTBLS87,r2,AB,20,0.13108816470885434
RIKEN,r4,Layer 1,100,0.1268976534860695
RIKEN,r4,Layer 2,100,0.1352716021616259
RIKEN,r4,Layer 3,100,0.16065755443159926
RIKEN,r4,l4,100,0.16065755443159926
RIKEN,r4,GB,100,0.1268976534860695
RIKEN,r4,SVR,100,0.1565229100448423
RIKEN,r4,BRR,100,0.16977467648939393
RIKEN,r4,LASSO,100,0.1663939177892988
RIKEN,r4,AB,100,0.15572206901939623
Taguchi_12,r2,Layer 1,80,0.05900797963193108
Taguchi_12,r2,Layer 2,80,0.06033240019992125
Taguchi_12,r2,Layer 3,80,0.05648286629958977
Taguchi_12,r2,l4,80,0.05900797963193108
Taguchi_12,r2,GB,80,0.05900797963193108
Taguchi_12,r2,SVR,80,0.16513123372704555
Taguchi_12,r2,BRR,80,0.10873570893127422
Taguchi_12,r2,LASSO,80,0.0542248156422937
Taguchi_12,r2,AB,80,0.07406077687174512
UFZ_Phenomenex,r5,Layer 1,20,0.10505996326234222
UFZ_Phenomenex,r5,Layer 2,20,0.10658513831749389
UFZ_Phenomenex,r5,Layer 3,20,0.09157387629177437
UFZ_Phenomenex,r5,l4,20,0.09157387629177437
UFZ_Phenomenex,r5,GB,20,0.10505996326234222
UFZ_Phenomenex,r5,SVR,20,0.12454792043399639
UFZ_Phenomenex,r5,BRR,20,0.13996380583101778
UFZ_Phenomenex,r5,LASSO,20,0.14086468989075965
UFZ_Phenomenex,r5,AB,20,0.0988100321000411
RIKEN,r4,Layer 1,20,0.14323793643792804
RIKEN,r4,Layer 2,20,0.12131551068572428
RIKEN,r4,Layer 3,20,0.1062692738199458
RIKEN,r4,l4,20,0.12131551068572428
RIKEN,r4,GB,20,0.14323793643792804
RIKEN,r4,SVR,20,0.1762655976927072
RIKEN,r4,BRR,20,0.19445091390276362
RIKEN,r4,LASSO,20,0.1655749425149837
RIKEN,r4,AB,20,0.1181651062116179
RIKEN,r2,Layer 1,60,0.13487078018091156
RIKEN,r2,Layer 2,60,0.12050392463931421
RIKEN,r2,Layer 3,60,0.1614360773047357
RIKEN,r2,l4,60,0.12050392463931421
RIKEN,r2,GB,60,0.13313453076553766
RIKEN,r2,SVR,60,0.14429233308356468
RIKEN,r2,BRR,60,0.17174100147034135
RIKEN,r2,LASSO,60,0.17277817301783122
RIKEN,r2,AB,60,0.13487078018091156
FEM_long,r4,Layer 1,60,0.07032218983639718
FEM_long,r4,Layer 2,60,0.08396836512541662
FEM_long,r4,Layer 3,60,0.07211874263852219
FEM_long,r4,l4,60,0.07211874263852219
FEM_long,r4,GB,60,0.07032218983639718
FEM_long,r4,SVR,60,0.21974695238871889
FEM_long,r4,BRR,60,0.16216502912508093
FEM_long,r4,LASSO,60,0.09049839970219216
FEM_long,r4,AB,60,0.07848043849921779
UniToyama_Atlantis,r2,Layer 1,20,0.09201981192337086
UniToyama_Atlantis,r2,Layer 2,20,0.0874080745300273
UniToyama_Atlantis,r2,Layer 3,20,0.0941033854785168
UniToyama_Atlantis,r2,l4,20,0.0874080745300273
UniToyama_Atlantis,r2,GB,20,0.08786830386566317
UniToyama_Atlantis,r2,SVR,20,0.1040417028894428
UniToyama_Atlantis,r2,BRR,20,0.09201981192337086
UniToyama_Atlantis,r2,LASSO,20,0.092105792467519
UniToyama_Atlantis,r2,AB,20,0.0778227057171111
UFZ_Phenomenex,r3,Layer 1,40,0.15282504846949363
UFZ_Phenomenex,r3,Layer 2,40,0.09910137443574459
UFZ_Phenomenex,r3,Layer 3,40,0.10386791032157221
UFZ_Phenomenex,r3,l4,40,0.09910137443574459
UFZ_Phenomenex,r3,GB,40,0.12212708227745088
UFZ_Phenomenex,r3,SVR,40,0.15282504846949363
UFZ_Phenomenex,r3,BRR,40,0.12998365657405395
UFZ_Phenomenex,r3,LASSO,40,0.15831066346920042
UFZ_Phenomenex,r3,AB,40,0.10225717300357741
UFZ_Phenomenex,r4,Layer 1,20,0.11973566718673476
UFZ_Phenomenex,r4,Layer 2,20,0.10328022799506584
UFZ_Phenomenex,r4,Layer 3,20,0.1056328010038109
UFZ_Phenomenex,r4,l4,20,0.10328022799506584
UFZ_Phenomenex,r4,GB,20,0.11973566718673476
UFZ_Phenomenex,r4,SVR,20,0.1306130405970877
UFZ_Phenomenex,r4,BRR,20,0.15355509535198397
UFZ_Phenomenex,r4,LASSO,20,0.1539134474399101
UFZ_Phenomenex,r4,AB,20,0.1195255915305644
Eawag_XBridgeC18,r1,Layer 1,80,0.09550731227956678
Eawag_XBridgeC18,r1,Layer 2,80,0.09168561909479168
Eawag_XBridgeC18,r1,Layer 3,80,0.08970677065480723
Eawag_XBridgeC18,r1,l4,80,0.09168561909479168
Eawag_XBridgeC18,r1,GB,80,0.09550731227956678
Eawag_XBridgeC18,r1,SVR,80,0.12876073579054656
Eawag_XBridgeC18,r1,BRR,80,0.10832252017959018
Eawag_XBridgeC18,r1,LASSO,80,0.12069832728121727
Eawag_XBridgeC18,r1,AB,80,0.10089931909905696
FEM_long,r3,Layer 1,40,0.10063293531790027
FEM_long,r3,Layer 2,40,0.07939169894379436
FEM_long,r3,Layer 3,40,0.08256518864789138
FEM_long,r3,l4,40,0.07939169894379436
FEM_long,r3,GB,40,0.10468464827432629
FEM_long,r3,SVR,40,0.22619978749438877
FEM_long,r3,BRR,40,0.11200298467505244
FEM_long,r3,LASSO,40,0.09848896633486463
FEM_long,r3,AB,40,0.10063293531790027
Eawag_XBridgeC18,r4,Layer 1,20,0.16910721735502712
Eawag_XBridgeC18,r4,Layer 2,20,0.12035071107377149
Eawag_XBridgeC18,r4,Layer 3,20,0.15157643288563732
Eawag_XBridgeC18,r4,l4,20,0.12035071107377149
Eawag_XBridgeC18,r4,GB,20,0.15651579305038485
Eawag_XBridgeC18,r4,SVR,20,0.16910721735502712
Eawag_XBridgeC18,r4,BRR,20,0.15504056354446796
Eawag_XBridgeC18,r4,LASSO,20,0.1493441300926793
Eawag_XBridgeC18,r4,AB,20,0.1516088314758527
FEM_long,r2,Layer 1,40,0.0889851641836056
FEM_long,r2,Layer 2,40,0.09874700048171584
FEM_long,r2,Layer 3,40,0.07869493817874282
FEM_long,r2,l4,40,0.09874700048171584
FEM_long,r2,GB,40,0.0889851641836056
FEM_long,r2,SVR,40,0.24527054304933543
FEM_long,r2,BRR,40,0.1543008481571021
FEM_long,r2,LASSO,40,0.10638836556392439
FEM_long,r2,AB,40,0.07634284330571814
Tohge,r4,Layer 1,40,0.12344601399752408
Tohge,r4,Layer 2,40,0.10911371092074891
Tohge,r4,Layer 3,40,0.08334256809314676
Tohge,r4,l4,40,0.10911371092074891
Tohge,r4,GB,40,0.12262496241816777
Tohge,r4,SVR,40,0.2131326574965436
Tohge,r4,BRR,40,0.12344601399752408
Tohge,r4,LASSO,40,0.09956225861930797
Tohge,r4,AB,40,0.16807578425654263
Beck,r4,Layer 1,20,0.1172050345113748
Beck,r4,Layer 2,20,0.0935137084712936
Beck,r4,Layer 3,20,0.08115557404030936
Beck,r4,l4,20,0.0935137084712936
Beck,r4,GB,20,0.11984670436446479
Beck,r4,SVR,20,0.1172050345113748
Beck,r4,BRR,20,0.1484078394610016
Beck,r4,LASSO,20,0.1697614255856927
Beck,r4,AB,20,0.10257651286807326
Taguchi_12,r2,Layer 1,20,0.08270216952983266
Taguchi_12,r2,Layer 2,20,0.12815182005103815
Taguchi_12,r2,Layer 3,20,0.14036170145238802
Taguchi_12,r2,l4,20,0.12815182005103815
Taguchi_12,r2,GB,20,0.08270216952983266
Taguchi_12,r2,SVR,20,0.19447133656578436
Taguchi_12,r2,BRR,20,0.20421041615993907
Taguchi_12,r2,LASSO,20,0.14606004176590787
Taguchi_12,r2,AB,20,0.0907863880294958
Takahashi,r4,Layer 1,40,0.08008035020749268
Takahashi,r4,Layer 2,40,0.08200775235438816
Takahashi,r4,Layer 3,40,0.07139999646121795
Takahashi,r4,l4,40,0.07139999646121795
Takahashi,r4,GB,40,0.08008035020749268
Takahashi,r4,SVR,40,0.08726552413733674
Takahashi,r4,BRR,40,0.08946938969720461
Takahashi,r4,LASSO,40,0.09586250310845369
Takahashi,r4,AB,40,0.08160734134046815
Eawag_XBridgeC18,r3,Layer 1,80,0.09207294795602203
Eawag_XBridgeC18,r3,Layer 2,80,0.07691508904220849
Eawag_XBridgeC18,r3,Layer 3,80,0.08061331671616409
Eawag_XBridgeC18,r3,l4,80,0.08061331671616409
Eawag_XBridgeC18,r3,GB,80,0.09235625736297123
Eawag_XBridgeC18,r3,SVR,80,0.11287568335627278
Eawag_XBridgeC18,r3,BRR,80,0.09655703275861906
Eawag_XBridgeC18,r3,LASSO,80,0.11012197243962087
Eawag_XBridgeC18,r3,AB,80,0.09207294795602203
FEM_long,r5,Layer 1,20,0.17099615495764114
FEM_long,r5,Layer 2,20,0.13627959617897648
FEM_long,r5,Layer 3,20,0.09375692986170985
FEM_long,r5,l4,20,0.09375692986170985
FEM_long,r5,GB,20,0.17099615495764114
FEM_long,r5,SVR,20,0.2415977064156098
FEM_long,r5,BRR,20,0.2522291951484851
FEM_long,r5,LASSO,20,0.1385803715296857
FEM_long,r5,AB,20,0.11997722653041183
RIKEN,r1,Layer 1,60,0.11883117689261426
RIKEN,r1,Layer 2,60,0.14393849165361014
RIKEN,r1,Layer 3,60,0.11624376876427912
RIKEN,r1,l4,60,0.14393849165361014
RIKEN,r1,GB,60,0.12239451456967644
RIKEN,r1,SVR,60,0.17000817016478306
RIKEN,r1,BRR,60,0.18230699211548537
RIKEN,r1,LASSO,60,0.16982161265529389
RIKEN,r1,AB,60,0.11883117689261426
Taguchi_12,r1,Layer 1,60,0.06698141980825857
Taguchi_12,r1,Layer 2,60,0.04459987602657382
Taguchi_12,r1,Layer 3,60,0.040064875474150656
Taguchi_12,r1,l4,60,0.040064875474150656
Taguchi_12,r1,GB,60,0.06698141980825857
Taguchi_12,r1,SVR,60,0.16139146037729296
Taguchi_12,r1,BRR,60,0.07054815623092678
Taguchi_12,r1,LASSO,60,0.060051191203776055
Taguchi_12,r1,AB,60,0.07592519290857422
Taguchi_12,r1,Layer 1,20,0.09227199863164776
Taguchi_12,r1,Layer 2,20,0.1613913608699177
Taguchi_12,r1,Layer 3,20,0.11500180272110576
Taguchi_12,r1,l4,20,0.11500180272110576
Taguchi_12,r1,GB,20,0.08698689078339118
Taguchi_12,r1,SVR,20,0.19511752917132782
Taguchi_12,r1,BRR,20,0.1414717082480609
Taguchi_12,r1,LASSO,20,0.2002764910095593
Taguchi_12,r1,AB,20,0.09227199863164776
RIKEN,r3,Layer 1,40,0.1501423296137231
RIKEN,r3,Layer 2,40,0.12156170099683777
RIKEN,r3,Layer 3,40,0.10396289112083597
RIKEN,r3,l4,40,0.10396289112083597
RIKEN,r3,GB,40,0.1369559793365504
RIKEN,r3,SVR,40,0.1660110723771812
RIKEN,r3,BRR,40,0.1501423296137231
RIKEN,r3,LASSO,40,0.14716573400435792
RIKEN,r3,AB,40,0.1120280776082108
Tohge,r1,Layer 1,40,0.1414414686399534
Tohge,r1,Layer 2,40,0.09689249443301332
Tohge,r1,Layer 3,40,0.0806873673860854
Tohge,r1,l4,40,0.0806873673860854
Tohge,r1,GB,40,0.07731690940259749
Tohge,r1,SVR,40,0.14329893736620286
Tohge,r1,BRR,40,0.1414414686399534
Tohge,r1,LASSO,40,0.090809086802151
Tohge,r1,AB,40,0.10667696251614396
Aicheler,r5,Layer 1,40,0.020072346878486236
Aicheler,r5,Layer 2,40,0.01591403287849891
Aicheler,r5,Layer 3,40,0.017522990819029572
Aicheler,r5,l4,40,0.01591403287849891
Aicheler,r5,GB,40,0.040166745147084744
Aicheler,r5,SVR,40,0.08277201947359018
Aicheler,r5,BRR,40,0.020072346878486236
Aicheler,r5,LASSO,40,0.019347739412002685
Aicheler,r5,AB,40,0.058127782959979654
UniToyama_Atlantis,r3,Layer 1,20,0.08136717258350008
UniToyama_Atlantis,r3,Layer 2,20,0.08802061934413682
UniToyama_Atlantis,r3,Layer 3,20,0.0775380480057016
UniToyama_Atlantis,r3,l4,20,0.08802061934413682
UniToyama_Atlantis,r3,GB,20,0.08136717258350008
UniToyama_Atlantis,r3,SVR,20,0.1345891768833633
UniToyama_Atlantis,r3,BRR,20,0.07680236754611099
UniToyama_Atlantis,r3,LASSO,20,0.0788816757169674
UniToyama_Atlantis,r3,AB,20,0.07147846818696822
MTBLS36,r4,Layer 1,20,0.258492367030885
MTBLS36,r4,Layer 2,20,0.26585786356908914
MTBLS36,r4,Layer 3,20,0.19496315779056864
MTBLS36,r4,l4,20,0.26585786356908914
MTBLS36,r4,GB,20,0.24448260672386143
MTBLS36,r4,SVR,20,0.193589828612226
MTBLS36,r4,BRR,20,0.19287767117485663
MTBLS36,r4,LASSO,20,0.3154954301600321
MTBLS36,r4,AB,20,0.258492367030885
Beck,r2,Layer 1,40,0.08877508784166607
Beck,r2,Layer 2,40,0.07465958321168317
Beck,r2,Layer 3,40,0.06994758187179698
Beck,r2,l4,40,0.06994758187179698
Beck,r2,GB,40,0.09466452850077549
Beck,r2,SVR,40,0.10205984680100826
Beck,r2,BRR,40,0.08877508784166607
Beck,r2,LASSO,40,0.11312919399116309
Beck,r2,AB,40,0.1034266585527784
Krauss,r5,Layer 1,20,0.11115546727247479
Krauss,r5,Layer 2,20,0.08444169869082013
Krauss,r5,Layer 3,20,0.0876146825735883
Krauss,r5,l4,20,0.11115546727247479
Krauss,r5,GB,20,0.10461394473759815
Krauss,r5,SVR,20,0.1034307922765791
Krauss,r5,BRR,20,0.11115546727247479
Krauss,r5,LASSO,20,0.09213043230620772
Krauss,r5,AB,20,0.09745334631698269
Nikiforos,r1,Layer 1,20,0.07924064589557551
Nikiforos,r1,Layer 2,20,0.09527418311847942
Nikiforos,r1,Layer 3,20,0.08881483397457404
Nikiforos,r1,l4,20,0.08881483397457404
Nikiforos,r1,GB,20,0.0894644568597021
Nikiforos,r1,SVR,20,0.10032608251262239
Nikiforos,r1,BRR,20,0.09466224718300907
Nikiforos,r1,LASSO,20,0.10158693799744224
Nikiforos,r1,AB,20,0.07924064589557551
RIKEN,r4,Layer 1,40,0.16071992801449417
RIKEN,r4,Layer 2,40,0.1356227262398139
RIKEN,r4,Layer 3,40,0.13982356227895698
RIKEN,r4,l4,40,0.1356227262398139
RIKEN,r4,GB,40,0.16071992801449417
RIKEN,r4,SVR,40,0.1756205774993412
RIKEN,r4,BRR,40,0.20058164576136964
RIKEN,r4,LASSO,40,0.20292391884476263
RIKEN,r4,AB,40,0.15368259680229582
Takahashi,r2,Layer 1,20,0.06838705803576094
Takahashi,r2,Layer 2,20,0.0758976571922411
Takahashi,r2,Layer 3,20,0.10657294902531192
Takahashi,r2,l4,20,0.10657294902531192
Takahashi,r2,GB,20,0.0933165172257695
Takahashi,r2,SVR,20,0.06968094393865472
Takahashi,r2,BRR,20,0.08174100074351696
Takahashi,r2,LASSO,20,0.10814427872877258
Takahashi,r2,AB,20,0.06838705803576094
Taguchi_12,r1,Layer 1,40,0.0691129655090856
Taguchi_12,r1,Layer 2,40,0.06969687868600077
Taguchi_12,r1,Layer 3,40,0.07650936953075539
Taguchi_12,r1,l4,40,0.0691129655090856
Taguchi_12,r1,GB,40,0.0691129655090856
Taguchi_12,r1,SVR,40,0.17872878153620608
Taguchi_12,r1,BRR,40,0.13104865990247308
Taguchi_12,r1,LASSO,40,0.06458174356312947
Taguchi_12,r1,AB,40,0.06661284898295931
LIFE_old,r4,Layer 1,20,0.06237617718671216
LIFE_old,r4,Layer 2,20,0.04256882426820169
LIFE_old,r4,Layer 3,20,0.04525066672672749
LIFE_old,r4,l4,20,0.04525066672672749
LIFE_old,r4,GB,20,0.06237617718671216
LIFE_old,r4,SVR,20,0.06770628796737282
LIFE_old,r4,BRR,20,0.06537260288427806
LIFE_old,r4,LASSO,20,0.06277301892015431
LIFE_old,r4,AB,20,0.05681295652085955
Matsuura,r3,Layer 1,40,0.0711960665450589
Matsuura,r3,Layer 2,40,0.03805874383564324
Matsuura,r3,Layer 3,40,0.04153966467108438
Matsuura,r3,l4,40,0.03805874383564324
Matsuura,r3,GB,40,0.05644727710966461
Matsuura,r3,SVR,40,0.0711960665450589
Matsuura,r3,BRR,40,0.06532373832662482
Matsuura,r3,LASSO,40,0.037062359763783845
Matsuura,r3,AB,40,0.05951084299588412
Matsuura,r4,Layer 1,20,0.06594793382661872
Matsuura,r4,Layer 2,20,0.05185229046485258
Matsuura,r4,Layer 3,20,0.046044966860989335
Matsuura,r4,l4,20,0.046044966860989335
Matsuura,r4,GB,20,0.06280745965776832
Matsuura,r4,SVR,20,0.05309766378790496
Matsuura,r4,BRR,20,0.05346519162701711
Matsuura,r4,LASSO,20,0.04050422689810938
Matsuura,r4,AB,20,0.06594793382661872
Aicheler,r4,Layer 1,40,0.024027036545285558
Aicheler,r4,Layer 2,40,0.017872469055520663
Aicheler,r4,Layer 3,40,0.022211129011446555
Aicheler,r4,l4,40,0.024027036545285558
Aicheler,r4,GB,40,0.040185233403027584
Aicheler,r4,SVR,40,0.07630574643594859
Aicheler,r4,BRR,40,0.024027036545285558
Aicheler,r4,LASSO,40,0.022689786827683772
Aicheler,r4,AB,40,0.05759536326463685
RIKEN,r2,Layer 1,20,0.19545681432624487
RIKEN,r2,Layer 2,20,0.11840961253469648
RIKEN,r2,Layer 3,20,0.12622210752918686
RIKEN,r2,l4,20,0.11840961253469648
RIKEN,r2,GB,20,0.15719775277178752
RIKEN,r2,SVR,20,0.18684602153151278
RIKEN,r2,BRR,20,0.19545681432624487
RIKEN,r2,LASSO,20,0.19690861862139775
RIKEN,r2,AB,20,0.13244406920305443
UFZ_Phenomenex,r5,Layer 1,40,0.10917244206272325
UFZ_Phenomenex,r5,Layer 2,40,0.10756297498685978
UFZ_Phenomenex,r5,Layer 3,40,0.10051512755152911
UFZ_Phenomenex,r5,l4,40,0.10756297498685978
UFZ_Phenomenex,r5,GB,40,0.10917244206272325
UFZ_Phenomenex,r5,SVR,40,0.12945415740935354
UFZ_Phenomenex,r5,BRR,40,0.1299237489033897
UFZ_Phenomenex,r5,LASSO,40,0.15223361006256744
UFZ_Phenomenex,r5,AB,40,0.11452567019670011
UFZ_Phenomenex,r3,Layer 1,20,0.10266822491493095
UFZ_Phenomenex,r3,Layer 2,20,0.13550984409374717
UFZ_Phenomenex,r3,Layer 3,20,0.08268806420565156
UFZ_Phenomenex,r3,l4,20,0.08268806420565156
UFZ_Phenomenex,r3,GB,20,0.10266822491493095
UFZ_Phenomenex,r3,SVR,20,0.09652212244027834
UFZ_Phenomenex,r3,BRR,20,0.10741938158270008
UFZ_Phenomenex,r3,LASSO,20,0.15223900757557635
UFZ_Phenomenex,r3,AB,20,0.09676616603040661
FEM_long,r1,Layer 1,40,0.07688502537819712
FEM_long,r1,Layer 2,40,0.10140085149889287
FEM_long,r1,Layer 3,40,0.07266385737225092
FEM_long,r1,l4,40,0.07266385737225092
FEM_long,r1,GB,40,0.07688502537819712
FEM_long,r1,SVR,40,0.24417127626666604
FEM_long,r1,BRR,40,0.18479616910815244
FEM_long,r1,LASSO,40,0.09361651576949996
FEM_long,r1,AB,40,0.10307558261561339
RIKEN,r1,Layer 1,40,0.17830887660530867
RIKEN,r1,Layer 2,40,0.13670142526177875
RIKEN,r1,Layer 3,40,0.10930383840701671
RIKEN,r1,l4,40,0.10930383840701671
RIKEN,r1,GB,40,0.1744881820842996
RIKEN,r1,SVR,40,0.17830887660530867
RIKEN,r1,BRR,40,0.2060221639481797
RIKEN,r1,LASSO,40,0.1748383126144656
RIKEN,r1,AB,40,0.14953477351113373
Otto,r4,Layer 1,20,0.1384407983554246
Otto,r4,Layer 2,20,0.09147539410883461
Otto,r4,Layer 3,20,0.07239206187734956
Otto,r4,l4,20,0.09147539410883461
Otto,r4,GB,20,0.12038727560403831
Otto,r4,SVR,20,0.1581026346889046
Otto,r4,BRR,20,0.1840885719226342
Otto,r4,LASSO,20,0.19273682240522388
Otto,r4,AB,20,0.1384407983554246
Tohge,r5,Layer 1,20,0.17844155414966223
Tohge,r5,Layer 2,20,0.11736091179711125
Tohge,r5,Layer 3,20,0.12631854934813178
Tohge,r5,l4,20,0.17844155414966223
Tohge,r5,GB,20,0.17844155414966223
Tohge,r5,SVR,20,0.17136721863535118
Tohge,r5,BRR,20,0.14525968496550726
Tohge,r5,LASSO,20,0.12912046318998624
Tohge,r5,AB,20,0.17454741170913848
Aicheler,r3,Layer 1,100,0.01988475064467555
Aicheler,r3,Layer 2,100,0.01326675629031577
Aicheler,r3,Layer 3,100,0.014438785343884361
Aicheler,r3,l4,100,0.014438785343884361
Aicheler,r3,GB,100,0.029563041711464885
Aicheler,r3,SVR,100,0.031039905566002658
Aicheler,r3,BRR,100,0.01988475064467555
Aicheler,r3,LASSO,100,0.020945767987506962
Aicheler,r3,AB,100,0.0384282699967285
Taguchi_12,r2,Layer 1,40,0.0837445554813118
Taguchi_12,r2,Layer 2,40,0.08018873963169436
Taguchi_12,r2,Layer 3,40,0.111956492741375
Taguchi_12,r2,l4,40,0.08018873963169436
Taguchi_12,r2,GB,40,0.0837445554813118
Taguchi_12,r2,SVR,40,0.18277890790110715
Taguchi_12,r2,BRR,40,0.205750031161848
Taguchi_12,r2,LASSO,40,0.07163015765748769
Taguchi_12,r2,AB,40,0.09210421920405751
Stravs_22,r5,Layer 1,40,0.1329555388998385
Stravs_22,r5,Layer 2,40,0.08766312405570197
Stravs_22,r5,Layer 3,40,0.08502472546101651
Stravs_22,r5,l4,40,0.08766312405570197
Stravs_22,r5,GB,40,0.14239227306485944
Stravs_22,r5,SVR,40,0.13828921974308486
Stravs_22,r5,BRR,40,0.11651080076453252
Stravs_22,r5,LASSO,40,0.14708826229466815
Stravs_22,r5,AB,40,0.1329555388998385
Beck,r4,Layer 1,40,0.10769229519439846
Beck,r4,Layer 2,40,0.0706439772005411
Beck,r4,Layer 3,40,0.06516950235102333
Beck,r4,l4,40,0.0706439772005411
Beck,r4,GB,40,0.1035069196403446
Beck,r4,SVR,40,0.10814547963791583
Beck,r4,BRR,40,0.10903880952092682
Beck,r4,LASSO,40,0.10996666095370243
Beck,r4,AB,40,0.10769229519439846
Taguchi_12,r4,Layer 1,20,0.0912522082515165
Taguchi_12,r4,Layer 2,20,0.0939602409794141
Taguchi_12,r4,Layer 3,20,0.08191889018537038
Taguchi_12,r4,l4,20,0.0912522082515165
Taguchi_12,r4,GB,20,0.0912522082515165
Taguchi_12,r4,SVR,20,0.21123663766146372
Taguchi_12,r4,BRR,20,0.2074734835464065
Taguchi_12,r4,LASSO,20,0.09646526766704602
Taguchi_12,r4,AB,20,0.08971952117315521
Taguchi,r3,Layer 1,20,0.027667935024576255
Taguchi,r3,Layer 2,20,0.01022361913803276
Taguchi,r3,Layer 3,20,0.042266856688847415
Taguchi,r3,l4,20,0.027667935024576255
Taguchi,r3,GB,20,0.027667935024576255
Taguchi,r3,SVR,20,0.09802215660002395
Taguchi,r3,BRR,20,0.011549769011192978
Taguchi,r3,LASSO,20,0.015369353092790854
Taguchi,r3,AB,20,0.026732937905639593
Aicheler,r5,Layer 1,60,0.022458600101752147
Aicheler,r5,Layer 2,60,0.01832721770068311
Aicheler,r5,Layer 3,60,0.01840286382943477
Aicheler,r5,l4,60,0.01832721770068311
Aicheler,r5,GB,60,0.03815733936097887
Aicheler,r5,SVR,60,0.04844500775371989
Aicheler,r5,BRR,60,0.022458600101752147
Aicheler,r5,LASSO,60,0.028783314644717305
Aicheler,r5,AB,60,0.04490998976423413
Eawag_XBridgeC18,r5,Layer 1,100,0.08089739742998883
Eawag_XBridgeC18,r5,Layer 2,100,0.08370315770067722
Eawag_XBridgeC18,r5,Layer 3,100,0.07692054974846255
Eawag_XBridgeC18,r5,l4,100,0.07692054974846255
Eawag_XBridgeC18,r5,GB,100,0.08089739742998883
Eawag_XBridgeC18,r5,SVR,100,0.10934834757107074
Eawag_XBridgeC18,r5,BRR,100,0.09461335372884135
Eawag_XBridgeC18,r5,LASSO,100,0.08437729415210693
Eawag_XBridgeC18,r5,AB,100,0.09446013518054608
Eawag_XBridgeC18,r4,Layer 1,100,0.09671308394584385
Eawag_XBridgeC18,r4,Layer 2,100,0.08728870312026299
Eawag_XBridgeC18,r4,Layer 3,100,0.08220958050612469
Eawag_XBridgeC18,r4,l4,100,0.08220958050612469
Eawag_XBridgeC18,r4,GB,100,0.09048827471120835
Eawag_XBridgeC18,r4,SVR,100,0.11817586943818494
Eawag_XBridgeC18,r4,BRR,100,0.11050106832891209
Eawag_XBridgeC18,r4,LASSO,100,0.10426710795044425
Eawag_XBridgeC18,r4,AB,100,0.09671308394584385
Beck,r3,Layer 1,60,0.10087027094595823
Beck,r3,Layer 2,60,0.08433738881011128
Beck,r3,Layer 3,60,0.07723693942923704
Beck,r3,l4,60,0.08433738881011128
Beck,r3,GB,60,0.10087027094595823
Beck,r3,SVR,60,0.10134709201305206
Beck,r3,BRR,60,0.09271521663759295
Beck,r3,LASSO,60,0.10948228658711381
Beck,r3,AB,60,0.09889980753213362
Matsuura,r4,Layer 1,40,0.06080261666502237
Matsuura,r4,Layer 2,40,0.08624842483495614
Matsuura,r4,Layer 3,40,0.05350335855559313
Matsuura,r4,l4,40,0.05350335855559313
Matsuura,r4,GB,40,0.04895769122204369
Matsuura,r4,SVR,40,0.05342050923663004
Matsuura,r4,BRR,40,0.06080261666502237
Matsuura,r4,LASSO,40,0.04184442822326931
Matsuura,r4,AB,40,0.04832977973960394
Eawag_XBridgeC18,r1,Layer 1,40,0.12053861616592419
Eawag_XBridgeC18,r1,Layer 2,40,0.08669906854239283
Eawag_XBridgeC18,r1,Layer 3,40,0.10050491039356665
Eawag_XBridgeC18,r1,l4,40,0.08669906854239283
Eawag_XBridgeC18,r1,GB,40,0.12053861616592419
Eawag_XBridgeC18,r1,SVR,40,0.1254221588005931
Eawag_XBridgeC18,r1,BRR,40,0.10150362797677051
Eawag_XBridgeC18,r1,LASSO,40,0.1349726440684659
Eawag_XBridgeC18,r1,AB,40,0.116751696146271
Kojima,r1,Layer 1,20,0.19638503191190881
Kojima,r1,Layer 2,20,0.16264944958420985
Kojima,r1,Layer 3,20,0.18103988505382587
Kojima,r1,l4,20,0.19638503191190881
Kojima,r1,GB,20,0.1682775862059873
Kojima,r1,SVR,20,0.20697896649428463
Kojima,r1,BRR,20,0.19638503191190881
Kojima,r1,LASSO,20,0.16696990658120947
Kojima,r1,AB,20,0.1516825673026921
FEM_long,r3,Layer 1,20,0.13881417945551985
FEM_long,r3,Layer 2,20,0.08972031477557958
FEM_long,r3,Layer 3,20,0.09236608182239674
FEM_long,r3,l4,20,0.08972031477557958
FEM_long,r3,GB,20,0.13881417945551985
FEM_long,r3,SVR,20,0.2516230334909685
FEM_long,r3,BRR,20,0.24641120513753045
FEM_long,r3,LASSO,20,0.16787198203013468
FEM_long,r3,AB,20,0.13455905504278215
Taguchi_12,r3,Layer 1,100,0.06665770480301306
Taguchi_12,r3,Layer 2,100,0.05115894095047445
Taguchi_12,r3,Layer 3,100,0.03766608145875391
Taguchi_12,r3,l4,100,0.03766608145875391
Taguchi_12,r3,GB,100,0.05242713164941238
Taguchi_12,r3,SVR,100,0.14779389138398874
Taguchi_12,r3,BRR,100,0.06665770480301306
Taguchi_12,r3,LASSO,100,0.06895192451357511
Taguchi_12,r3,AB,100,0.056306224842316094
Aicheler,r4,Layer 1,60,0.023111260804814383
Aicheler,r4,Layer 2,60,0.016705778953825145
Aicheler,r4,Layer 3,60,0.013591014507404808
Aicheler,r4,l4,60,0.016705778953825145
Aicheler,r4,GB,60,0.035990866290198424
Aicheler,r4,SVR,60,0.05684045630594265
Aicheler,r4,BRR,60,0.023111260804814383
Aicheler,r4,LASSO,60,0.023071332303252104
Aicheler,r4,AB,60,0.04919045873003661
Beck,r5,Layer 1,80,0.0788226531953472
Beck,r5,Layer 2,80,0.07145507675567238
Beck,r5,Layer 3,80,0.06693753544212427
Beck,r5,l4,80,0.06693753544212427
Beck,r5,GB,80,0.0844696443129409
Beck,r5,SVR,80,0.09530169665173953
Beck,r5,BRR,80,0.0788226531953472
Beck,r5,LASSO,80,0.08567747103708817
Beck,r5,AB,80,0.08668419934119934
FEM_long,r1,Layer 1,60,0.09118972112367386
FEM_long,r1,Layer 2,60,0.087389350470483
FEM_long,r1,Layer 3,60,0.08557508526673924
FEM_long,r1,l4,60,0.087389350470483
FEM_long,r1,GB,60,0.08869232663982116
FEM_long,r1,SVR,60,0.21703355232853636
FEM_long,r1,BRR,60,0.24729137402159976
FEM_long,r1,LASSO,60,0.1093649888526661
FEM_long,r1,AB,60,0.09118972112367386
Beck,r5,Layer 1,40,0.10213742203914894
Beck,r5,Layer 2,40,0.07359675947280406
Beck,r5,Layer 3,40,0.07635587348791172
Beck,r5,l4,40,0.07635587348791172
Beck,r5,GB,40,0.0934719053416561
Beck,r5,SVR,40,0.09454825996074376
Beck,r5,BRR,40,0.10213742203914894
Beck,r5,LASSO,40,0.11359695686514659
Beck,r5,AB,40,0.09305248535171434
Taguchi_12,r3,Layer 1,60,0.06188356977900053
Taguchi_12,r3,Layer 2,60,0.05113067179356086
Taguchi_12,r3,Layer 3,60,0.04172201425408617
Taguchi_12,r3,l4,60,0.05113067179356086
Taguchi_12,r3,GB,60,0.06188356977900053
Taguchi_12,r3,SVR,60,0.16823573272471462
Taguchi_12,r3,BRR,60,0.13081309801294297
Taguchi_12,r3,LASSO,60,0.0564711971267345
Taguchi_12,r3,AB,60,0.06680507655614935
Taguchi_12,r5,Layer 1,20,0.09764415875085738
Taguchi_12,r5,Layer 2,20,0.08263287250417348
Taguchi_12,r5,Layer 3,20,0.12864419223403958
Taguchi_12,r5,l4,20,0.08263287250417348
Taguchi_12,r5,GB,20,0.09764415875085738
Taguchi_12,r5,SVR,20,0.19259767628552782
Taguchi_12,r5,BRR,20,0.08147715164841464
Taguchi_12,r5,LASSO,20,0.1319244012346008
Taguchi_12,r5,AB,20,0.11563020873275678
UFZ_Phenomenex,r2,Layer 1,20,0.08637220686593881
UFZ_Phenomenex,r2,Layer 2,20,0.12155271871279555
UFZ_Phenomenex,r2,Layer 3,20,0.08225415771377846
UFZ_Phenomenex,r2,l4,20,0.12155271871279555
UFZ_Phenomenex,r2,GB,20,0.08637220686593881
UFZ_Phenomenex,r2,SVR,20,0.10960502436417974
UFZ_Phenomenex,r2,BRR,20,0.10433512668927178
UFZ_Phenomenex,r2,LASSO,20,0.1598243264590596
UFZ_Phenomenex,r2,AB,20,0.11613027067367024
Stravs_22,r3,Layer 1,60,0.10605386463668356
Stravs_22,r3,Layer 2,60,0.08465557055724782
Stravs_22,r3,Layer 3,60,0.06408659430605775
Stravs_22,r3,l4,60,0.08465557055724782
Stravs_22,r3,GB,60,0.10485458021680712
Stravs_22,r3,SVR,60,0.11101922158417105
Stravs_22,r3,BRR,60,0.10605386463668356
Stravs_22,r3,LASSO,60,0.11688743453998604
Stravs_22,r3,AB,60,0.08892617843042185
Taguchi_12,r5,Layer 1,60,0.05897397753272763
Taguchi_12,r5,Layer 2,60,0.05986382278263079
Taguchi_12,r5,Layer 3,60,0.050029201865684464
Taguchi_12,r5,l4,60,0.05897397753272763
Taguchi_12,r5,GB,60,0.05897397753272763
Taguchi_12,r5,SVR,60,0.17698918168353128
Taguchi_12,r5,BRR,60,0.09591250882543523
Taguchi_12,r5,LASSO,60,0.06219084767734745
Taguchi_12,r5,AB,60,0.08256551154525615
MTBLS87,r5,Layer 1,20,0.1285953652627124
MTBLS87,r5,Layer 2,20,0.12209046286465793
MTBLS87,r5,Layer 3,20,0.14052976072854034
MTBLS87,r5,l4,20,0.12209046286465793
MTBLS87,r5,GB,20,0.13947083970255056
MTBLS87,r5,SVR,20,0.13483651539787533
MTBLS87,r5,BRR,20,0.1285953652627124
MTBLS87,r5,LASSO,20,0.13094185621434618
MTBLS87,r5,AB,20,0.13691200618178306
Eawag_XBridgeC18,r1,Layer 1,100,0.08683472339196624
Eawag_XBridgeC18,r1,Layer 2,100,0.08565450185292488
Eawag_XBridgeC18,r1,Layer 3,100,0.07853904851674565
Eawag_XBridgeC18,r1,l4,100,0.07853904851674565
Eawag_XBridgeC18,r1,GB,100,0.08683472339196624
Eawag_XBridgeC18,r1,SVR,100,0.1056578461596682
Eawag_XBridgeC18,r1,BRR,100,0.08487505498076377
Eawag_XBridgeC18,r1,LASSO,100,0.09300797102051882
Eawag_XBridgeC18,r1,AB,100,0.08726200010327761
Aicheler,r4,Layer 1,20,0.03308428699116016
Aicheler,r4,Layer 2,20,0.036225700261156395
Aicheler,r4,Layer 3,20,0.08066662776165083
Aicheler,r4,l4,20,0.03308428699116016
Aicheler,r4,GB,20,0.05166274886200393
Aicheler,r4,SVR,20,0.14513146195632906
Aicheler,r4,BRR,20,0.03308428699116016
Aicheler,r4,LASSO,20,0.02565840954297359
Aicheler,r4,AB,20,0.06459718104962672
Taguchi_12,r1,Layer 1,80,0.04956259120846953
Taguchi_12,r1,Layer 2,80,0.049387464457351364
Taguchi_12,r1,Layer 3,80,0.04285266946255955
Taguchi_12,r1,l4,80,0.04285266946255955
Taguchi_12,r1,GB,80,0.04956259120846953
Taguchi_12,r1,SVR,80,0.15464937274309423
Taguchi_12,r1,BRR,80,0.07200537995980297
Taguchi_12,r1,LASSO,80,0.06357645938135671
Taguchi_12,r1,AB,80,0.06415986539278584
Tohge,r3,Layer 1,20,0.15572718456826945
Tohge,r3,Layer 2,20,0.1772966596948228
Tohge,r3,Layer 3,20,0.12424854222539898
Tohge,r3,l4,20,0.1772966596948228
Tohge,r3,GB,20,0.20244486029292344
Tohge,r3,SVR,20,0.1512817923150827
Tohge,r3,BRR,20,0.18288218315591592
Tohge,r3,LASSO,20,0.181010003757087
Tohge,r3,AB,20,0.15572718456826945
Aicheler,r3,Layer 1,60,0.02016059697756102
Aicheler,r3,Layer 2,60,0.012538417422445915
Aicheler,r3,Layer 3,60,0.010997701868113668
Aicheler,r3,l4,60,0.012538417422445915
Aicheler,r3,GB,60,0.038828259397436005
Aicheler,r3,SVR,60,0.05133740552627083
Aicheler,r3,BRR,60,0.02016059697756102
Aicheler,r3,LASSO,60,0.017767127285041064
Aicheler,r3,AB,60,0.044891117544337784
MTBLS87,r4,Layer 1,20,0.11619627447592384
MTBLS87,r4,Layer 2,20,0.1406936685318538
MTBLS87,r4,Layer 3,20,0.10617725536245201
MTBLS87,r4,l4,20,0.1406936685318538
MTBLS87,r4,GB,20,0.11739138145246399
MTBLS87,r4,SVR,20,0.11619627447592384
MTBLS87,r4,BRR,20,0.12685279603775532
MTBLS87,r4,LASSO,20,0.19329055902352593
MTBLS87,r4,AB,20,0.09083664813887937
MTBLS20,r4,Layer 1,20,0.11793201410658309
MTBLS20,r4,Layer 2,20,0.13427985324263297
MTBLS20,r4,Layer 3,20,0.11111389704867082
MTBLS20,r4,l4,20,0.13427985324263297
MTBLS20,r4,GB,20,0.14667076603206172
MTBLS20,r4,SVR,20,0.16031806204092103
MTBLS20,r4,BRR,20,0.3680880551368607
MTBLS20,r4,LASSO,20,0.15374502592935277
MTBLS20,r4,AB,20,0.11793201410658309
RIKEN,r3,Layer 1,60,0.1413065127756112
RIKEN,r3,Layer 2,60,0.13011639087945068
RIKEN,r3,Layer 3,60,0.12528842273896654
RIKEN,r3,l4,60,0.13011639087945068
RIKEN,r3,GB,60,0.1413065127756112
RIKEN,r3,SVR,60,0.172307724053052
RIKEN,r3,BRR,60,0.16599848607346782
RIKEN,r3,LASSO,60,0.1863471924404797
RIKEN,r3,AB,60,0.140070899272509
Stravs_22,r1,Layer 1,20,0.13287552888332857
Stravs_22,r1,Layer 2,20,0.10917624829737041
Stravs_22,r1,Layer 3,20,0.08787619808455144
Stravs_22,r1,l4,20,0.10917624829737041
Stravs_22,r1,GB,20,0.13160208041075047
Stravs_22,r1,SVR,20,0.16588385119744992
Stravs_22,r1,BRR,20,0.14760462151495823
Stravs_22,r1,LASSO,20,0.17941010855864473
Stravs_22,r1,AB,20,0.13287552888332857
Beck,r2,Layer 1,100,0.08108933313091965
Beck,r2,Layer 2,100,0.07359107068968448
Beck,r2,Layer 3,100,0.06901677864251113
Beck,r2,l4,100,0.06901677864251113
Beck,r2,GB,100,0.08639257132601576
Beck,r2,SVR,100,0.08050076386258291
Beck,r2,BRR,100,0.08108933313091965
Beck,r2,LASSO,100,0.07531984305564225
Beck,r2,AB,100,0.09748197269257446
Aicheler,r3,Layer 1,40,0.026290621631820266
Aicheler,r3,Layer 2,40,0.02103295989851006
Aicheler,r3,Layer 3,40,0.025724423325942103
Aicheler,r3,l4,40,0.02103295989851006
Aicheler,r3,GB,40,0.051439765294392856
Aicheler,r3,SVR,40,0.0642016558180952
Aicheler,r3,BRR,40,0.026290621631820266
Aicheler,r3,LASSO,40,0.027345240970989244
Aicheler,r3,AB,40,0.06205124435625456
Taguchi_12,r3,Layer 1,80,0.059184051590262035
Taguchi_12,r3,Layer 2,80,0.06119507483027756
Taguchi_12,r3,Layer 3,80,0.049572620375450745
Taguchi_12,r3,l4,80,0.049572620375450745
Taguchi_12,r3,GB,80,0.059184051590262035
Taguchi_12,r3,SVR,80,0.1623448862446416
Taguchi_12,r3,BRR,80,0.06702921482680237
Taguchi_12,r3,LASSO,80,0.06187460375363962
Taguchi_12,r3,AB,80,0.06385120489532561
Matsuura,r1,Layer 1,20,0.08581379450675952
Matsuura,r1,Layer 2,20,0.0781629277580483
Matsuura,r1,Layer 3,20,0.08539607853294295
Matsuura,r1,l4,20,0.0781629277580483
Matsuura,r1,GB,20,0.08218704707793628
Matsuura,r1,SVR,20,0.08581379450675952
Matsuura,r1,BRR,20,0.07407511699288649
Matsuura,r1,LASSO,20,0.06439440879747688
Matsuura,r1,AB,20,0.07292024193563938
Taguchi,r5,Layer 1,20,0.015595030834572837
Taguchi,r5,Layer 2,20,0.013221026872547694
Taguchi,r5,Layer 3,20,0.012741301281766345
Taguchi,r5,l4,20,0.013221026872547694
Taguchi,r5,GB,20,0.015595030834572837
Taguchi,r5,SVR,20,0.060923774711190495
Taguchi,r5,BRR,20,0.06328462731515054
Taguchi,r5,LASSO,20,0.011133806437336935
Taguchi,r5,AB,20,0.02214229513680346
Taguchi_12,r2,Layer 1,100,0.048314657557912
Taguchi_12,r2,Layer 2,100,0.049481299739676625
Taguchi_12,r2,Layer 3,100,0.03841907293481171
Taguchi_12,r2,l4,100,0.03841907293481171
Taguchi_12,r2,GB,100,0.048314657557912
Taguchi_12,r2,SVR,100,0.14998120464305706
Taguchi_12,r2,BRR,100,0.10743131820138137
Taguchi_12,r2,LASSO,100,0.05899179955896522
Taguchi_12,r2,AB,100,0.0634691044800512
Taguchi_12,r3,Layer 1,40,0.06837537097319221
Taguchi_12,r3,Layer 2,40,0.10464100316521065
Taguchi_12,r3,Layer 3,40,0.0924843445462027
Taguchi_12,r3,l4,40,0.10464100316521065
Taguchi_12,r3,GB,40,0.06837537097319221
Taguchi_12,r3,SVR,40,0.19880114077468697
Taguchi_12,r3,BRR,40,0.08383022987330208
Taguchi_12,r3,LASSO,40,0.0992264867283335
Taguchi_12,r3,AB,40,0.09133445026544301
Takahashi,r5,Layer 1,40,0.07506756964830394
Takahashi,r5,Layer 2,40,0.11511420484641806
Takahashi,r5,Layer 3,40,0.06415891607226555
Takahashi,r5,l4,40,0.06415891607226555
Takahashi,r5,GB,40,0.07506756964830394
Takahashi,r5,SVR,40,0.07710780681996314
Takahashi,r5,BRR,40,0.08987254153998299
Takahashi,r5,LASSO,40,0.0860154758119805
Takahashi,r5,AB,40,0.07342830262084961
Tohge,r4,Layer 1,20,0.11461850467925398
Tohge,r4,Layer 2,20,0.12394041871349316
Tohge,r4,Layer 3,20,0.13685916707489368
Tohge,r4,l4,20,0.13685916707489368
Tohge,r4,GB,20,0.11461850467925398
Tohge,r4,SVR,20,0.17338724244034281
Tohge,r4,BRR,20,0.19267011688609056
Tohge,r4,LASSO,20,0.11113665136953374
Tohge,r4,AB,20,0.14591350266285835
Aicheler,r3,Layer 1,80,0.023953714255525477
Aicheler,r3,Layer 2,80,0.015709719963432477
Aicheler,r3,Layer 3,80,0.014250713858622666
Aicheler,r3,l4,80,0.015709719963432477
Aicheler,r3,GB,80,0.03355244154571202
Aicheler,r3,SVR,80,0.039631664957033776
Aicheler,r3,BRR,80,0.023953714255525477
Aicheler,r3,LASSO,80,0.023898952940815694
Aicheler,r3,AB,80,0.04422324233811788
Takahashi,r4,Layer 1,20,0.1030484728344776
Takahashi,r4,Layer 2,20,0.1291469862525408
Takahashi,r4,Layer 3,20,0.08618497372593878
Takahashi,r4,l4,20,0.1030484728344776
Takahashi,r4,GB,20,0.07963129822571614
Takahashi,r4,SVR,20,0.0920870739045851
Takahashi,r4,BRR,20,0.10873482695616166
Takahashi,r4,LASSO,20,0.10607040406363798
Takahashi,r4,AB,20,0.1030484728344776
FEM_long,r4,Layer 1,80,0.08605777828413066
FEM_long,r4,Layer 2,80,0.08834643148001628
FEM_long,r4,Layer 3,80,0.06487718139199705
FEM_long,r4,l4,80,0.08834643148001628
FEM_long,r4,GB,80,0.08605777828413066
FEM_long,r4,SVR,80,0.1848701181707912
FEM_long,r4,BRR,80,0.10975790722754857
FEM_long,r4,LASSO,80,0.09956899941288423
FEM_long,r4,AB,80,0.09018636465293545
Kojima,r2,Layer 1,20,0.14958930884266713
Kojima,r2,Layer 2,20,0.13690995961134567
Kojima,r2,Layer 3,20,0.1680729190035173
Kojima,r2,l4,20,0.1680729190035173
Kojima,r2,GB,20,0.1467403428803169
Kojima,r2,SVR,20,0.21837356234129243
Kojima,r2,BRR,20,0.14958930884266713
Kojima,r2,LASSO,20,0.11565857677202157
Kojima,r2,AB,20,0.15218558742349694
Aicheler,r2,Layer 1,60,0.020443081368105877
Aicheler,r2,Layer 2,60,0.01482208767716949
Aicheler,r2,Layer 3,60,0.01409542710162816
Aicheler,r2,l4,60,0.01482208767716949
Aicheler,r2,GB,60,0.03190077711034704
Aicheler,r2,SVR,60,0.047815012452156656
Aicheler,r2,BRR,60,0.020443081368105877
Aicheler,r2,LASSO,60,0.02039509786463052
Aicheler,r2,AB,60,0.04253375422447905
MTBLS20,r3,Layer 1,20,0.12291272161564153
MTBLS20,r3,Layer 2,20,0.16089657591604248
MTBLS20,r3,Layer 3,20,0.14179404934934625
MTBLS20,r3,l4,20,0.16089657591604248
MTBLS20,r3,GB,20,0.12291272161564153
MTBLS20,r3,SVR,20,0.1713955828561655
MTBLS20,r3,BRR,20,0.14874587534153194
MTBLS20,r3,LASSO,20,0.19514250226823168
MTBLS20,r3,AB,20,0.15854828042328042
Beck,r3,Layer 1,20,0.12227482879430561
Beck,r3,Layer 2,20,0.08653201265504058
Beck,r3,Layer 3,20,0.07236944652533168
Beck,r3,l4,20,0.08653201265504058
Beck,r3,GB,20,0.11602519020819389
Beck,r3,SVR,20,0.11775222373166865
Beck,r3,BRR,20,0.12227482879430561
Beck,r3,LASSO,20,0.12583003176495877
Beck,r3,AB,20,0.10552820829890154
RIKEN,r3,Layer 1,80,0.13116741709591492
RIKEN,r3,Layer 2,80,0.13375995117845538
RIKEN,r3,Layer 3,80,0.12521724556925115
RIKEN,r3,l4,80,0.12521724556925115
RIKEN,r3,GB,80,0.12096816840652348
RIKEN,r3,SVR,80,0.1755576002157061
RIKEN,r3,BRR,80,0.16560198214660055
RIKEN,r3,LASSO,80,0.16783640120703555
RIKEN,r3,AB,80,0.13116741709591492
Taguchi_12,r5,Layer 1,40,0.14164529153300223
Taguchi_12,r5,Layer 2,40,0.0772613379279901
Taguchi_12,r5,Layer 3,40,0.10507984715911803
Taguchi_12,r5,l4,40,0.0772613379279901
Taguchi_12,r5,GB,40,0.07266682229034621
Taguchi_12,r5,SVR,40,0.18237198926901568
Taguchi_12,r5,BRR,40,0.14164529153300223
Taguchi_12,r5,LASSO,40,0.11716626118465465
Taguchi_12,r5,AB,40,0.09785968083783415
Eawag_XBridgeC18,r3,Layer 1,60,0.10655828840278289
Eawag_XBridgeC18,r3,Layer 2,60,0.09709628570626143
Eawag_XBridgeC18,r3,Layer 3,60,0.08878850770739607
Eawag_XBridgeC18,r3,l4,60,0.08878850770739607
Eawag_XBridgeC18,r3,GB,60,0.10136374314865794
Eawag_XBridgeC18,r3,SVR,60,0.12464172207571349
Eawag_XBridgeC18,r3,BRR,60,0.10965151047472763
Eawag_XBridgeC18,r3,LASSO,60,0.12876292179128135
Eawag_XBridgeC18,r3,AB,60,0.10655828840278289
Tohge,r5,Layer 1,40,0.145394435407734
Tohge,r5,Layer 2,40,0.11249672695413787
Tohge,r5,Layer 3,40,0.08854643604446764
Tohge,r5,l4,40,0.08854643604446764
Tohge,r5,GB,40,0.145394435407734
Tohge,r5,SVR,40,0.14095091664960682
Tohge,r5,BRR,40,0.11000232717915302
Tohge,r5,LASSO,40,0.11957817133583958
Tohge,r5,AB,40,0.11091821409825035
Eawag_XBridgeC18,r1,Layer 1,60,0.0993101371878932
Eawag_XBridgeC18,r1,Layer 2,60,0.08242858334745815
Eawag_XBridgeC18,r1,Layer 3,60,0.08187602358846442
Eawag_XBridgeC18,r1,l4,60,0.08187602358846442
Eawag_XBridgeC18,r1,GB,60,0.0993101371878932
Eawag_XBridgeC18,r1,SVR,60,0.12074978651322187
Eawag_XBridgeC18,r1,BRR,60,0.10129617754423821
Eawag_XBridgeC18,r1,LASSO,60,0.11109207184151815
Eawag_XBridgeC18,r1,AB,60,0.10385717298228044
Eawag_XBridgeC18,r4,Layer 1,80,0.10936897593683888
Eawag_XBridgeC18,r4,Layer 2,80,0.0818697436661476
Eawag_XBridgeC18,r4,Layer 3,80,0.0787071695560559
Eawag_XBridgeC18,r4,l4,80,0.0787071695560559
Eawag_XBridgeC18,r4,GB,80,0.09359713115389386
Eawag_XBridgeC18,r4,SVR,80,0.11997801583589493
Eawag_XBridgeC18,r4,BRR,80,0.10936897593683888
Eawag_XBridgeC18,r4,LASSO,80,0.10523794744949834
Eawag_XBridgeC18,r4,AB,80,0.09681325191672797
Aicheler,r3,Layer 1,20,0.029992826184332456
Aicheler,r3,Layer 2,20,0.04435839971604383
Aicheler,r3,Layer 3,20,0.0467386267464747
Aicheler,r3,l4,20,0.0467386267464747
Aicheler,r3,GB,20,0.05923747442770696
Aicheler,r3,SVR,20,0.09578543063934951
Aicheler,r3,BRR,20,0.029992826184332456
Aicheler,r3,LASSO,20,0.028572618953782603
Aicheler,r3,AB,20,0.07142830674760021
Beck,r5,Layer 1,20,0.11242597743188971
Beck,r5,Layer 2,20,0.10175464687866752
Beck,r5,Layer 3,20,0.06665170870273794
Beck,r5,l4,20,0.06665170870273794
Beck,r5,GB,20,0.11242597743188971
Beck,r5,SVR,20,0.1314057645204772
Beck,r5,BRR,20,0.14671632274518895
Beck,r5,LASSO,20,0.16308278976341392
Beck,r5,AB,20,0.10813646871929972
Taguchi_12,r4,Layer 1,80,0.05976489227463578
Taguchi_12,r4,Layer 2,80,0.04613282604779286
Taguchi_12,r4,Layer 3,80,0.03449589063705916
Taguchi_12,r4,l4,80,0.03449589063705916
Taguchi_12,r4,GB,80,0.05976489227463578
Taguchi_12,r4,SVR,80,0.16825639652834842
Taguchi_12,r4,BRR,80,0.13629626358681748
Taguchi_12,r4,LASSO,80,0.061292354387820235
Taguchi_12,r4,AB,80,0.06967073337897847
Taguchi_12,r2,Layer 1,60,0.05897220207058653
Taguchi_12,r2,Layer 2,60,0.04914229516255404
Taguchi_12,r2,Layer 3,60,0.03376446179458284
Taguchi_12,r2,l4,60,0.03376446179458284
Taguchi_12,r2,GB,60,0.05897220207058653
Taguchi_12,r2,SVR,60,0.17042174071652047
Taguchi_12,r2,BRR,60,0.13640162344637954
Taguchi_12,r2,LASSO,60,0.05707404432961229
Taguchi_12,r2,AB,60,0.06974610748119847
Aicheler,r2,Layer 1,20,0.04909034119169459
Aicheler,r2,Layer 2,20,0.04347902448167693
Aicheler,r2,Layer 3,20,0.03308327765708084
Aicheler,r2,l4,20,0.04909034119169459
Aicheler,r2,GB,20,0.05845793827720308
Aicheler,r2,SVR,20,0.11204919778155317
Aicheler,r2,BRR,20,0.04909034119169459
Aicheler,r2,LASSO,20,0.039149590174222364
Aicheler,r2,AB,20,0.08543812543133195
Krauss,r1,Layer 1,20,0.11391771038859688
Krauss,r1,Layer 2,20,0.12750285672331044
Krauss,r1,Layer 3,20,0.1176216928938632
Krauss,r1,l4,20,0.12750285672331044
Krauss,r1,GB,20,0.11469454717154444
Krauss,r1,SVR,20,0.13068181818181818
Krauss,r1,BRR,20,0.11391771038859688
Krauss,r1,LASSO,20,0.10052315802069478
Krauss,r1,AB,20,0.10836940836940837
Krauss,r2,Layer 1,20,0.10227272727272728
Krauss,r2,Layer 2,20,0.10496158979280382
Krauss,r2,Layer 3,20,0.0801578843548995
Krauss,r2,l4,20,0.10227272727272728
Krauss,r2,GB,20,0.1040000698783181
Krauss,r2,SVR,20,0.09067914882680067
Krauss,r2,BRR,20,0.13772613490658528
Krauss,r2,LASSO,20,0.08185436750649511
Krauss,r2,AB,20,0.10227272727272728
Aicheler,r5,Layer 1,20,0.05342010083405868
Aicheler,r5,Layer 2,20,0.04862366887894676
Aicheler,r5,Layer 3,20,0.041143460467772605
Aicheler,r5,l4,20,0.041143460467772605
Aicheler,r5,GB,20,0.05342010083405868
Aicheler,r5,SVR,20,0.09910097000816882
Aicheler,r5,BRR,20,0.026694270743687784
Aicheler,r5,LASSO,20,0.028059709783994757
Aicheler,r5,AB,20,0.05429024327122153
Aicheler,r5,Layer 1,80,0.02136907262896318
Aicheler,r5,Layer 2,80,0.0159935028587846
Aicheler,r5,Layer 3,80,0.015533438837174425
Aicheler,r5,l4,80,0.0159935028587846
Aicheler,r5,GB,80,0.0300923942237772
Aicheler,r5,SVR,80,0.03977671453001043
Aicheler,r5,BRR,80,0.02136907262896318
Aicheler,r5,LASSO,80,0.0216246126149267
Aicheler,r5,AB,80,0.048749698236603155
Beck,r1,Layer 1,80,0.08746064260796428
Beck,r1,Layer 2,80,0.07332036676773745
Beck,r1,Layer 3,80,0.06909434109144987
Beck,r1,l4,80,0.06909434109144987
Beck,r1,GB,80,0.08467133399104983
Beck,r1,SVR,80,0.08935296994316333
Beck,r1,BRR,80,0.08746064260796428
Beck,r1,LASSO,80,0.09007019167158815
Beck,r1,AB,80,0.08451835156974664
Otto,r2,Layer 1,20,0.163574164675683
Otto,r2,Layer 2,20,0.11961465894550753
Otto,r2,Layer 3,20,0.13495341447161013
Otto,r2,l4,20,0.11961465894550753
Otto,r2,GB,20,0.163574164675683
Otto,r2,SVR,20,0.20841367850367726
Otto,r2,BRR,20,0.19565074065550983
Otto,r2,LASSO,20,0.245720846331375
Otto,r2,AB,20,0.17742275711831124
Takahashi,r1,Layer 1,20,0.11661398139226076
Takahashi,r1,Layer 2,20,0.12263297098962889
Takahashi,r1,Layer 3,20,0.07820071281409995
Takahashi,r1,l4,20,0.11661398139226076
Takahashi,r1,GB,20,0.11661398139226076
Takahashi,r1,SVR,20,0.09574666771388009
Takahashi,r1,BRR,20,0.097360290625665
Takahashi,r1,LASSO,20,0.08906525988930883
Takahashi,r1,AB,20,0.10019869063913611
UFZ_Phenomenex,r1,Layer 1,40,0.0890539640008744
UFZ_Phenomenex,r1,Layer 2,40,0.10226751543882746
UFZ_Phenomenex,r1,Layer 3,40,0.09087752723576294
UFZ_Phenomenex,r1,l4,40,0.10226751543882746
UFZ_Phenomenex,r1,GB,40,0.09003118376737314
UFZ_Phenomenex,r1,SVR,40,0.10155709869333679
UFZ_Phenomenex,r1,BRR,40,0.07613128723850848
UFZ_Phenomenex,r1,LASSO,40,0.10137169030067851
UFZ_Phenomenex,r1,AB,40,0.0890539640008744
RIKEN,r1,Layer 1,80,0.11682645915098185
RIKEN,r1,Layer 2,80,0.1465680879901432
RIKEN,r1,Layer 3,80,0.11178204852810122
RIKEN,r1,l4,80,0.1465680879901432
RIKEN,r1,GB,80,0.10888496582267816
RIKEN,r1,SVR,80,0.17361223089997296
RIKEN,r1,BRR,80,0.18412765502642497
RIKEN,r1,LASSO,80,0.18886164862976643
RIKEN,r1,AB,80,0.11682645915098185
Eawag_XBridgeC18,r2,Layer 1,60,0.10114213522503039
Eawag_XBridgeC18,r2,Layer 2,60,0.0872899560346579
Eawag_XBridgeC18,r2,Layer 3,60,0.08092181340965966
Eawag_XBridgeC18,r2,l4,60,0.0872899560346579
Eawag_XBridgeC18,r2,GB,60,0.10114213522503039
Eawag_XBridgeC18,r2,SVR,60,0.12803218821488538
Eawag_XBridgeC18,r2,BRR,60,0.10487107256797833
Eawag_XBridgeC18,r2,LASSO,60,0.11462205705529868
Eawag_XBridgeC18,r2,AB,60,0.10151091397261118
Aicheler,r1,Layer 1,60,0.022127224923032675
Aicheler,r1,Layer 2,60,0.016319644752907946
Aicheler,r1,Layer 3,60,0.01713705965942666
Aicheler,r1,l4,60,0.016319644752907946
Aicheler,r1,GB,60,0.03627824708267494
Aicheler,r1,SVR,60,0.05127598400500881
Aicheler,r1,BRR,60,0.022127224923032675
Aicheler,r1,LASSO,60,0.02059587597803953
Aicheler,r1,AB,60,0.05393096596023
Aicheler,r2,Layer 1,80,0.019991502085541388
Aicheler,r2,Layer 2,80,0.015101547135870816
Aicheler,r2,Layer 3,80,0.015715408709017317
Aicheler,r2,l4,80,0.015715408709017317
Aicheler,r2,GB,80,0.036998913980299426
Aicheler,r2,SVR,80,0.03827543584501704
Aicheler,r2,BRR,80,0.019991502085541388
Aicheler,r2,LASSO,80,0.0188935603436519
Aicheler,r2,AB,80,0.05111504696130743
RIKEN,r5,Layer 1,40,0.1354562095957445
RIKEN,r5,Layer 2,40,0.16535799464675574
RIKEN,r5,Layer 3,40,0.12954005592985218
RIKEN,r5,l4,40,0.16535799464675574
RIKEN,r5,GB,40,0.12090448418944995
RIKEN,r5,SVR,40,0.17851131780788426
RIKEN,r5,BRR,40,0.1759070778328383
RIKEN,r5,LASSO,40,0.17763427241689725
RIKEN,r5,AB,40,0.1354562095957445
Takahashi,r1,Layer 1,40,0.0592496535214392
Takahashi,r1,Layer 2,40,0.09234380626715047
Takahashi,r1,Layer 3,40,0.05461170045786623
Takahashi,r1,l4,40,0.09234380626715047
Takahashi,r1,GB,40,0.0592496535214392
Takahashi,r1,SVR,40,0.05475567960515489
Takahashi,r1,BRR,40,0.0715558597729536
Takahashi,r1,LASSO,40,0.06932187407712827
Takahashi,r1,AB,40,0.05160340927025144
UFZ_Phenomenex,r4,Layer 1,40,0.07903479139695936
UFZ_Phenomenex,r4,Layer 2,40,0.08758850035208446
UFZ_Phenomenex,r4,Layer 3,40,0.06532735260061108
UFZ_Phenomenex,r4,l4,40,0.07903479139695936
UFZ_Phenomenex,r4,GB,40,0.07903479139695936
UFZ_Phenomenex,r4,SVR,40,0.09655974041224945
UFZ_Phenomenex,r4,BRR,40,0.06591982049626369
UFZ_Phenomenex,r4,LASSO,40,0.10523673697896999
UFZ_Phenomenex,r4,AB,40,0.07291929178046767
LIFE_old,r3,Layer 1,20,0.0758524862508623
LIFE_old,r3,Layer 2,20,0.06575949017941281
LIFE_old,r3,Layer 3,20,0.049005167512577295
LIFE_old,r3,l4,20,0.06575949017941281
LIFE_old,r3,GB,20,0.11854152451884344
LIFE_old,r3,SVR,20,0.11171414951377466
LIFE_old,r3,BRR,20,0.0758524862508623
LIFE_old,r3,LASSO,20,0.07055349138891123
LIFE_old,r3,AB,20,0.14719416298434948
UFZ_Phenomenex,r2,Layer 1,40,0.09920449693922329
UFZ_Phenomenex,r2,Layer 2,40,0.10228484440111853
UFZ_Phenomenex,r2,Layer 3,40,0.08297453387344725
UFZ_Phenomenex,r2,l4,40,0.10228484440111853
UFZ_Phenomenex,r2,GB,40,0.08857404257449145
UFZ_Phenomenex,r2,SVR,40,0.09594552283945797
UFZ_Phenomenex,r2,BRR,40,0.1556137012540454
UFZ_Phenomenex,r2,LASSO,40,0.1497073807415558
UFZ_Phenomenex,r2,AB,40,0.09920449693922329
Nikiforos,r5,Layer 1,20,0.17666084018952644
Nikiforos,r5,Layer 2,20,0.11409986975552855
Nikiforos,r5,Layer 3,20,0.06081218204324371
Nikiforos,r5,l4,20,0.11409986975552855
Nikiforos,r5,GB,20,0.07445848730621597
Nikiforos,r5,SVR,20,0.0776657700994906
Nikiforos,r5,BRR,20,0.17666084018952644
Nikiforos,r5,LASSO,20,0.11525212246472764
Nikiforos,r5,AB,20,0.07673913853491318
Aicheler,r1,Layer 1,100,0.020873805773686055
Aicheler,r1,Layer 2,100,0.014814420844521718
Aicheler,r1,Layer 3,100,0.014711888249342638
Aicheler,r1,l4,100,0.014711888249342638
Aicheler,r1,GB,100,0.03377522713098771
Aicheler,r1,SVR,100,0.03663737446233186
Aicheler,r1,BRR,100,0.020873805773686055
Aicheler,r1,LASSO,100,0.02126747948636507
Aicheler,r1,AB,100,0.04409714116448801
MTBLS36,r1,Layer 1,20,0.39532547640872745
MTBLS36,r1,Layer 2,20,0.4575259683013572
MTBLS36,r1,Layer 3,20,0.38977801457880357
MTBLS36,r1,l4,20,0.4575259683013572
MTBLS36,r1,GB,20,0.3192851462496163
MTBLS36,r1,SVR,20,0.39532547640872745
MTBLS36,r1,BRR,20,0.3979992649853847
MTBLS36,r1,LASSO,20,0.366013014775525
MTBLS36,r1,AB,20,0.4695648804238098
Eawag_XBridgeC18,r2,Layer 1,80,0.10659360937206228
Eawag_XBridgeC18,r2,Layer 2,80,0.08866492318239205
Eawag_XBridgeC18,r2,Layer 3,80,0.08093273934489394
Eawag_XBridgeC18,r2,l4,80,0.08093273934489394
Eawag_XBridgeC18,r2,GB,80,0.10079773953648843
Eawag_XBridgeC18,r2,SVR,80,0.10617180715653309
Eawag_XBridgeC18,r2,BRR,80,0.10659360937206228
Eawag_XBridgeC18,r2,LASSO,80,0.10171286200748457
Eawag_XBridgeC18,r2,AB,80,0.09728261075270776
Stravs_22,r5,Layer 1,80,0.11540645188037724
Stravs_22,r5,Layer 2,80,0.06091420457224222
Stravs_22,r5,Layer 3,80,0.05800129320012806
Stravs_22,r5,l4,80,0.05800129320012806
Stravs_22,r5,GB,80,0.11540645188037724
Stravs_22,r5,SVR,80,0.09582158528279396
Stravs_22,r5,BRR,80,0.05928389860468762
Stravs_22,r5,LASSO,80,0.11399704649525999
Stravs_22,r5,AB,80,0.09164983326418888
Matsuura,r3,Layer 1,20,0.06309049513540127
Matsuura,r3,Layer 2,20,0.06441719592375411
Matsuura,r3,Layer 3,20,0.057073415846974375
Matsuura,r3,l4,20,0.06441719592375411
Matsuura,r3,GB,20,0.08372957338591623
Matsuura,r3,SVR,20,0.06933357826505263
Matsuura,r3,BRR,20,0.06309049513540127
Matsuura,r3,LASSO,20,0.05644845882836291
Matsuura,r3,AB,20,0.06706671315319752
MTBLS20,r2,Layer 1,20,0.14134082512315269
MTBLS20,r2,Layer 2,20,0.13600611832767792
MTBLS20,r2,Layer 3,20,0.09747505771533192
MTBLS20,r2,l4,20,0.13600611832767792
MTBLS20,r2,GB,20,0.14084786610585065
MTBLS20,r2,SVR,20,0.17905890804597702
MTBLS20,r2,BRR,20,0.18538065047375135
MTBLS20,r2,LASSO,20,0.12508802179832568
MTBLS20,r2,AB,20,0.14134082512315269
LIFE_old,r5,Layer 1,20,0.07230133650773167
LIFE_old,r5,Layer 2,20,0.07133718529024406
LIFE_old,r5,Layer 3,20,0.0674980612952406
LIFE_old,r5,l4,20,0.07133718529024406
LIFE_old,r5,GB,20,0.08295065565009187
LIFE_old,r5,SVR,20,0.08455577414037815
LIFE_old,r5,BRR,20,0.09184865199547115
LIFE_old,r5,LASSO,20,0.09658872370519768
LIFE_old,r5,AB,20,0.07230133650773167
RIKEN,r5,Layer 1,20,0.17657077796027387
RIKEN,r5,Layer 2,20,0.15319567902927414
RIKEN,r5,Layer 3,20,0.11839627121311046
RIKEN,r5,l4,20,0.15319567902927414
RIKEN,r5,GB,20,0.17657077796027387
RIKEN,r5,SVR,20,0.1724823054435432
RIKEN,r5,BRR,20,0.16528069721943323
RIKEN,r5,LASSO,20,0.19526065538708767
RIKEN,r5,AB,20,0.11127477432128594
UniToyama_Atlantis,r1,Layer 1,40,0.07982546576133737
UniToyama_Atlantis,r1,Layer 2,40,0.06588440776706764
UniToyama_Atlantis,r1,Layer 3,40,0.06166358830466308
UniToyama_Atlantis,r1,l4,40,0.06166358830466308
UniToyama_Atlantis,r1,GB,40,0.07982546576133737
UniToyama_Atlantis,r1,SVR,40,0.10614429672498493
UniToyama_Atlantis,r1,BRR,40,0.061311254136697454
UniToyama_Atlantis,r1,LASSO,40,0.05983190996205465
UniToyama_Atlantis,r1,AB,40,0.07514267456332412
UniToyama_Atlantis,r4,Layer 1,40,0.05769431728121115
UniToyama_Atlantis,r4,Layer 2,40,0.06481913904481511
UniToyama_Atlantis,r4,Layer 3,40,0.06243629720610062
UniToyama_Atlantis,r4,l4,40,0.06243629720610062
UniToyama_Atlantis,r4,GB,40,0.08402389894975511
UniToyama_Atlantis,r4,SVR,40,0.09338368050722545
UniToyama_Atlantis,r4,BRR,40,0.05769431728121115
UniToyama_Atlantis,r4,LASSO,40,0.07175701151771827
UniToyama_Atlantis,r4,AB,40,0.0600951768954554
FEM_long,r4,Layer 1,100,0.0756749665444045
FEM_long,r4,Layer 2,100,0.0766774211433125
FEM_long,r4,Layer 3,100,0.06503581564041194
FEM_long,r4,l4,100,0.06503581564041194
FEM_long,r4,GB,100,0.0756749665444045
FEM_long,r4,SVR,100,0.15260382729995695
FEM_long,r4,BRR,100,0.08922388199758509
FEM_long,r4,LASSO,100,0.07767225055939496
FEM_long,r4,AB,100,0.06159800166230707
RIKEN,r4,Layer 1,60,0.11619260946381528
RIKEN,r4,Layer 2,60,0.1390074085864229
RIKEN,r4,Layer 3,60,0.1066676694350619
RIKEN,r4,l4,60,0.1066676694350619
RIKEN,r4,GB,60,0.11619260946381528
RIKEN,r4,SVR,60,0.15734929206085663
RIKEN,r4,BRR,60,0.1720313700485432
RIKEN,r4,LASSO,60,0.17773188554099595
RIKEN,r4,AB,60,0.11589581888357017
FEM_long,r3,Layer 1,60,0.0753997094991376
FEM_long,r3,Layer 2,60,0.07561189594670281
FEM_long,r3,Layer 3,60,0.08370852877653229
FEM_long,r3,l4,60,0.0753997094991376
FEM_long,r3,GB,60,0.0753997094991376
FEM_long,r3,SVR,60,0.2308270595356206
FEM_long,r3,BRR,60,0.2636461138801267
FEM_long,r3,LASSO,60,0.09253907845459197
FEM_long,r3,AB,60,0.07386128727149471
Takahashi,r2,Layer 1,40,0.05961207418190241
Takahashi,r2,Layer 2,40,0.07474444376205565
Takahashi,r2,Layer 3,40,0.07969070987205487
Takahashi,r2,l4,40,0.07474444376205565
Takahashi,r2,GB,40,0.05961207418190241
Takahashi,r2,SVR,40,0.06015650173084721
Takahashi,r2,BRR,40,0.07618075443544621
Takahashi,r2,LASSO,40,0.10502574152018522
Takahashi,r2,AB,40,0.051928485842029554
FEM_long,r5,Layer 1,40,0.08998733694759412
FEM_long,r5,Layer 2,40,0.10183052913079463
FEM_long,r5,Layer 3,40,0.07626295754855533
FEM_long,r5,l4,40,0.10183052913079463
FEM_long,r5,GB,40,0.08998733694759412
FEM_long,r5,SVR,40,0.24930485883881554
FEM_long,r5,BRR,40,0.26764254694196554
FEM_long,r5,LASSO,40,0.11181099025501703
FEM_long,r5,AB,40,0.08313472729454723
FEM_long,r1,Layer 1,20,0.14661554611856212
FEM_long,r1,Layer 2,20,0.07555065835515909
FEM_long,r1,Layer 3,20,0.10353311016210155
FEM_long,r1,l4,20,0.07555065835515909
FEM_long,r1,GB,20,0.14661554611856212
FEM_long,r1,SVR,20,0.23572467218755178
FEM_long,r1,BRR,20,0.24710243456287756
FEM_long,r1,LASSO,20,0.14846062251699674
FEM_long,r1,AB,20,0.12664720854188666
