IDENTIFIER,time,MTBLS4_SVM,Beck_brr,Tohge_brr,Vogler_adaboost,MTBLS19_lasso,FEM_long_lasso,UniToyama_Atlantis_adaboost,FEM_orbitrap_urine_xgb,MPI_Symmetry_adaboost,LIFE_old_SVM,Taguchi_brr,FEM_orbitrap_urine_brr,MPI_Symmetry_lasso,UFZ_Phenomenex_brr,MTBLS20_SVM,MTBLS52_adaboost,Taguchi_12_lasso,Krauss_lasso,PFR-TK72_brr,Krauss_xgb,MTBLS87_lasso,MTBLS20_adaboost,FEM_orbitrap_urine_lasso,LIFE_new_brr,Taguchi_12_SVM,MTBLS39_adaboost,1290SQ_SVM,UniToyama_Atlantis_brr,MTBLS17_lasso,MPI_Symmetry_xgb,Ken_SVM,FEM_orbitrap_urine_adaboost,RIKEN_xgb,Takahashi_adaboost,Nikiforos_SVM,FEM_long_brr,Eawag_XBridgeC18_SVM,Takahashi_SVM,Tohge_xgb,Stravs_22_lasso,kohlbacher_adaboost,Cao_HILIC_brr,RIKEN_SVM,Taguchi_12_adaboost,Matsuura_brr,FEM_short_SVM,MTBLS39_xgb,MTBLS38_adaboost,LIFE_old_xgb,kohlbacher_lasso,FEM_short_adaboost,FEM_orbitrap_plasma_xgb,MTBLS19_xgb,Matsuura_15_SVM,Tohge_lasso,Takahashi_xgb,FEM_orbitrap_plasma_SVM,Matsuura_15_xgb,FEM_orbitrap_plasma_lasso,FEM_orbitrap_urine_SVM,Tohge_adaboost,Stravs_22_SVM,FEM_long_xgb,FEM_orbitrap_plasma_brr,Nikiforos_brr,FEM_short_xgb,LIFE_new_xgb,MTBLS87_xgb,MTBLS19_SVM,Vogler_SVM,LIFE_new_lasso,1290SQ_brr,UniToyama_Atlantis_lasso,FEM_long_adaboost,LIFE_new_SVM,RIKEN_brr,Tohge_SVM,Ales_18_SVM,Taguchi_adaboost,MPI_Symmetry_SVM,MTBLS17_brr,Cao_HILIC_lasso,Huntscha_brr,Huntscha_SVM,Takahashi_brr,kohlbacher_brr,UFZ_Phenomenex_lasso,IPB_Halle_lasso,IPB_Halle_brr,Taguchi_lasso,PFR-TK72_xgb,LIFE_old_lasso,MTBLS38_brr,Krauss_SVM,MTBLS36_lasso,MTBLS39_brr,1290SQ_lasso,Ales_18_xgb,Krauss_brr,IPB_Halle_adaboost,Huntscha_adaboost,Eawag_XBridgeC18_brr,Huntscha_lasso,MTBLS87_brr,Eawag_XBridgeC18_adaboost,Beck_lasso,MTBLS36_xgb,Vogler_lasso,PFR-TK72_adaboost,FEM_lipids_SVM,FEM_long_SVM,MTBLS20_lasso,MTBLS20_brr,Beck_xgb,FEM_lipids_brr,FEM_short_brr,Kojima_xgb,Nikiforos_adaboost,Kojima_SVM,kohlbacher_xgb,LIFE_old_brr,RIKEN_lasso,Matsuura_15_brr,MTBLS4_lasso,RIKEN_adaboost,FEM_lipids_adaboost,FEM_short_lasso,Otto_brr,MPI_Symmetry_brr,FEM_orbitrap_plasma_adaboost,MTBLS39_SVM,FEM_lipids_xgb,Ales_18_adaboost,MTBLS36_brr,Cao_HILIC_xgb,MTBLS52_brr,Takahashi_lasso,Cao_HILIC_SVM,MTBLS19_adaboost,Ken_lasso,Taguchi_12_brr,UFZ_Phenomenex_xgb,Otto_adaboost,Cao_HILIC_adaboost,LIFE_old_adaboost,Otto_SVM,MTBLS38_xgb,MTBLS36_SVM,1290SQ_xgb,FEM_lipids_lasso,Kojima_adaboost,MTBLS52_lasso,Kojima_brr,Stravs_22_brr,Ales_18_lasso,Taguchi_12_xgb,Matsuura_lasso,MTBLS52_SVM,UniToyama_Atlantis_xgb,MTBLS38_lasso,Otto_xgb,Otto_lasso,Eawag_XBridgeC18_lasso,Taguchi_SVM,Matsuura_15_adaboost,Ken_adaboost,MTBLS19_brr,Krauss_adaboost,Stravs_22_xgb,Kojima_lasso,Beck_adaboost,MTBLS52_xgb,Beck_SVM,MTBLS17_SVM,1290SQ_adaboost,MTBLS4_xgb,MTBLS39_lasso,Vogler_brr,Eawag_XBridgeC18_xgb,Matsuura_15_lasso,MTBLS17_xgb,Stravs_22_adaboost,MTBLS20_xgb,PFR-TK72_lasso,MTBLS87_SVM,IPB_Halle_SVM,Matsuura_adaboost,Huntscha_xgb,MTBLS4_brr,Nikiforos_lasso,Ken_brr,MTBLS17_adaboost,Ales_18_brr,IPB_Halle_xgb,kohlbacher_SVM,UFZ_Phenomenex_SVM,MTBLS38_SVM,Vogler_xgb,Ken_xgb,Nikiforos_xgb,LIFE_new_adaboost,UniToyama_Atlantis_SVM,PFR-TK72_SVM,UFZ_Phenomenex_adaboost,MTBLS36_adaboost,Matsuura_SVM,MTBLS87_adaboost,Matsuura_xgb,Taguchi_xgb,MTBLS4_adaboost
Adenosine_5'_diphosphate,534.75312,377.4685490884707,79.6438788645271,-138.92172516741812,102.0,360.40065223073145,666.6474158764861,491.89900001999996,114.14037322998047,117.03441998999999,87.29727106173186,1412.8799723949014,199.95836792020435,75.58492599642062,465.4526651282981,210.38929003470557,270.9125025,-6112.96632085839,111.78104114089412,513.3666836654404,87.83348846435547,723.2735107543376,228.0,138.3213625032696,31.349601011849842,-235.81413200299374,891.5516268000001,1061.6100000000001,689.7157732310457,147.31701877450882,196.02354431152344,869.6079804224609,101.63750000000003,30.902408599853516,519.492525,354.89525803837563,662.2608880436596,92.59791590197256,512.8012862222392,536.5137939453125,112.46461578115947,101.7,813.9914000208283,41.173830239321354,390.3166666666666,275.87799992018404,551.1519666765008,921.2530517578125,339.4672449666666,50.05792999267578,-193.01790559865412,704.0454545454545,94.41024017333984,296.2151184082031,1869.7991708227964,-646.3105233924351,512.0198974609375,47.16848172676242,2044.960205078125,31.18711710213961,175.58830434217828,592.8000000000001,340.7362779246347,712.331787109375,70.43698932846843,88.35848513753768,189.1498260498047,115.98812103271484,744.4644775390625,385.5833856727988,274.8841351724527,109.69624749119839,1258.605,-324.17083101920105,286.2781055900869,70.97721301049742,43.27014635835669,676.0607310726824,279.6120593153829,2621.7501,278.4815806095254,128.47929897801126,765.5172143799307,758.4919032060607,499.8855879242997,542.366209769872,-40.93121336088231,663.1868144180777,35.9700175099627,140.83728273455466,1184.4829826792807,131.44161987304688,92.70699515958893,484.66849838296037,111.79845315509483,284.4885265490708,1000.3864227485423,1000.1997921065681,85.19200134277344,141.40339975143593,93.69848148199999,648.0,-29.781990051129753,727.4459539003802,741.270731080132,246.1818181818182,65.9977283680659,311.4678955078125,489.25768964685454,359.5,195.03809867593765,508.03899016680157,173.87370030649083,175.03996003872078,236.9453887939453,388.60609019313824,491.51856265727264,392.33905029296875,288.2307692307692,511.79358937383876,80.23602294921875,66.64026341464168,38.81052318183024,2467.5174166761294,424.54330457438675,26.87383177570094,222.3,516.4260208578884,-12.432775623716452,62.79295742534117,151.6178571428571,545.6330236330311,261.1365966796875,92.10411818181818,129.6107867918987,714.58447265625,275.1004596635738,503.0854681356149,760.1892959335664,216.15,635.4466781080503,-8056.252118316359,1249.7095947265625,262.0,762.6705882352943,61.88852777793335,282.9459465911134,438.8977966308594,188.25785294060876,402.24468994140625,536.0141902473624,414.41249999999997,228.0999645286325,221.5479763873972,-60.36976737133915,207.10281362424624,106.91909790039062,499.7651941488122,224.03705660765954,559.3900146484375,381.6209867146282,158.91343688964844,414.46414135446304,-139.7428818952256,3116.2279287134043,2634.64,726.6729799999999,293.1963025710691,118.28571428571429,288.6861877441406,259.71594474468964,299.4230769230769,290.1665344238281,200.80463731074497,234.0253207965137,744.66,413.9115295410156,705.1020135050737,191.06179613925957,281.26416015625,3542.1900398716934,248.609130859375,343.38461538461536,113.50679016113281,873.3075125166888,769.2961378567543,65.30974326795825,398.84999999999997,599.6256103515625,443.6649083787269,352.5764034146004,473.0042733826335,226.999999998,31.984859081427544,157.96340942382812,-167.13561685680673,980.9688033978057,384.64306564216736,212.14279174804688,135.90037536621094,263.01611328125,147.13528571314285,639.3332324558044,291.22156902632446,1020.0,260.03625406258067,47.62068520803618,731.0526315789474,380.5886535644531,2630.095458984375,417.0
Inosine,340.5759,372.6415381404113,-137.70717471594037,821.7791424497632,102.0,326.7794384033795,721.7575403703559,657.7488329152939,150.707763671875,92.3788499925,74.25577914433137,1412.8796974986394,217.50213342907216,250.6703248887177,460.68736346747664,204.68742607448274,220.82502000000002,2068.027335157908,111.78104114089412,327.15165472537706,115.53340148925781,565.4477333237436,206.78181818181818,157.52046043925242,48.36379132227671,149.05575462268195,193.47130833000006,1061.6100000000001,822.1880075119811,135.39851177151232,156.1395263671875,968.6668497720727,101.63750000000003,60.033729553222656,304.7894632258064,309.59029476110675,662.7363021389156,84.46895236931016,401.48915615185035,524.2111206054688,81.5157944199467,100.8,552.9344616438752,46.28504435042045,348.2285714285714,306.9875006518388,578.5107904749053,181.7823486328125,367.27364691,77.93867492675781,-202.6134591763392,520.5,91.23703002929688,215.35911560058594,1951.8398260648594,247.37302588577444,325.0029602050781,179.2217242285559,2044.960205078125,172.3336742223467,195.7888875675133,638.6571428571427,270.6524439052106,136.77491760253906,183.9237235586915,92.98934206470057,148.9746551513672,57.4452018737793,493.57318115234375,300.30527339668777,320.76089163817136,59.23523678497958,1258.605,431.78380024034016,271.7209507042393,67.14001166474705,39.86838965022723,801.028804332875,372.22741147073185,2619.6967200000004,368.9899149844741,142.31661990210296,588.3545312810809,493.9181589369846,442.9230276477561,384.52018102316856,-125.63176700941173,514.797330907726,70.1682549780324,79.79781933677583,1184.0470651503597,267.0094909667969,74.51836341541653,389.860044390494,111.79845315509483,236.3696367907524,479.9530797365277,495.84760210040645,206.1260986328125,143.13876655140953,64.68836842263157,475.2,68.51306969477946,622.6807313420237,485.25639913600173,222.16901408450704,-86.81981504165122,289.7150573730469,489.25768964685454,297.1714285714285,186.3132580562847,762.1473001363745,203.81029567508693,180.20852273168856,138.7864532470703,304.444956694918,440.3573843189894,393.3592529296875,259.6363636363636,526.792429611681,81.6712417602539,79.08732714686417,41.85676157140024,2544.762161026302,397.1176684012452,30.309090909090923,150.0,433.4080353723615,-26.692924132218423,98.6114839395035,125.0,466.69031505085,122.449462890625,201.71166,249.56122747026927,579.8263549804688,126.0252214790982,376.22735797750113,532.5716108675667,216.15,894.6870964376319,10531.7183269887,1155.31201171875,114.6,566.8736842105262,66.47301595736172,156.44502487213222,332.1620178222656,190.0011685137161,568.965576171875,194.2798909722203,434.25000000000006,137.53347702621056,433.2702005099403,-13.130534623119388,317.6158667319595,106.68940734863281,352.54526400072086,186.8925860700444,598.7492065429688,500.55944953918726,106.23992156982422,67.0710291117806,-47.15153990393816,3072.5910030134046,2720.16,727.3031314285715,263.33573359709067,118.36363636363636,175.22265625,510.7405865080699,189.34426229508196,222.8778076171875,48.26929784275819,166.85268228427324,744.66,396.2354736328125,324.60992158029035,267.962337680295,247.75083923339844,3811.5213608352105,158.52281188964844,245.8125,274.72613525390625,550.792815031611,530.2211467733534,70.78652832404134,383.97,526.020263671875,405.38571604782334,282.409342172197,704.8752887751513,179.9600000004,63.547726921209915,68.3435287475586,-93.1193040232237,888.0619251454805,438.7720780860854,212.14279174804688,93.8287582397461,280.27294921875,66.7860869564348,774.337217757739,345.42730482081623,969.8181818181819,236.44386487466662,-55.96357473312143,502.38461538461536,224.26373291015625,2628.330810546875,410.52
NADH,572.3973,395.91085956854494,-36.09194094823533,369.67339794675206,786.0,390.72439815135044,970.5804864030645,460.3090828571428,125.7468032836914,531.4279500239999,69.87131997585236,1621.216944597494,296.76680040439425,89.98449701507542,79.08291979260434,309.70728946210596,492.14165999999994,-13169.748620507478,111.78104114089412,688.4808547878126,90.06658935546875,863.5954824794372,283.6363636363636,133.39986290666843,40.14393792671564,-374.6093966844913,1379.762394,1061.6100000000001,434.0052237217495,214.95330512229228,224.515869140625,764.4802866732095,127.95348837209305,36.98853302001953,541.9143272727272,417.4830846832715,402.70604958207196,25.803723843178943,582.2274051476438,785.0955810546875,-96.39078052092094,102.0,1125.5709595074745,32.11794497852907,449.8114285714287,822.7832935534077,698.1841317320941,1189.5538330078125,367.27364691,48.870018005371094,-187.8893451507746,1115.5306896552001,166.39755249023438,347.85552978515625,1663.1704643417368,-471.10137380880633,587.4213256835938,51.054803656939896,1667.1119384765625,-48.97806138954945,275.3959243508015,710.5285714285712,283.5839676445885,756.7108764648438,2.9447712665477184,32.68616189186457,741.0650634765625,88.26630401611328,716.0723876953125,446.61080334246753,270.5112687306842,35.990177745336695,1258.605,-366.1296035948925,1375.3084033613447,70.44012611234393,44.648590944038524,608.6094573796786,281.66355347239664,2753.4700599999996,282.2274826092382,154.3646941618772,1153.9709834713901,867.1410980574191,554.017046706632,604.0749844396765,122.00150193030004,102.11147098274341,-77.0391591057633,150.34980535914087,1370.9708278709163,134.95680236816406,119.69692488190866,598.915188527119,111.79845315509483,467.9034034612556,1758.0350237227572,1861.2375297482183,356.1863708496094,145.98744548105853,182.34300000049998,591.0,-160.20452868050342,779.5138173360153,918.4034287198817,341.75,1.454596376147265,319.5265197753906,489.25768964685454,403.223076923077,223.84747050075347,694.3973084593073,89.25426958866137,202.86150207194044,142.4588165283203,454.3594948704937,405.9940162312028,452.8835754394531,307.3333333333333,480.98059450382874,71.12947082519531,80.87152836246993,40.55800566538464,2273.3762368670873,453.7598851108188,65.19999999999999,354.0,453.7854746753235,-163.3307734646845,160.41668095555144,389.76,886.6215804686349,256.28460693359375,112.9948,281.84251861206263,703.4508666992188,511.82558738080144,598.8158893401679,848.8859230783136,260.66666666599997,570.9956648736404,-11459.994613892406,1075.344970703125,271.0,719.4,66.57049999986204,353.7877541746522,438.8977966308594,265.61107744884316,363.23602294921875,651.855284560077,571.8,390.60864297327896,76.98728391964266,-325.3638688028296,232.54200679260524,109.10921478271484,635.2851273344107,299.2891655300813,461.2151794433594,261.12772319298006,176.07150268554688,405.7816284900049,-330.7770165961296,3190.158073446347,1434.0559999999998,730.4696600000001,330.52173218836964,115.71428571428571,259.46478271484375,158.28525584109792,302.7931034482759,322.5390930175781,193.1608597708004,279.8022689330265,744.66,411.9924621582031,1460.0067103151734,149.73080581936975,349.97906494140625,2974.6844127456134,241.22943115234375,435.6,108.85371398925781,1092.6943778125533,748.7708645046789,104.60317248705852,563.616,630.0360107421875,479.43443486974525,406.5297913557307,396.05141277250334,226.999999998,100.76393932400566,227.43939208984375,-81.01263476426622,170.7465906376483,390.411432807343,773.4952392578125,215.22201538085938,278.03076171875,169.55280000079998,560.8617401655649,269.937232154483,955.6363636363636,260.03625406258067,327.3108106075127,793.92,555.1990356445312,3313.68310546875,420.97499999999997
Citrulline,289.94292,379.64911367243394,115.91933635694062,884.3616640325668,48.0,380.4861811161376,-33.24153080619908,752.4403200000003,255.93743896484375,243.972,32.960925169690725,1287.7488993227296,216.9940034237842,-86.68438612560533,523.7180132500087,82.84027845353904,220.82502000000002,4825.774255750853,111.78104114089412,558.5956809694733,106.38895416259766,865.7989392710888,95.91428571428571,64.87644918401588,24.84827195613761,291.7133470542705,192.19911786000003,1061.6100000000001,739.0440472232301,162.6453005346352,443.41339111328125,989.8972209234828,127.95348837209305,10.301770210266113,304.7894632258064,174.16173071467767,59.915117771698306,126.56216394811793,297.0612999427807,448.54974365234375,179.43103198568627,100.8,797.477524317814,0.7236508011231422,328.50000000000006,-531.3385839571216,359.3803818174871,161.63548278808594,103.99300793842092,35.24174118041992,-189.95812530741824,169.11803713569228,60.05713653564453,234.89422607421875,2009.3127636485585,-88.74835114201386,375.6765441894531,163.94123876840428,2044.960205078125,77.2944163182184,138.6741180904313,646.654054054054,190.5816916507403,87.91014862060547,30.560700205384023,112.94760652246498,95.52647399902344,28.966806411743164,781.185791015625,302.563839648803,236.92839503148767,27.25778766044226,1258.605,594.1355008410571,248.0218750000357,27.71892784870451,4.373288828831534,928.9740738834928,441.64954423071816,2619.6967200000004,446.86664373674233,160.35543386909205,694.5442014277877,157.88277308312422,444.4911809138835,296.9485616785901,-239.48413209803346,480.70610827377277,32.25020351889077,42.97752121333326,859.2077723677534,95.02188873291016,30.737692753679653,62.326496127135215,111.79845315509483,320.3363806789507,265.9878110611399,51.020123202467175,176.98899841308594,132.3191722415688,61.308166668,464.0,32.23526724729879,448.3082650101649,913.606364023362,219.2,78.03355615621581,91.26349639892578,489.25768964685454,297.1714285714285,101.56282558893952,160.13431611154033,79.28963767734905,90.37421247593096,206.31753540039062,-12.699655847920269,142.36666318030007,461.837890625,198.0,528.9000701149455,65.23319244384766,28.87745612626614,5.378733353112651,2668.374093597248,431.7834666574936,23.04193548387097,148.08,102.56652163031015,274.3809398690272,295.0576439008039,98.54347826086959,305.21117935336486,163.96473693847656,226.521,213.26008260863296,803.3887329101562,57.040347685958636,290.0739403869444,711.4349405107977,264.1285714285714,683.7446437321623,10709.59959499206,809.0503540039062,146.0,800.5090909090908,52.57392253512677,299.314913152437,92.4186019897461,128.07875541445307,428.5863952636719,50.85468635564234,451.0200000000001,81.3065583902468,58.686355013853245,109.3660959609457,-179.4179574149914,117.58515930175781,-308.41095316176006,146.13832712565687,656.334228515625,37.37103381655288,193.4499053955078,440.2841304737631,31.19942696813149,3047.302615732923,2720.16,732.310485,285.7312410699016,118.0,244.8172607421875,206.1846352157056,194.82857142857142,221.85377502441406,143.23823657116156,182.57894015895334,877.62,410.47064208984375,597.8014364156246,155.8327187111538,145.00331115722656,4303.78516495935,150.7442169189453,228.54545454545453,81.89215850830078,1003.27390461297,741.7790033312058,36.1212707896683,381.48,398.8419189453125,447.70328638052104,213.88737783991968,685.9904028437576,206.899999998,306.70817217629417,25.875757217407227,-132.5600821814944,910.0891582037284,142.1635236371946,50.78312683105469,620.2706909179688,138.87628173828125,47.49440217339131,879.1231829141459,369.158550622152,656.7857142857143,155.8436653053333,-150.84073928277894,828.0,195.71566772460938,2630.139892578125,421.40000000000003
4_AMINOBUTYRIC_ACID,303.42552,376.18331790792695,168.90581595357236,831.750620103076,48.0,328.34805051323616,249.2026462213396,762.0627161629787,93.20246887207031,468.459,54.96196126429561,1281.6811195646355,179.55489029950445,216.08849588448078,676.3568720482504,125.282931536745,220.82502000000002,6367.967327967235,111.78104114089412,431.11950920242975,108.40913391113281,794.4325433458549,81.13220338983051,183.69062304615312,40.7623019516206,374.0841179101638,187.34732616000002,1061.6100000000001,898.9149303652871,157.97314184753725,476.5536804199219,1022.0656457459123,99.03,10.318137168884277,299.4472168421052,223.88832328086735,271.6947774902908,181.6406643488944,313.752982218268,457.1627197265625,236.1229537021341,100.8,688.2398286211103,20.74214212670867,449.8114285714287,-372.9730826924333,372.4809138903956,161.63548278808594,115.66086764388875,41.1150016784668,-163.15230456047212,185.053448276,62.13753128051758,93.89862060546875,2082.3622778888243,-7.688349797709236,311.71331787109375,214.86343239740955,2044.960205078125,118.6332682278977,203.40149318966735,735.7411764705879,243.48044003649312,116.96981811523438,79.6852277232523,141.89159446063172,126.07855987548828,30.060829162597656,1099.6778564453125,275.81837552065747,315.63380031139644,53.4966028359587,1258.605,718.6990652465199,250.09475806451607,50.157900304399874,17.769918396462486,966.257504130792,472.7812437506056,2619.6967200000004,471.9234302107324,158.81572632978532,706.2295665671439,496.16981409477216,423.5575687800986,276.4311728454327,-147.92142336712115,610.0700692274429,2.2677123808271062,11.27438623992282,892.0635514428003,127.53175354003906,51.659002872998315,195.60797792752282,111.79845315509483,296.2707906053387,67.38085350681752,-125.81601574272963,242.16558837890625,129.9308540336675,62.480111111666666,434.0,102.43990441203061,573.363944183102,771.7850959633975,217.15384615384616,177.49169606247807,147.99476623535156,489.25768964685454,346.42499999999995,131.0328336060402,407.73382038698674,115.74260942593094,88.9146185029656,237.33013916015625,-11.41254655842613,218.70326451497988,414.42584228515625,199.2,513.4815218791006,65.38417053222656,61.661490045699566,19.032736062020774,2746.435148177027,402.66779462914235,21.75392670157068,105.71428571428571,122.80615738232962,344.5869434478601,319.5598649562851,95.85600000000001,231.30889668135598,97.17535400390625,303.9292285714286,213.5289100054157,683.1039428710938,60.801491585843394,291.33209807945,680.3137564459015,260.66666666599997,743.511146705277,9896.1718028916,555.0321044921875,107.14285714285714,630.4499999999997,53.29858910946534,285.7780173304854,179.92604064941406,150.6251997382385,428.5863952636719,34.3127146442248,451.0200000000001,103.52813400452101,246.9580889042739,138.9538591940206,221.9969153356425,125.51789855957031,-302.07799120468826,141.1729662153135,804.0569458007812,247.7722423900284,226.22146606445312,468.7210442915747,109.78491757579849,3027.5354253917812,2720.16,740.9771836363637,270.80083930407784,118.0,262.7489013671875,162.16311898811887,240.9873417721519,221.85377502441406,210.96297436552732,174.43011449639857,1010.58,397.1224060058594,328.5445982819981,256.1506640640168,177.05531311035156,4433.605656370453,71.78539276123047,198.30769230769232,60.57563781738281,259.5230039534012,665.8367466450761,81.15200690636783,381.48,293.4668884277344,409.04972666621086,249.84689783130992,748.6263481822552,154.399999998,341.02306267047925,33.610050201416016,-119.90923204047745,968.3016411455039,288.2413561576119,194.2901611328125,676.0057373046875,138.87628173828125,47.49440217339131,906.4569592860614,392.5223968842086,540.8888888888889,147.67200859111114,-251.26836289158803,665.0,224.26373291015625,2617.791259765625,406.5
Homoserine,279.7944,372.6892468995243,63.132026794858746,717.9100202025601,48.0,310.6438217108293,12.184940768538809,696.8296469776743,62.688655853271484,243.972,35.813894914898796,1281.6811520675437,35.08625092344869,183.89579952305326,557.9482997208963,115.2839588730235,220.82502000000002,4883.572814957423,111.78104114089412,360.0190026763901,115.09063720703125,762.6977595743037,86.0,75.3463379601069,9.387404140201426,360.83523176306153,182.5638047,1061.6100000000001,832.8817609625892,145.17825156734233,324.5804138183594,997.5386962029658,99.03,9.51573657989502,297.798928,215.33379376837124,16.535431692629345,143.56277365342493,319.9960872672031,439.2206115722656,171.48996136671894,100.8,768.9575332629759,16.401594976447512,317.7900000000001,-333.7524156381289,380.5084588974884,150.67166137695312,109.2882681131249,34.79039001464844,-209.09752301025375,153.87044334942857,58.7044792175293,86.06495666503906,2057.3920062576785,-18.36448509064843,268.67352294921875,173.07440191010937,2044.960205078125,76.4947821525621,145.27480786126614,681.4645161290323,230.99873903572603,72.80204010009766,18.59804372102076,78.34287526774926,108.68700408935547,27.865591049194336,714.235107421875,276.41047076738374,306.75319255781847,16.633570183803215,1258.605,647.8783212923374,247.75569105692682,27.898366932916872,12.404147341669471,926.6283818690499,473.8585910135488,2619.6967200000004,469.00225324771316,153.62184569789446,764.728421268003,444.4982362679241,420.617778229758,278.700445993249,-198.50623609362032,542.4401331576138,-44.891675318209025,-62.77236506725609,1003.0264697731509,102.64598846435547,26.261222755965036,130.18464165716114,111.79845315509483,186.61653785565983,89.53037468821981,-383.68542189757864,156.84033203125,134.6835832952716,58.237130435739125,432.0,19.664009285216707,516.4951497348804,779.2986217070707,209.08163265306123,100.4001929284218,87.51447296142578,489.25768964685454,204.23076923076923,119.10534393252786,269.4134336301213,88.7659382334815,66.97328367361308,221.95028686523438,93.46327033597211,144.646988380634,402.3246154785156,179.45454545454547,516.3771399610293,65.2733154296875,25.985216468351297,13.050205050652465,2691.184441868689,413.00073601259106,21.75392670157068,129.88235294117646,121.7148279506348,242.1486911456982,324.33542074077343,95.85600000000001,238.00347106712888,140.9831085205078,243.972,155.58087759652517,809.2808837890625,64.67107918250579,261.15140285591576,721.7085422338846,182.59999999800002,717.8764381035882,9081.336265667049,529.3283081054688,107.14285714285714,796.2352941176473,52.57392253512677,275.8146425749892,157.2025909423828,129.76372778819837,428.5863952636719,87.96230214238031,434.4857142857142,128.31992770416713,157.20340819444303,45.51800911248938,211.34293485240926,118.72467803955078,-354.44455491917245,143.79563967927692,556.8572387695312,100.55669844240117,176.91964721679688,418.9296145269862,48.8448335746902,3030.810339778258,2720.16,725.389992,270.8007860108177,119.0,274.89727783203125,143.96829256241233,207.69230769230768,221.85377502441406,188.93111024727668,175.39683462787826,744.66,410.47064208984375,334.1205800726143,217.26650859489317,54.1827278137207,4776.022869621972,71.78539276123047,210.47368421052633,55.34128189086914,142.15101331963422,684.9100256403859,53.86554466552525,381.48,261.4107666015625,427.8200774815088,240.3228956215017,642.0387691915986,202.33333333400003,345.2313500089168,27.116531372070312,-127.39001002087987,927.0812003372946,260.8059288530211,50.78312683105469,589.8350219726562,138.87628173828125,48.1827906975349,843.7861207025967,365.2793288097925,559.8461538461538,155.8436653053333,-212.72680595383525,649.9746835443038,202.88992309570312,2630.139892578125,420.6
D_Gluconic_acid,342.417,371.7628203344476,-143.0810163933843,64.8999937052954,48.0,315.37232077600083,-222.50383677756327,513.8489800000001,109.45742797851562,208.047,39.08608902965274,1281.6813013870374,-45.05949482777373,232.1910100630693,562.8415319047583,138.11461118463433,220.82502000000002,2180.932526102416,111.78104114089412,84.27623076150064,120.68897247314453,743.4832385257565,91.40425531914893,-3.7019192758086774,5.281661282040432,194.62942464251563,152.33719932,1061.6100000000001,666.7844683321641,141.63276881322724,116.584716796875,941.4664863115281,101.50212765957444,14.248029708862305,410.87522000000007,245.7277264634845,-348.1168886878104,114.0523201185922,378.83345526926394,411.2202453613281,97.55645226753757,100.8,815.2006024916736,18.867423941328894,405.4421052631579,-114.3880608783302,394.12700081962583,142.5552215576172,111.68791238699994,49.11916732788086,-329.47723565206417,169.11803713569228,58.87494659423828,220.3151397705078,1971.4940793187266,-398.59225601951005,373.120361328125,143.39210172877625,1854.1129150390625,72.46009244682648,127.98756304809842,559.3956521739132,252.62184945427882,85.27750396728516,18.40765229581359,-31.655849446991567,84.47770690917969,33.864463806152344,685.0109252929688,280.8074123724969,306.69436547538703,36.39365239687868,1258.605,261.72355156482456,247.75569105692682,35.724847398223886,18.433866069291454,796.4790310009894,465.0572453450349,2619.6967200000004,457.0578876975177,150.12357341312588,735.009917987882,412.9891189795775,431.15750374480837,421.4285592538915,-365.7705167915111,714.2399337814113,27.467089977005628,-30.296190868276653,1094.4381927949817,191.6575164794922,25.181154522128423,109.57060765357778,111.79845315509483,89.4880198458846,94.51098062764584,83.42792099656458,260.28228759765625,145.32596829664294,70.51938095314286,454.0,-76.33842121092812,446.5433920103439,738.0126156916972,219.79245283018867,-21.88627709696169,94.77865600585938,489.25768964685454,188.325,95.63530323865473,33.338218469209096,111.22218782266054,76.4598422082309,731.38916015625,93.46347008533684,112.58383719019366,292.301025390625,212.66666666666666,501.0054131419014,65.17806243896484,23.62734318697241,20.60146326781644,2559.02682880088,450.8928744110904,21.96682464454978,756.0,177.4997497446035,-21.31136778374139,338.66231120910857,95.85600000000001,214.98996378131676,240.43214416503906,395.147,97.90176789453801,811.2464599609375,57.04084055617702,370.7289069613149,758.6464534245899,260.66666666599997,625.0379211778579,6767.670970616202,1046.988037109375,114.6,799.6000000000003,60.29668000056,287.63478185405927,133.10972595214844,97.61921559413503,428.5863952636719,118.23411030216869,355.2,67.59876731648913,-51.01466467985722,-79.52927446698362,224.48852165845594,108.50748443603516,-474.17005906985435,135.5565635573754,471.3663024902344,128.80701044000568,185.06631469726562,318.50969709818895,5.006746941132633,3048.5224668322935,2634.64,726.7044545454547,285.7307762642841,119.0,183.7242889404297,116.44469069670981,256.2608695652174,223.8271026611328,168.99009241799618,175.60264494539643,445.14,410.47064208984375,113.65278213971078,268.0025948600612,128.7130584716797,4925.28258167406,65.58943176269531,245.6,53.926918029785156,-240.88305045673576,774.0044534772937,63.973598337934476,393.21,396.66302490234375,481.82591574850625,243.22648005610012,436.6636597790904,202.9799999988,357.85626959312236,74.15193176269531,-186.01187164245624,979.5873808218639,244.46747294876886,50.78312683105469,527.042724609375,171.14779663085938,53.06888372113958,677.1417306550807,265.5770810558264,823.1489361702128,147.67200859111114,-57.52345096382759,772.7142857142857,195.71566772460938,2630.139892578125,420.23999999999995
Malate,328.85958,370.60582458250394,157.0191451474435,467.8474096608205,48.0,310.6438217108293,179.58964029728418,702.3946085571428,60.19740676879883,228.58571428285717,59.34155217799528,1281.6812106689704,100.94347835924668,260.86461334269916,880.1273461670054,168.39771404869003,220.82502000000002,5731.367421221463,111.78104114089412,383.06930589902663,116.1606216430664,753.4807548634194,84.51428571428572,148.92054407346023,65.87955875182982,226.32490784700025,163.15622933999998,1061.6100000000001,786.3944307899834,143.0633529143035,204.71121215820312,965.1045438375074,99.03,19.992023468017578,311.745884,269.7534755651076,170.28378564785453,211.90632620568041,425.6199757394825,460.97918701171875,261.633818564563,100.8,719.5700682861147,29.526902638320763,364.90000000000003,-327.6060141604162,292.6899692808884,161.63548278808594,250.29384316666656,43.586421966552734,-250.41763358522545,179.26710875353845,80.48723602294922,88.32212829589844,2048.278343215398,-328.3095717531867,413.0203857421875,190.0600993295808,1854.1129150390625,161.3125915719051,222.46647893276736,700.8166666666666,273.7749877043665,122.33810424804688,146.09263294330464,116.85459703841641,198.81570434570312,29.565959930419922,794.4846801757812,272.71366152279455,317.32365482092047,70.97540617838644,1258.605,353.0549589278631,247.75569105692682,60.8076800147507,34.329099919536255,893.8103121021798,476.189931398565,2619.6967200000004,473.93738649672764,153.3200681786102,636.4981572947986,454.9130818258393,424.3693966271586,455.15184637764105,-261.7355499505022,905.7215499157163,46.14584870509054,52.332989947418355,1094.4381927949817,95.6077651977539,56.657480195782696,261.4379666928583,111.79845315509483,159.91302579186214,50.039115336441455,38.57038024809549,260.6498107910156,134.17957048987324,62.480111111666666,432.0,142.21587555568044,501.50038088642646,752.6149544699566,210.6206896551724,191.1845847199187,146.41944885253906,489.25768964685454,212.1,87.05857319252627,208.0393057635506,145.81750118387214,127.4138901244159,311.25140380859375,93.46347567604604,64.2128306323446,395.44317626953125,202.5,517.0482702266731,65.17806243896484,58.96101456067531,36.042231652934476,2725.7626094422976,410.54807236935625,23.00518134715026,156.0,110.58341428850952,504.40310501676794,382.8380510986356,97.4,188.16648602561776,288.53814697265625,303.9292285714286,169.33722698354285,785.50146484375,96.83749507865747,441.37977626409827,735.3274358794907,194.166666666,652.4829000810003,7719.281374967464,500.2033386230469,128.0,753.8571428571428,60.87022222248482,352.9493905919837,255.2381591796875,144.7630967509679,428.5863952636719,154.64244958251496,429.36,80.19837113990693,217.71029356177803,174.7912496304712,270.5601502635742,110.16832733154297,-536.1166828515262,144.52456601492875,574.0345458984375,292.27289424061615,180.24884033203125,635.7866782368679,170.5992006905201,3030.8340858316888,2720.16,726.7044545454547,270.80077281085346,115.71428571428571,338.8124694824219,161.0626329413945,366.0,221.85377502441406,221.131484541166,169.64271314808542,744.66,410.47064208984375,152.89043240593048,271.0805353727018,102.74406433105469,5013.071667878164,151.89071655273438,284.72727272727275,61.88359832763672,154.3694051260386,778.1845427852428,73.92696578126302,384.15,320.6727600097656,425.5148633026125,259.24362292100665,635.9600433509314,200.40000000120003,396.7838236521269,45.76791763305664,-203.22094985509273,1079.9012152977898,310.47369856639864,50.78312683105469,589.8350219726562,156.1331329345703,54.52177922064936,746.5324076028392,326.1979026192298,559.8461538461538,147.67200859111114,-215.80790904715306,759.0,195.71566772460938,2630.139892578125,420.23999999999995
S_Adenosyl_L_methionine,248.27682000000001,393.0259776267529,-229.02450100728618,824.8966552437712,102.0,360.302697828737,362.107692087596,752.4403200000003,267.57257080078125,316.59400001,50.636622882470476,1489.0777973855677,190.21689830324652,49.676595789695,43.83560841653866,179.19980951636194,267.44582499999996,2581.6943200365904,111.78104114089412,215.75754447512082,93.84906005859375,801.8840306596262,271.2,40.806153240331355,-10.12825090773319,284.17291941016197,958.9903287428572,1061.6100000000001,867.6617867515407,114.89390736310447,176.90504455566406,937.0729099169096,350.20000000000005,19.078596115112305,434.43821500000007,327.21928033875383,-297.04100222735724,-21.610816284380064,418.1769291842945,527.0816040039062,-177.45486532784986,101.7,820.6479342422896,24.265199550049402,364.90000000000003,263.9530930178801,514.3298186432694,1047.148681640625,486.0812488857142,61.667640686035156,-214.3567809899492,580.6999999999999,150.5966796875,249.05230712890625,1880.1774422568576,38.80097882820317,391.8785095214844,91.75420365696658,2044.960205078125,-140.34646380681124,252.6780182346152,651.7714285714286,199.89184761463798,157.60379028320312,-136.3099658466623,-40.509581169460375,138.26023864746094,121.12310028076172,851.6076049804688,324.1340792235671,286.1414427582023,13.411441405065574,1258.605,203.25523710301195,286.2781055900869,28.019483982042686,26.155911388056367,870.617941948076,357.34097072612315,2619.6967200000004,349.24698405487464,105.54203312081873,766.4393815707251,546.239202109776,504.03748909258906,521.4084325435083,70.0686019622459,-97.37355708457562,-14.760605761326758,-14.175820786669192,954.272689606425,299.07757568359375,49.5606706318373,225.406861663028,111.79845315509483,453.4649621851267,1046.0878328989281,1907.0131855347101,185.297119140625,149.5153443627318,101.14462963022223,613.2,-193.61100852272529,690.2596622227175,788.0324034672549,251.02702702702703,-161.61644984555375,154.0104217529297,489.25768964685454,361.11999999999995,114.58216402833821,486.56795361774107,113.62456644444927,104.93455897304062,130.68344116210938,160.8864332056172,163.44010707134686,465.4958801269531,265.57142857142856,502.12014047161904,72.96358489990234,37.39144214041505,23.751863309484833,2404.152504253898,420.90827173387464,37.43999999999999,150.0,325.01233741952433,-41.203258459657945,120.1020352503599,151.76923076923075,618.370802046,85.42445373535156,131.3357,311.3795986099139,782.1641845703125,259.8204614341262,404.73923341676095,629.2391849300536,252.4800000006,992.2490091638654,16506.26374451531,880.49072265625,224.0,665.478947368421,64.857098214375,192.96630580971285,438.8977966308594,204.61265292053093,344.8889465332031,74.97386581555543,491.4,270.19477033858317,305.93689219466273,-433.4580083501459,98.79620751219255,118.67662811279297,333.2826565565709,231.88472728133758,803.2481079101562,222.0259799338619,150.03294372558594,213.1511257808338,-280.3343548577723,3117.8786083152936,2720.16,744.454998,300.66107792625786,115.71428571428571,151.08909606933594,285.639332616307,207.69230769230768,258.6290588378906,69.3749007357224,207.8392875137849,1010.58,416.4161071777344,1244.7436329819677,86.23792734916157,307.39111328125,3313.428682576425,209.94398498535156,266.57142857142856,136.74501037597656,551.4091289769666,601.6292961395362,97.64166751658664,384.15,516.0458374023438,428.7664952209138,353.52011206848255,674.4891607670772,208.27142857114288,82.48512534532489,159.0465087890625,-12.4530834703625,717.2371023431584,373.0113633476913,773.4952392578125,214.98890686035156,263.01611328125,122.16679605260525,832.7357767071163,350.0489304661336,1011.0,225.34121316,45.95238339943933,726.6,375.22991943359375,2628.330810546875,420.71999999999997
L_Arginine,244.91922000000002,380.6393760058922,111.58452319090196,847.0468187504861,48.0,166.1547147085418,-106.76183093362556,750.9619731426313,257.4101867675781,220.37376923076923,-3.0129558471940925,1287.7488824223592,103.87124070036202,-171.88056000455902,54.895694196071645,6.447024680632694,220.82502000000002,4145.592931382936,111.78104114089412,515.4270689740674,106.38895416259766,1130.736555998769,95.91428571428571,-84.50036963061848,-29.553557928219163,444.3547312659126,194.96755620857144,1061.6100000000001,751.2035158422493,162.64210261124808,443.41339111328125,992.8684602904577,127.95348837209305,10.270108222961426,307.20857823529417,152.44065133037793,-337.2536736944239,90.50178260132134,266.54689966727227,450.77105712890625,85.90169782889564,100.8,993.9475483765525,-3.2652963320458213,483.24375000000015,-531.3385822897365,297.08137482464673,150.67166137695312,106.3764341259999,34.66179656982422,-189.74695556297578,166.07844827625,60.05713653564453,202.19032287597656,2009.567604822309,-52.12053270949497,375.6765441894531,46.13315793638225,2044.960205078125,-86.9489655980201,26.479376976092226,646.654054054054,150.76383855243984,69.12519836425781,-124.75936465251698,47.012045273709816,75.33586120605469,26.12268829345703,1482.8489990234375,241.7111428015115,212.49476346857196,-3.173581168338359,1258.605,608.0349556030255,248.0218750000357,-36.28179506627973,-2.9356167767926706,944.911261708069,435.62100880617686,2619.6967200000004,443.192099141025,160.33618011572594,1002.8240228440995,172.39561289965877,426.5706397715722,256.96827832843513,-212.48091167410223,28.69084741582401,20.439205312310946,-81.79863975230796,817.391258205061,104.57879638671875,10.974225704393973,-66.58860554141131,111.79845315509483,128.47139890581815,353.84696617911123,53.17811041627647,176.98899841308594,135.06479676499762,61.308166668,464.0,-81.3319121808351,538.626425024965,1124.2972335172942,219.2,95.26283890444142,87.00186920166016,54.538037978213765,297.1714285714285,103.1190768104974,35.24637392794989,-10.554705712925227,-18.034143803418658,206.31753540039062,-12.699566865255008,24.699328526486624,468.43731689453125,160.5,504.43719412550865,65.23319244384766,14.139390353941451,-2.351383141108059,2665.6835092743304,433.4350679981137,23.04193548387097,148.08,49.80514836457621,197.12190666267486,295.057598703311,99.59230769230768,344.8229297555872,170.0556640625,186.12574999999998,213.25878849179975,845.142578125,60.529410638484705,257.2734475983832,825.4958063572856,260.66666666599997,718.9887637241451,12007.893373850311,715.1815795898438,146.0,816.8062500000001,52.57392253512677,254.21823772000425,111.3962631225586,100.51813282634683,428.5863952636719,35.24787218180222,442.88571428571424,35.948530082605885,90.49080699952407,-101.60477038277003,-250.86547953112768,125.49805450439453,27.576936176561368,122.46008409672784,662.5850219726562,-14.965257271524251,191.82992553710938,410.4078389579248,-67.87560760838005,3047.0321621646076,2720.16,735.692988,162.82172308449614,118.0,270.2879333496094,168.82945421119814,194.82857142857142,221.85377502441406,113.58999014499346,190.72615780256305,1010.58,410.47064208984375,814.1174490203483,56.018978434366545,130.73838806152344,4256.9462697492145,152.6552276611328,205.23529411764707,53.564125061035156,1067.2906040611551,794.0920731174763,33.46424832346332,381.48,398.8419189453125,450.0085005594173,200.50515794277234,636.9474722058114,205.62857142771432,306.70806265428126,32.76380920410156,-93.86086314879707,616.6582408426017,144.410150989415,50.78312683105469,541.986328125,138.87628173828125,46.90454444413334,905.77797210281,377.17389967455364,657.2,155.8436653053333,-154.3850384240443,1332.0,202.88992309570312,2630.139892578125,421.62857142857143
L_Cysteine_Sulfinic_acid,405.56232,371.9695909352118,67.83437538634422,350.9068931291743,48.0,310.6438217108293,313.7184400610556,696.8296469776743,64.16140747070312,394.43299998,32.223541027309295,1281.6812066967357,12.36329184465967,162.88823075020582,552.0910138644995,114.46010709196491,220.82502000000002,4003.7501842266984,111.78104114089412,367.30509106407555,110.14213562011719,835.0013148214083,86.77241379310345,60.64695475196993,18.830836963108624,310.1117262177292,166.96729581,1061.6100000000001,768.1173891384308,141.59549800543488,220.255126953125,985.7181449759479,99.03,9.42646312713623,302.01130114285706,223.24468811390858,80.78167210612833,94.12852823517812,346.69251629309446,462.26885986328125,142.99183805428657,100.8,710.990758422397,12.811388766747527,478.02857142857135,-468.24161799564,386.3906312059399,150.4459228515625,103.99300793842092,35.110992431640625,-233.8054189803085,169.11803713569228,63.95098876953125,199.09007263183594,2041.5579373271974,-313.63172908696504,300.2571105957031,129.11907162014796,2044.960205078125,31.304238840443645,133.75793218526957,700.8166666666666,216.83480283858634,61.993553161621094,1.7159325146258197,70.91681029861235,135.08026123046875,34.6791877746582,801.4197387695312,283.9754928823515,297.84305476893434,8.912832428360275,1258.605,418.83932260781484,247.75569105692682,31.155424477200228,19.023514561285168,911.5745282328868,453.6677432547552,2619.6967200000004,449.59512621876144,148.7686361417667,714.0337727362512,411.2729297249505,422.39007723557916,361.1978089261051,-169.57108593596058,535.2847868349171,-32.44274362334022,-8.70840560284637,1094.4381927949817,96.66584014892578,8.587955128904952,140.45935699747974,111.79845315509483,122.12910681453394,145.77951945577047,7.473581320165977,266.38580322265625,135.43867670478616,58.237130435739125,454.0,-25.29992738330742,495.5149709874044,872.2035477000702,210.6206896551724,109.49991654295394,112.27230072021484,489.25768964685454,212.1,129.09347983471133,236.95333095053365,107.55259571965405,68.18694248167202,264.4518737792969,93.46357519568554,260.4927169915244,424.1154479980469,198.0,523.7827229522038,65.21818542480469,23.34949229856602,17.03079638855526,2693.5602778576103,410.7412759418867,21.75392670157068,562.3333333333334,426.1706833373013,251.10159522984506,306.42642791969644,95.33793103448276,236.267220557727,211.8555450439453,339.42999999999995,161.88569740635927,808.0806884765625,149.01274129534556,296.9772242592306,728.4723350475149,194.166666666,672.6759440426905,8952.979142113016,937.0383911132812,128.0,753.8571428571428,53.29858910946534,279.8205154031837,91.95917510986328,111.85010885687456,389.8985595703125,124.37406673225456,442.88571428571424,94.84727525106004,249.21177931033276,4.5803852938864225,188.0296481710956,117.6457748413086,81.56508623416522,142.27842681772026,574.0345458984375,108.03971353950851,180.52523803710938,337.6533635548899,1.0732119590558113,3036.506297820296,2720.16,726.7044545454547,270.8007873860478,115.71428571428571,244.88665771484375,292.7476526865022,259.2,222.8778076171875,173.36385927863955,177.37681951393873,744.66,410.47064208984375,401.1667137202019,186.3410232528909,108.91427612304688,5017.211167130273,151.89071655273438,228.0,61.06888961791992,235.62347433778507,730.0753558057379,52.36578951858394,394.3425,359.5376892089844,425.78452620724755,263.9997781668054,627.6306052238997,184.900000002,329.44999109098455,28.526453018188477,-149.18259624857922,926.0660519146943,251.07026831469884,50.78312683105469,511.5506286621094,138.87628173828125,46.90454444413334,812.7385043805745,339.19163394508155,656.7857142857143,147.67200859111114,-190.1570100820831,665.0,195.71566772460938,2630.139892578125,421.32
Carnosine,237.13397999999998,378.03072959541595,-76.41641819474091,627.1374989321284,102.0,372.8130556140935,287.3318193605792,734.3368176352939,146.17295837402344,281.68860000000006,40.612128480980374,1432.5061027993988,231.82094946559556,240.0186140215986,331.4243751093139,150.67152324909162,220.82502000000002,5094.776719689307,111.78104114089412,259.49505453935564,121.70541381835938,774.6073319984151,204.58064516129033,209.92496846135583,52.80547065248075,416.2635502735877,192.19911786000003,1061.6100000000001,802.7100831000671,153.7016991763984,350.2866516113281,973.2869183932038,101.63750000000003,11.44994068145752,469.1314513043477,276.73985836963016,579.290674885619,41.262494479153474,403.53253381500105,440.4194641113281,83.24459955636524,100.8,761.95187620735,19.40206464842845,348.2285714285714,-282.2390715662705,338.25613882654864,179.74461364746094,213.0802429666667,49.29695510864258,-147.528607651833,489.0,120.37123107910156,200.8524627685547,2031.3476597351362,281.5980627507174,555.0595703125,118.30668139705796,2044.960205078125,99.92585201183465,240.24581778061759,635.5636363636364,181.23865733373682,444.10223388671875,122.15054030241527,150.79316934699673,411.22296142578125,26.85593032836914,623.5161743164062,317.686912842407,300.2885495131997,24.290035225064457,1258.605,306.102170743781,271.7209507042393,65.79779198536751,18.488378422472195,895.3862743148437,439.31631304784685,2619.6967200000004,437.25587647686893,160.55721175574962,823.1390404013738,120.72001501253584,409.956988600702,428.73481397910075,-142.74810240908118,374.22869148182974,50.961171803501315,37.28763036218015,1029.2907298348719,247.00872802734375,57.197378477281575,261.50567563948795,111.79845315509483,154.58907068338527,387.27762872559333,252.6819429537959,307.1579895019531,131.17701417754807,87.43776666759999,470.4,8.573596994281104,142.81635865422055,767.3967690800648,227.22935779816513,-26.648729950521385,237.912109375,489.25768964685454,205.08749999999995,103.55061116284026,484.7159479302088,80.04735396059351,130.08504385398976,112.35105895996094,268.72248550994885,234.81428395059726,416.93524169921875,245.57142857142858,522.9097259308911,65.6553955078125,49.278276665375785,22.144868292644233,2700.2346748405153,402.273644015788,28.080000000000013,130.58823529411765,-7.807080295994183,391.71184017036825,288.28373385897737,134.74799999999996,411.69847757499235,126.24060821533203,305.7549933333333,217.5248487140209,711.7369995117188,207.47783847763756,408.48266503650177,655.5554256986876,252.4800000006,773.0368216055333,12364.11707202635,780.0722045898438,224.0,619.7419354838709,61.768020618680424,238.59289773590518,197.17822265625,183.623412932809,529.9569091796875,181.60244033926293,426.53999999999996,302.219479601318,115.62545969042208,-93.67453110255002,250.3215728065976,128.18719482421875,-474.8071767968629,202.30535002449946,696.3648071289062,278.17741656647405,178.4108428955078,459.2993421976443,-49.603378056637894,3059.0162994123457,2720.16,738.09766,340.2271621433667,118.5,184.50025939941406,5.006812223194004,194.82857142857142,211.5052947998047,83.88715575419985,187.56678314810108,445.14,395.6413879394531,516.1090878817422,183.2696485142451,147.19100952148438,4664.145305796908,154.7122344970703,228.54545454545453,124.15123748779297,470.65015582938395,644.9277439496863,84.67813178088431,383.62,249.70884704589844,409.04972666621086,269.90833958665297,707.194027225324,205.62857142771432,271.5759690457196,67.85218048095703,-56.52855019093968,787.9834803403235,367.51809704336375,212.14279174804688,290.7315673828125,206.4320068359375,53.562062500050004,825.4335280343115,349.0635486481792,894.0,188.0782309423881,-249.3481069857718,619.3125,202.88992309570312,2630.139892578125,406.5
NADP+,531.48948,392.09961380963085,197.8872538722486,464.243866816889,786.0,430.06193949123264,403.0117065913164,458.87137667000013,153.06930541992188,149.07151999799999,112.76136401349854,1632.0469287308924,416.1147756469223,38.44221056674161,479.33740987459964,353.486774167509,492.14165999999994,-21536.47653076605,111.78104114089412,911.9703691456602,89.49671936035156,841.9697136588358,279.75,-12.565451854335606,79.28187289213605,-687.5004717865877,1379.762394,1061.6100000000001,337.5393957455908,268.0918680172855,183.4640350341797,758.7027239666016,101.63750000000003,35.7671012878418,560.427325,432.6509903686053,586.4334604098572,49.407272464433674,633.0292378690261,442.0981140136719,27.17754042536052,102.0,1260.9055585655597,36.00906149011838,465.0827586206896,596.7264325711583,740.7446447420956,1200.007568359375,401.22565293333327,48.90329360961914,-197.72871410809586,1131.1642720306668,145.59971618652344,359.95611572265625,1661.2221670108856,-571.2211461736565,587.4213256835938,38.98005463225411,1667.1119384765625,46.19874688228015,223.99703536789428,607.8893617021278,416.20457522556944,722.9522094726562,193.90293496146336,109.77624370408151,697.8330078125,82.73822784423828,877.32861328125,480.05374514889036,250.80252695258875,153.85656836146157,1258.605,-586.3348612081103,606.3583333333335,77.47090439360605,47.6159056290668,508.0323453658035,185.80634232062573,2819.33004,180.26802893907228,177.13075267462085,1128.3193473691956,852.9933494812375,575.9186557312784,613.13653515127,49.33952090092485,734.3233490926139,151.57745947032168,340.5869757858612,1497.5550345669426,132.49908447265625,217.7056488080089,794.4608374163538,111.79845315509483,528.084828761333,2012.7191576973382,1917.6667471021804,126.88288879394531,152.7738914619888,185.48211111133332,624.0,-57.076675160298635,790.7017129797043,843.0559619098442,322.5,80.86647596818767,315.20361328125,489.25768964685454,398.7,246.4655866420766,508.674059682141,261.97081528171975,341.1059793245586,125.8386001586914,503.1131360710781,665.7095047962382,393.95538330078125,307.2413793103448,503.2106882154395,70.93431091308594,112.80026899779944,36.90433678981754,2309.22449760216,451.71525320491645,59.23333333333335,354.0,908.5978832169477,-87.95996939618101,234.20394703983948,390.4235294117647,921.0574787542325,228.09298706054688,88.9846,272.007874432373,733.5277099609375,545.9470187867901,587.0702742838696,934.0329958151312,296.800000002,485.42045919393195,-25733.692553534765,1120.98388671875,271.0,757.7062499999998,66.56118376066667,399.79328922502214,438.8977966308594,273.65307018601703,383.8976135253906,897.4681508994654,531.2,356.15861862800705,253.85568772786968,-126.64646693220317,63.15977975948795,120.0269775390625,1369.2013908174551,303.6813408126791,413.35162353515625,219.28766075677322,161.72193908691406,591.7457885518285,-289.71333867007735,3209.9696140714677,1434.0559999999998,744.454998,345.45187902998885,117.06976744186046,335.7587890625,426.0848637658595,341.8363636363636,346.1858825683594,262.4944555200632,297.4890054489856,1112.64,412.5896911621094,1294.5486660178688,168.3498684724744,326.34881591796875,2969.538082286046,260.7791442871094,442.0,136.052490234375,1684.0921729549323,848.4228843822018,163.8187767683163,714.8249999999999,656.0860595703125,478.2420787745633,454.256335712636,401.85954224294414,264.700000002,174.01570400123228,209.41539001464844,-150.6672472776694,1023.6489469749707,347.95035074968916,212.14279174804688,55.45688247680664,278.03076171875,149.98059848518182,507.456347753202,252.55108335004468,980.0,263.0437268520001,353.82070276156213,793.92,963.4663696289062,3481.494140625,419.8
Adenosine_5'_monophosphate,531.06828,377.3452615898786,-46.947059367277916,-157.19737819841464,102.0,361.67741797902477,492.6267057055229,630.0913300000001,123.38523864746094,117.03441998999999,80.44491755217491,1489.0776971287446,203.0612748372659,103.7825690241886,355.65285372441406,171.1665480171627,264.85,-4330.767131072483,111.78104114089412,480.3385036117271,114.69474029541016,654.3682921976301,226.5,114.0338712834448,25.382435973012036,-71.87911253863734,211.57818630000003,1061.6100000000001,749.0862880408,162.35205559643185,87.89269256591797,898.6980295770791,101.50212765957444,27.22798728942871,463.23599999999993,331.8896714943144,402.9660811436672,64.76898566979008,456.2293541192223,424.1160583496094,72.23407173638145,101.7,674.7785521475244,37.614126360124494,368.0333333333333,122.04693237755797,522.10453302888,168.18077087402344,338.32898978571427,75.19657897949219,-194.93161451697975,636.0,84.60273742675781,271.2305908203125,1908.7109771077976,-516.3080251585908,512.0198974609375,67.91329902115876,2044.960205078125,28.58622054972841,161.7631479665937,606.970909090909,285.01210116391303,249.3339080810547,51.44819329034692,72.43521273166948,109.78369903564453,88.7388687133789,691.0989990234375,354.2449350122178,282.7861562838087,62.594099781108156,1258.605,-150.39445006140352,273.3455782313061,57.66209449551249,36.68407504710529,741.9284599026414,304.56076224978045,2619.6967200000004,303.90569626398235,125.3953738910691,662.1847888203581,604.7918982406421,472.45866176794357,477.2148993759285,-112.39091075954639,478.9058986242087,16.402916581974637,83.48664779630025,1196.428059205842,139.5721893310547,82.59465898727356,400.0552322338604,111.79845315509483,295.476426753747,818.9459945650989,1050.4096567778904,85.19200134277344,136.1401721057002,93.69848148199999,624.0,-20.176808587067683,674.0672481070433,664.7478557642577,243.21259842519686,-9.26810773941503,306.09527587890625,489.25768964685454,359.5,164.1388432813209,470.4106911017425,129.873968718713,123.58423237563153,178.60208129882812,342.7279336247103,448.7040118570393,310.0218811035156,284.85714285714283,510.3682052663874,80.53791046142578,51.95644988537893,35.47840301054708,2491.4210813424384,426.33643057346825,26.87383177570094,222.3,322.2678208727376,-27.516523915917105,80.7022733703119,126.89999999999998,498.3235271407134,159.73104858398438,92.78742222222222,135.42308398191614,724.98486328125,198.19796867806218,469.8831389095651,669.8141219547167,216.15,585.6356500203372,-2078.845499902127,1160.651611328125,182.0,762.6705882352943,64.50781481494444,219.46727326707367,336.50140380859375,160.08385024909705,402.24468994140625,420.9911468446329,314.45,185.82059852677804,192.69260413162465,-104.99830442539616,193.59425292699126,104.57854461669922,521.4886036034172,207.84964713270602,611.6278076171875,367.91818188792297,162.8712921142578,278.2698226568624,-132.3152787777745,3094.077906802165,2720.16,727.3031314285715,278.26609033283313,117.72972972972973,191.50042724609375,319.7605083234373,212.76923076923077,238.30767822265625,117.44633547272679,214.75878425326272,744.66,408.7391662597656,617.6659497560487,185.14357290413096,283.6291198730469,3644.6602389967125,203.83352661132812,272.8,188.97811889648438,830.5902046445358,691.1025206378041,50.16168598961079,398.84999999999997,565.9133911132812,443.6649083787269,323.7744061902039,455.98601483094615,212.71428571285716,47.76635497966896,147.19017028808594,-140.6301133943179,880.1802638662904,380.28553190982814,212.14279174804688,131.1353759765625,263.01611328125,126.12167543905264,692.1132124155799,306.32706848636496,1000.421052631579,188.0782309423881,-1.294352366289587,698.88,305.77081298828125,2630.139892578125,417.225
SUCCINIC_ACID,614.66658,372.0322020018564,240.52610545508747,749.241548844225,48.0,310.6438217108293,542.0910964148466,718.4693377028572,69.71807861328125,243.972,68.74308663116395,1281.681159961236,183.23600591849237,271.5018502413027,953.1208435021261,201.50063380945875,220.82502000000002,7053.039503379825,111.78104114089412,590.7547380416275,108.67901611328125,625.4441027997525,97.58297872340425,220.92800958561446,92.28441660492294,234.3114670683986,182.67224682,1061.6100000000001,870.0348421252475,146.63538668434379,207.57919311523438,995.1517652402704,99.03,24.780977249145508,299.5067754545455,270.09013494596445,468.3220331448599,249.79067656048633,415.381712262925,460.022705078125,340.1827851256121,100.8,671.4096559606282,39.68558208439945,458.52857142857135,-471.76614725516447,316.6276039488477,161.63548278808594,115.66086764388875,70.59595489501953,-208.89561221965192,190.78706896575,80.52484893798828,109.31705474853516,2069.8254425894597,-364.93138969226857,324.27569580078125,243.71257970689294,2044.960205078125,225.9242255958801,257.82231825499656,735.7411764705879,294.68851829058053,297.9844665527344,207.10819342952584,179.60808467399534,237.19248962402344,90.83869171142578,755.8057861328125,272.9171259282198,326.3075849504739,98.28620687799341,1258.605,547.4620059876926,265.43500000000006,75.93860130296436,40.89726883826595,933.3069494360116,493.15291103633945,2619.6967200000004,488.7336576361708,158.28151892168316,595.0365693600273,448.5543728678906,420.0418429923333,421.0090414383959,-221.49389935310273,929.927040171487,52.338832553232464,72.97657766746681,1004.332002731921,100.74623107910156,69.38111437094639,319.5325686350941,111.79845315509483,250.04649238952706,11.074156711384376,465.2527536660954,259.0483703613281,129.3367981871264,61.72526315905263,426.0,229.73464432616646,519.7623357416252,628.8119876231654,211.44827586206895,248.60352777675632,316.4961853027344,489.25768964685454,212.1,85.15982739148285,424.2056666283936,211.04058942002013,185.15248192060932,297.67706298828125,93.46325795600771,152.86051911150997,456.3360595703125,209.07692307692307,517.3680471566246,65.23319244384766,74.43333491041538,40.25472508729565,2749.1257285943716,397.0998050221115,21.912371134020617,117.75,242.56018886690265,637.0838303524911,378.0624060161738,98.33333333333334,201.63870321651956,176.93544006347656,303.9292285714286,213.0869050405205,615.4298706054688,104.35878218899808,440.2351892260438,717.2892728999838,296.800000002,746.3473952731641,9002.510553950611,440.4228515625,226.0,619.7419354838709,63.78854761908577,358.1080347524421,182.03306579589844,177.00950294374775,428.5863952636719,115.93639445509723,437.64,127.48481209818995,261.26987635297087,312.77358192273425,293.21806478767076,125.51789855957031,-633.5470306723881,149.12165733515684,774.4940795898438,314.3556452486488,248.4596710205078,677.8199181820831,228.20161757644468,3030.7123402628918,2720.16,740.9771836363637,270.8007823670421,114.0,376.4315490722656,155.39697057315618,354.57142857142856,221.85377502441406,244.50121820882327,170.29613017597197,744.66,397.1224060058594,134.9058832675347,271.0738642174463,80.03836059570312,4959.973454943557,153.80172729492188,290.3333333333333,76.07664489746094,346.47962525709096,714.3058937097771,89.89932860437929,381.48,358.9053649902344,406.74451248731464,256.82512043299266,758.2219056199399,154.399999998,392.5755274850437,58.40773010253906,-187.58566153761944,1094.9933826931472,332.4595687552145,194.2901611328125,736.1542358398438,156.1331329345703,69.3058406593846,821.232773774512,378.0284980438552,600.8571428571429,161.11692045666666,-246.97982199346336,640.0540540540541,217.0894775390625,2628.330810546875,406.5
