rt,pred,experiment,train_size,fold_number
230.4,275.09696707383756,Taguchi_12,374,3
1377.6,1391.329964886553,Taguchi_12,374,3
113.4,109.49682077593872,Taguchi_12,374,3
138.6,162.11091745515273,Taguchi_12,374,3
1425.0,1498.5640840157516,Taguchi_12,374,3
761.4,701.1502452091504,Taguchi_12,374,3
1719.0,1703.5289618110614,Taguchi_12,374,3
1741.2,1648.7151969480076,Taguchi_12,374,3
649.8,624.9718304359175,Taguchi_12,374,3
1636.2,1692.1169686687006,Taguchi_12,374,3
2395.2,2179.2943389646607,Taguchi_12,374,3
1360.2,1273.6423637212388,Taguchi_12,374,3
577.8,585.5805229869146,Taguchi_12,374,3
1511.4,1552.238416344641,Taguchi_12,374,3
1416.6,1288.4955545431426,Taguchi_12,374,3
2103.6,2071.414881604392,Taguchi_12,374,3
1388.4,1445.9737359867136,Taguchi_12,374,3
612.0,616.3041574758423,Taguchi_12,374,3
930.0,908.442081575356,Taguchi_12,374,3
1662.0,1501.5513343393231,Taguchi_12,374,3
761.4,868.6052281924534,Taguchi_12,374,3
1851.0,1670.7203455154824,Taguchi_12,374,3
1164.6,1199.393318887879,Taguchi_12,374,3
2609.4,2515.565335596505,Taguchi_12,374,3
2313.6,2408.718982477461,Taguchi_12,374,3
228.6,303.46375823307204,Taguchi_12,374,3
139.8,141.87756470365454,Taguchi_12,374,3
501.6,435.636712134683,Taguchi_12,374,3
99.6,19.861173489173378,Taguchi_12,374,3
1286.4,1430.03242297617,Taguchi_12,374,3
2864.4,2829.8774017707424,Taguchi_12,374,3
884.4,785.267532205237,Taguchi_12,374,3
2143.8,1997.6750215493241,Taguchi_12,374,3
690.6,718.3118586691927,Taguchi_12,374,3
1287.0,1474.52646229917,Taguchi_12,374,3
1982.4,1999.5543089553976,Taguchi_12,374,3
803.4,838.3367630223497,Taguchi_12,374,3
759.0,648.2594868291854,Taguchi_12,374,3
795.0,835.2361655792755,Taguchi_12,374,3
1748.4,1555.3292970543769,Taguchi_12,374,3
1877.4,1890.1140914049186,Taguchi_12,374,3
2028.6,1805.4658363479432,Taguchi_12,374,3
510.0,512.8010875574246,Aicheler,183,4
96.0,98.6228109680994,Aicheler,183,4
108.0,112.12464343771794,Aicheler,183,4
342.0,351.76675184253463,Aicheler,183,4
468.0,472.4762907195975,Aicheler,183,4
498.0,501.0077551145269,Aicheler,183,4
432.0,430.3086228464047,Aicheler,183,4
516.0,517.5911421671228,Aicheler,183,4
468.0,476.29225986502763,Aicheler,183,4
492.0,493.25063120762576,Aicheler,183,4
348.0,324.53093863412585,Aicheler,183,4
390.0,385.556778902426,Aicheler,183,4
576.0,562.975366162113,Aicheler,183,4
600.0,581.4980993060532,Aicheler,183,4
552.0,555.0222163108394,Aicheler,183,4
66.0,69.64276845893643,Aicheler,183,4
81.0,83.77342548748594,Aicheler,183,4
111.0,115.09714585366513,Aicheler,183,4
108.0,107.17540872007568,Aicheler,183,4
192.0,191.26606721690501,Aicheler,183,4
432.0,378.5485736187741,Aicheler,183,4
442.2,398.2136953851185,Cao_HILIC,25,1
584.4,499.13495505315575,Cao_HILIC,25,1
142.79999999999995,592.0481649968058,Cao_HILIC,25,1
235.25800000200002,132.52725683441759,LIFE_new,25,9
29.893999998,33.96780262991568,LIFE_new,25,9
378.0,352.45433630884753,MTBLS20,44,9
366.0,356.15563298117945,MTBLS20,44,9
306.0,281.82530152949766,MTBLS20,44,9
276.0,225.66448394444114,MTBLS20,44,9
390.0,326.51982766506126,MTBLS20,44,9
972.0,984.0164824405548,FEM_long,128,7
60.0,-58.31366278565764,FEM_long,128,7
84.0,2.4937540141900456,FEM_long,128,7
1434.0,1700.0463368193994,FEM_long,128,7
762.9,381.17509190384317,FEM_long,128,7
2778.0,2611.533979180875,FEM_long,128,7
1295.6999999999996,1550.270907039205,FEM_long,128,7
2776.5,2329.31352779206,FEM_long,128,7
3078.0,3028.796138864908,FEM_long,128,7
2892.0,2762.3998665511835,FEM_long,128,7
1816.5,1996.6505187189605,FEM_long,128,7
3265.5,3149.2772103112056,FEM_long,128,7
156.3,119.64315981986265,FEM_long,128,7
1697.7,1372.5014536399888,FEM_long,128,7
90.0,84.96020475714487,Aicheler,184,10
450.0,452.122613017799,Aicheler,184,10
510.0,505.21393823632064,Aicheler,184,10
414.0,404.7286353319841,Aicheler,184,10
552.0,555.0613352957578,Aicheler,184,10
354.0,362.0537080589882,Aicheler,184,10
498.0,492.76171508329725,Aicheler,184,10
312.0,322.3486202020498,Aicheler,184,10
402.0,400.7031406096373,Aicheler,184,10
354.0,353.0316639253318,Aicheler,184,10
372.0,371.4258387089282,Aicheler,184,10
396.0,393.2879269152774,Aicheler,184,10
354.0,346.13634347083587,Aicheler,184,10
426.0,431.20937367486715,Aicheler,184,10
444.0,440.91341313906366,Aicheler,184,10
348.0,360.5792923446101,Aicheler,184,10
348.0,358.1250942996265,Aicheler,184,10
450.0,449.7919181973959,Aicheler,184,10
96.0,97.61152548539906,Aicheler,184,10
99.0,103.32737222700888,Aicheler,184,10
194.50900000200002,183.97453639068783,LIFE_new,25,10
244.74100000200002,203.676697502874,LIFE_new,25,10
996.0,525.128841717089,Stravs_22,83,10
744.0,474.138516436103,Stravs_22,83,10
630.0,615.9040529191075,Stravs_22,83,10
864.0,853.1989476552417,Stravs_22,83,10
690.0,661.5155255415049,Stravs_22,83,10
840.0,780.307031582287,Stravs_22,83,10
636.0,535.9006285668992,Stravs_22,83,10
654.0,920.2473272439756,Stravs_22,83,10
516.0,377.1892521045745,Stravs_22,83,10
35.741500001999995,63.42571149704347,LIFE_old,40,5
271.281499998,284.2253036039238,LIFE_old,40,5
53.01300000000001,61.79639447944854,LIFE_old,40,5
182.69800000200001,224.81901677577804,LIFE_old,40,5
3620.9301,3626.3928479452106,Taguchi,33,6
3543.92988,3494.4546609463105,Taguchi,33,6
3727.02006,3684.2140646026255,Taguchi,33,6
3902.85006,3882.889662406468,Taguchi,33,6
915.6,917.1390248260992,Tohge,58,7
383.4,560.3375428085391,Tohge,58,7
436.2,544.842352807928,Tohge,58,7
753.6,663.1239856327502,Tohge,58,7
730.2,663.1239856327502,Tohge,58,7
442.2,549.00748064345,Tohge,58,7
1139.8990002,1175.8476227144172,UniToyama_Atlantis,62,8
918.10002,899.6639340107515,UniToyama_Atlantis,62,8
1032.3220199999996,1097.6337707396374,UniToyama_Atlantis,62,8
762.1000200000003,787.5481568468748,UniToyama_Atlantis,62,8
935.59998,1239.1391266485773,UniToyama_Atlantis,62,8
748.347,736.4149590365739,UniToyama_Atlantis,62,8
1289.5999800000004,1271.396451684845,UniToyama_Atlantis,62,8
744.0,862.659417777113,MTBLS87,44,2
666.0,851.5417871610164,MTBLS87,44,2
864.0,855.3379771157687,MTBLS87,44,2
1242.0,721.383107774452,MTBLS87,44,2
840.0,876.0129558183678,MTBLS87,44,2
235.2417,274.19366888237505,Takahashi,48,5
279.7944,275.3038397730529,Takahashi,48,5
531.06828,436.8429833982466,Takahashi,48,5
415.0368,463.004947492355,Takahashi,48,5
408.14538,407.1904160928077,Takahashi,48,5
552.0,736.5173839289685,FEM_lipids,19,10
828.0,727.4105720973304,FEM_lipids,19,10
312.0,387.2980708484218,Taguchi_12,374,4
1145.4,1117.659447498859,Taguchi_12,374,4
130.8,108.24774269260591,Taguchi_12,374,4
2174.4,2133.230367468272,Taguchi_12,374,4
1853.4,1749.0848321758033,Taguchi_12,374,4
1108.2,1139.5228054755235,Taguchi_12,374,4
831.6,828.7826066620996,Taguchi_12,374,4
792.6,841.9199745801325,Taguchi_12,374,4
672.0,746.9226091978758,Taguchi_12,374,4
574.2,550.723476006754,Taguchi_12,374,4
2083.8,2197.47753961925,Taguchi_12,374,4
108.0,73.85642927546745,Taguchi_12,374,4
815.4,810.0119128892976,Taguchi_12,374,4
372.6,470.1349734892762,Taguchi_12,374,4
423.0,535.7550550077904,Taguchi_12,374,4
1227.0,1166.0864435876401,Taguchi_12,374,4
1593.0,1597.3888589452695,Taguchi_12,374,4
1686.0,1691.3684688477285,Taguchi_12,374,4
738.0,678.7829336965243,Taguchi_12,374,4
977.4,1021.5882553520697,Taguchi_12,374,4
2460.0,2466.060907401397,Taguchi_12,374,4
895.2,871.9970360856547,Taguchi_12,374,4
1551.0,1449.6143128385675,Taguchi_12,374,4
1660.2,1604.9893001636347,Taguchi_12,374,4
190.8,227.44489269363757,Taguchi_12,374,4
2742.0,2642.9187389061967,Taguchi_12,374,4
1556.4,1419.8235516461468,Taguchi_12,374,4
1570.8,1739.145671854336,Taguchi_12,374,4
3018.0,2870.69457646106,Taguchi_12,374,4
1683.6,1534.998528429425,Taguchi_12,374,4
1488.6,1494.5727376557377,Taguchi_12,374,4
2772.0,2833.947819911332,Taguchi_12,374,4
733.8,740.4136950785833,Taguchi_12,374,4
1748.4,1819.5532108330567,Taguchi_12,374,4
1705.8,1675.104762075389,Taguchi_12,374,4
2709.0,2805.9431041107136,Taguchi_12,374,4
2173.2,2157.6987634322886,Taguchi_12,374,4
1233.6,1317.1049747698269,Taguchi_12,374,4
2377.8,2124.581587912604,Taguchi_12,374,4
1171.2,1070.948731366943,Taguchi_12,374,4
1360.8,1304.6520318583189,Taguchi_12,374,4
916.2,1012.6187450613976,Taguchi_12,374,4
270.0,348.17194360579634,Nikiforos,32,7
252.0,226.1320561440939,Nikiforos,32,7
852.0,497.822089056472,Nikiforos,32,7
296.86300000200004,265.895930473978,LIFE_old,40,8
83.76299999999998,80.45707281441216,LIFE_old,40,8
107.853,109.83245880353228,LIFE_old,40,8
85.69000000199999,88.23089998047627,LIFE_old,40,8
840.0,1220.2149271985702,UFZ_Phenomenex,56,7
1182.0,1396.13724326867,UFZ_Phenomenex,56,7
1548.0,1342.4964775847568,UFZ_Phenomenex,56,7
798.0,1032.0388903006813,UFZ_Phenomenex,56,7
1260.0,1351.0176785961428,UFZ_Phenomenex,56,7
1434.0,1233.8698460571318,UFZ_Phenomenex,56,7
420.0,271.46326791392374,Beck,223,9
522.0,581.6406332059443,Beck,223,9
348.0,279.9059094762271,Beck,223,9
48.0,51.42257139985461,Beck,223,9
264.0,293.96985049520976,Beck,223,9
450.0,460.04608838399963,Beck,223,9
888.0,828.6039834032649,Beck,223,9
618.0,578.3414044972711,Beck,223,9
738.0,661.0792122957778,Beck,223,9
642.0,661.3988394589128,Beck,223,9
624.0,577.7905459828743,Beck,223,9
432.0,619.6519927536573,Beck,223,9
570.0,487.4067835675468,Beck,223,9
768.0,707.6356534262883,Beck,223,9
336.0,299.8280539297849,Beck,223,9
270.0,335.7866535817161,Beck,223,9
312.0,277.07223354745645,Beck,223,9
1014.0,906.951096459542,Beck,223,9
618.0,707.3104611432092,Beck,223,9
294.0,352.6591446059094,Beck,223,9
138.0,188.16618523819838,Beck,223,9
294.0,289.22722381115835,Beck,223,9
450.0,545.6569507125586,Beck,223,9
330.0,481.6006435041272,Beck,223,9
268.459999998,243.40457024210698,LIFE_new,24,6
207.601000002,196.84080141976003,LIFE_new,24,6
156.559000002,120.33279473075491,LIFE_new,24,6
83.964,81.75124280009614,LIFE_old,40,9
90.649999998,85.44932230325705,LIFE_old,40,9
64.378000002,80.46458385817901,LIFE_old,40,9
279.505999998,254.59720056827348,LIFE_old,40,9
39.982999998000004,54.91291699649293,LIFE_new,24,4
207.68899999799999,293.64308498032347,LIFE_new,24,4
228.606,264.4433098350564,LIFE_new,24,4
3501.009960000001,3557.4233351524217,Taguchi,33,7
4045.69014,4034.2100795075044,Taguchi,33,7
2977.32012,2934.393036419816,Taguchi,33,7
3515.38008,3499.7045375868042,Taguchi,33,7
623.41602,659.432406131848,Ken,19,7
918.318,976.2762179126776,Ken,19,7
1024.2,1024.1922942326923,Taguchi_12,374,1
1272.0,1228.4032967809094,Taguchi_12,374,1
2641.8,2549.637506809874,Taguchi_12,374,1
1269.0,1298.811977165948,Taguchi_12,374,1
211.8,312.32010596198603,Taguchi_12,374,1
582.0,603.2650408291686,Taguchi_12,374,1
2544.6,2547.555377262252,Taguchi_12,374,1
2204.4,2233.7323329940727,Taguchi_12,374,1
1044.0,1083.7396008719384,Taguchi_12,374,1
888.6,892.4254878217662,Taguchi_12,374,1
1078.2,1144.9384745755576,Taguchi_12,374,1
2515.2,2396.4255817632675,Taguchi_12,374,1
156.0,210.3229523155724,Taguchi_12,374,1
752.4,786.1881370950017,Taguchi_12,374,1
601.2,665.8502168610128,Taguchi_12,374,1
414.0,354.14419351629067,Taguchi_12,374,1
378.6,573.2238296073323,Taguchi_12,374,1
678.6,636.3302796235553,Taguchi_12,374,1
2159.4,2053.274822766607,Taguchi_12,374,1
936.6,953.3724023106257,Taguchi_12,374,1
2676.6,2524.7997963854878,Taguchi_12,374,1
1761.6,1664.4367480590365,Taguchi_12,374,1
1957.2,1936.940509996631,Taguchi_12,374,1
818.4,793.6196144292186,Taguchi_12,374,1
147.0,206.6527232306596,Taguchi_12,374,1
2497.8,2072.6318592347325,Taguchi_12,374,1
1887.0,1937.262161376076,Taguchi_12,374,1
1239.0,1107.1761374319542,Taguchi_12,374,1
112.2,100.39697423121261,Taguchi_12,374,1
1163.4,980.8111554597302,Taguchi_12,374,1
2173.2,2089.862439860868,Taguchi_12,374,1
2783.4,2739.3909761116433,Taguchi_12,374,1
1949.4,1907.8158743177605,Taguchi_12,374,1
2335.2,2300.157699367518,Taguchi_12,374,1
2063.4,1785.234562234665,Taguchi_12,374,1
2632.8,2715.815711609747,Taguchi_12,374,1
1580.4,1674.6666602680662,Taguchi_12,374,1
1854.0,1979.2193378161485,Taguchi_12,374,1
933.6,1007.0650491870032,Taguchi_12,374,1
2343.6,2470.791298970386,Taguchi_12,374,1
1854.0,2034.5651687043005,Taguchi_12,374,1
2640.6,2717.047700108806,Taguchi_12,374,1
444.0,506.8528635260037,Eawag_XBridgeC18,229,2
360.0,440.4890507566031,Eawag_XBridgeC18,229,2
954.0,991.795686662218,Eawag_XBridgeC18,229,2
522.0,508.82513347600786,Eawag_XBridgeC18,229,2
552.0,646.5984371029273,Eawag_XBridgeC18,229,2
750.0,640.0799033105159,Eawag_XBridgeC18,229,2
144.0,266.4130358141283,Eawag_XBridgeC18,229,2
270.0,429.2107404530519,Eawag_XBridgeC18,229,2
402.0,390.562437117827,Eawag_XBridgeC18,229,2
510.0,528.9605727339172,Eawag_XBridgeC18,229,2
690.0,495.143802798182,Eawag_XBridgeC18,229,2
78.0,244.12045676941625,Eawag_XBridgeC18,229,2
54.0,197.19330311025055,Eawag_XBridgeC18,229,2
420.0,410.99542971350996,Eawag_XBridgeC18,229,2
264.0,233.2673149503638,Eawag_XBridgeC18,229,2
354.0,377.1372367458738,Eawag_XBridgeC18,229,2
810.0,796.6523813768766,Eawag_XBridgeC18,229,2
570.0,683.0147115809733,Eawag_XBridgeC18,229,2
144.0,201.30493365314868,Eawag_XBridgeC18,229,2
66.0,180.8099529898259,Eawag_XBridgeC18,229,2
90.0,214.6778296102089,Eawag_XBridgeC18,229,2
210.0,276.8768126047015,Eawag_XBridgeC18,229,2
276.0,370.69375954311175,Eawag_XBridgeC18,229,2
276.0,270.0455575084671,Eawag_XBridgeC18,229,2
558.0,487.08311824190935,Eawag_XBridgeC18,229,2
654.0,772.1629061439482,Eawag_XBridgeC18,229,2
930.0,844.9092105076274,MTBLS87,44,5
264.0,641.7195771265357,MTBLS87,44,5
738.0,823.4566517469266,MTBLS87,44,5
882.0,813.2555608569643,MTBLS87,44,5
360.0,466.0563558288852,MTBLS87,44,5
3959.13984,3990.5493347137535,Taguchi,33,5
3784.53,3800.436472031245,Taguchi,33,5
3533.4501,3474.5110375061804,Taguchi,33,5
3149.22,3173.238558889863,Taguchi,33,5
1206.0,1021.9068730888986,UFZ_Phenomenex,56,6
174.0,904.9525568013696,UFZ_Phenomenex,56,6
774.0,1435.3386512399743,UFZ_Phenomenex,56,6
1458.0,1485.7788788472335,UFZ_Phenomenex,56,6
1482.0,1477.0973026397312,UFZ_Phenomenex,56,6
1494.0,1561.6218503626435,UFZ_Phenomenex,56,6
1325.3230199999996,1437.3624005504792,Ken,19,9
1283.847,1447.3879529237106,Ken,19,9
355.2,592.2344217081517,Kojima,30,6
732.0,683.0497452488256,Kojima,30,6
685.8,640.555876724673,Kojima,30,6
60.0,106.37089743832225,Beck,222,1
42.0,22.850775658334175,Beck,222,1
222.0,311.6111493677445,Beck,222,1
486.0,633.8620049793319,Beck,222,1
324.0,458.17986962869685,Beck,222,1
828.0,691.6135954600667,Beck,222,1
864.0,821.1985150137524,Beck,222,1
246.0,303.45437533791903,Beck,222,1
798.0,866.0191054160257,Beck,222,1
888.0,808.8429738993947,Beck,222,1
378.0,436.2423998812687,Beck,222,1
480.0,511.5574945452952,Beck,222,1
348.0,375.71605804061824,Beck,222,1
264.0,217.44658173951015,Beck,222,1
918.0,814.1841047016363,Beck,222,1
138.0,256.07474542429907,Beck,222,1
576.0,538.2384498646763,Beck,222,1
390.0,355.82411912674576,Beck,222,1
420.0,439.5267948937951,Beck,222,1
60.0,130.16675192803248,Beck,222,1
252.0,208.2102871705959,Beck,222,1
132.0,193.8605924991038,Beck,222,1
348.0,410.0879617877295,Beck,222,1
654.0,633.1278215045018,Beck,222,1
162.0,148.5152191558604,Beck,222,1
324.0,328.0009094855834,IPB_Halle,24,2
192.0,206.77071066787187,IPB_Halle,24,2
288.0,242.61513380818326,IPB_Halle,24,2
228.594,248.8884088597591,LIFE_new,24,5
31.426999998000003,71.2012911558737,LIFE_new,24,5
26.439,50.99147587030984,LIFE_new,24,5
1158.0,1001.7074411582657,FEM_long,128,5
2452.8,2227.022228775254,FEM_long,128,5
1368.0,1393.8795032731396,FEM_long,128,5
108.0,103.82050807495337,FEM_long,128,5
2298.0,2245.428739560486,FEM_long,128,5
78.0,-92.89165863793379,FEM_long,128,5
2081.100000000001,1971.8989805517947,FEM_long,128,5
3672.0,3549.0500574012676,FEM_long,128,5
3384.0,3321.982691978995,FEM_long,128,5
2027.7,679.7154999074679,FEM_long,128,5
2256.0,1263.3371572534531,FEM_long,128,5
2442.0,2398.2138458414474,FEM_long,128,5
1602.9,1227.7123368693608,FEM_long,128,5
1386.0,1561.0575826937359,FEM_long,128,5
1170.66,1189.1271440750356,Matsuura,53,8
1087.5,1087.941987747527,Matsuura,53,8
1784.64,1775.7507535732868,Matsuura,53,8
438.18,393.5790760935978,Matsuura,53,8
800.82,986.9686108096395,Matsuura,53,8
400.74,404.7540578314161,Matsuura,53,8
300.0,245.20740130731338,MTBLS20,44,7
366.0,416.22738806471983,MTBLS20,44,7
270.0,257.137782756432,MTBLS20,44,7
366.0,396.34565677934825,MTBLS20,44,7
360.0,322.8329869790303,MTBLS20,44,7
1369.8,1805.6438231293728,Tohge,57,3
1289.4,1409.9260476084546,Tohge,57,3
427.2,436.7646330928892,Tohge,57,3
1317.0,1574.2016060938868,Tohge,57,3
1290.0,1296.164689861528,Tohge,57,3
467.4,796.320104390427,Tohge,57,3
482.4,535.7060860800834,Tohge,57,3
804.0,677.9105946317331,Stravs_22,83,6
216.0,265.0035559576786,Stravs_22,83,6
1068.0,768.6635144588937,Stravs_22,83,6
684.0,560.5542427491375,Stravs_22,83,6
744.0,747.6057088683967,Stravs_22,83,6
774.0,797.9417234574295,Stravs_22,83,6
474.0,486.04490704443117,Stravs_22,83,6
510.0,455.40905622926573,Stravs_22,83,6
936.0,811.1657865273312,Stravs_22,83,6
936.0,728.4018275075392,Otto,32,2
504.0,397.2702043889744,Otto,32,2
372.0,600.976918298889,Otto,32,2
1164.0,872.0007130557747,Otto,32,2
552.0,415.50736299886137,Nikiforos,31,5
288.0,273.4947217401906,Nikiforos,31,5
672.0,522.6183993754114,Nikiforos,31,5
264.0,220.76766782322412,Nikiforos,31,5
287.5318200000001,309.5785397258522,Takahashi,48,8
374.3094,418.5084274039653,Takahashi,48,8
275.27028,266.2556932718973,Takahashi,48,8
405.56232,297.8796603348312,Takahashi,48,8
420.42828,370.3444828002994,Takahashi,48,8
514.62501,497.4535472350329,MTBLS52,21,4
281.64999,337.8650670838942,MTBLS52,21,4
84.0,111.90476073087947,Krauss,39,1
84.0,116.60177412340552,Krauss,39,1
96.0,113.33883220010416,Krauss,39,1
120.0,116.9734086101214,Krauss,39,1
126.0,109.46190353132047,Krauss,39,1
624.0,377.36801437299073,Nikiforos,31,2
276.0,266.6268237589479,Nikiforos,31,2
240.0,267.88712955015285,Nikiforos,31,2
360.0,328.0451685728192,Nikiforos,31,2
433.2,403.41596047659203,MTBLS4,21,3
408.0,405.3900028823774,MTBLS4,21,3
445.8,433.45022204993063,MTBLS4,21,3
606.0,420.6328086465145,Otto,33,8
492.0,593.4488799235622,Otto,33,8
528.0,505.9516644203908,Otto,33,8
422.4,437.6036558950198,MTBLS4,22,9
444.0,441.17266970771135,MTBLS4,22,9
930.0,841.7762954668776,MTBLS87,45,10
1152.0,811.3559383272475,MTBLS87,45,10
474.0,680.1095628791214,MTBLS87,45,10
324.0,651.0613186788406,MTBLS87,45,10
757.1999999999997,863.7520502319103,Cao_HILIC,25,8
568.8000000000002,733.1146870109026,Cao_HILIC,25,8
858.0,1042.3706083842153,Cao_HILIC,25,8
1981.2,1904.616361521676,Taguchi_12,374,2
1006.8,969.607175082204,Taguchi_12,374,2
1496.4,1405.6736038026206,Taguchi_12,374,2
2253.6,2196.4167389347563,Taguchi_12,374,2
568.2,561.3343901743925,Taguchi_12,374,2
711.0,761.5331065768387,Taguchi_12,374,2
852.6,921.246834735762,Taguchi_12,374,2
645.6,596.6989128505377,Taguchi_12,374,2
1420.8,1438.4400902565133,Taguchi_12,374,2
1644.6,1637.475707801989,Taguchi_12,374,2
1771.8,1835.3683342343145,Taguchi_12,374,2
2069.4,2157.2897312093123,Taguchi_12,374,2
1463.4,1490.9739922891442,Taguchi_12,374,2
2636.4,2367.635868708463,Taguchi_12,374,2
1426.8,1341.7415496159094,Taguchi_12,374,2
1041.0,1021.4880470204108,Taguchi_12,374,2
1676.4,1918.3377748489638,Taguchi_12,374,2
1869.0,1944.3399084817652,Taguchi_12,374,2
424.8,518.1966815339119,Taguchi_12,374,2
2161.2,2209.715725338089,Taguchi_12,374,2
217.2,302.3375474518243,Taguchi_12,374,2
1176.0,1178.7369948381606,Taguchi_12,374,2
1221.6,1149.720742410591,Taguchi_12,374,2
835.2,748.5435307673807,Taguchi_12,374,2
1327.8,1303.6728659245978,Taguchi_12,374,2
175.8,204.6695376616504,Taguchi_12,374,2
1157.4,1198.2693685312722,Taguchi_12,374,2
2640.6,2362.525476578933,Taguchi_12,374,2
1791.6,1782.8353034295692,Taguchi_12,374,2
1647.6,1498.5860272396592,Taguchi_12,374,2
2149.8,2038.7596640775876,Taguchi_12,374,2
2806.8,2754.440928396976,Taguchi_12,374,2
2014.2,2210.2061470761755,Taguchi_12,374,2
461.4,554.4649613304863,Taguchi_12,374,2
1738.2,1934.3568236719464,Taguchi_12,374,2
2641.8,2669.2859763641723,Taguchi_12,374,2
1286.4,1651.0928120300387,Taguchi_12,374,2
817.8,876.0891633085529,Taguchi_12,374,2
2509.2,2172.850951541656,Taguchi_12,374,2
1879.2,2019.6175464997064,Taguchi_12,374,2
1722.0,1527.8462454524795,Taguchi_12,374,2
602.4,636.171539603495,Taguchi_12,374,2
327.6033,383.47840074943673,Takahashi,48,6
248.27682,427.06923252346115,Takahashi,48,6
532.28628,495.42942677990186,Takahashi,48,6
244.91922,231.6404769061573,Takahashi,48,6
818.97732,830.8528137294113,Takahashi,48,6
3321.12006,3385.0039208745466,Taguchi,33,1
3314.9199,3280.131303746073,Taguchi,33,1
3775.0701,3817.5179499243127,Taguchi,33,1
2949.4599,2985.9505326100093,Taguchi,33,1
120.0,103.8831117536474,Krauss,40,9
120.0,114.55954339410124,Krauss,40,9
120.0,115.13083896985869,Krauss,40,9
84.0,116.12383876032486,Krauss,40,9
1855.26,1861.2850596300907,Matsuura,53,1
1726.92,1811.5688132199427,Matsuura,53,1
878.88,1037.3448240471896,Matsuura,53,1
468.12,567.0255002334726,Matsuura,53,1
1074.72,1090.5858460230704,Matsuura,53,1
1437.12,1028.3132365107224,Matsuura,53,1
66.0,178.1657715055893,MTBLS20,44,5
420.0,370.60493533845437,MTBLS20,44,5
396.0,367.4961217914724,MTBLS20,44,5
318.0,288.4491169191412,MTBLS20,44,5
54.0,148.86997829409134,MTBLS20,44,5
816.0,604.6890873710028,Eawag_XBridgeC18,229,5
96.0,115.7177450003478,Eawag_XBridgeC18,229,5
450.0,421.39771067224035,Eawag_XBridgeC18,229,5
642.0,615.6252673564752,Eawag_XBridgeC18,229,5
510.0,458.4066171719246,Eawag_XBridgeC18,229,5
918.0,700.2872041259026,Eawag_XBridgeC18,229,5
192.0,165.2125330678636,Eawag_XBridgeC18,229,5
396.0,358.65822589919543,Eawag_XBridgeC18,229,5
606.0,667.1777241672643,Eawag_XBridgeC18,229,5
354.0,381.1848425150233,Eawag_XBridgeC18,229,5
282.0,309.8095765101368,Eawag_XBridgeC18,229,5
546.0,548.6442918454146,Eawag_XBridgeC18,229,5
756.0,817.1026731537784,Eawag_XBridgeC18,229,5
288.0,283.94342006470765,Eawag_XBridgeC18,229,5
624.0,447.64215244014025,Eawag_XBridgeC18,229,5
540.0,478.6603030098003,Eawag_XBridgeC18,229,5
300.0,329.5517877929602,Eawag_XBridgeC18,229,5
480.0,598.9284079760578,Eawag_XBridgeC18,229,5
246.0,281.88696520218065,Eawag_XBridgeC18,229,5
960.0,803.3220704678149,Eawag_XBridgeC18,229,5
612.0,627.3379056655921,Eawag_XBridgeC18,229,5
354.0,383.9012505416976,Eawag_XBridgeC18,229,5
522.0,576.7840967976455,Eawag_XBridgeC18,229,5
726.0,793.4055807496454,Eawag_XBridgeC18,229,5
684.0,797.5173590504919,Eawag_XBridgeC18,229,5
342.0,300.2258862123007,Eawag_XBridgeC18,229,5
259.815,231.4237272590603,LIFE_old,39,4
36.004000002,50.38288020684326,LIFE_old,39,4
102.78499999799999,96.90442018902384,LIFE_old,39,4
109.551,97.8593263770453,LIFE_old,39,4
34.795000001999995,52.69748051588147,LIFE_old,39,4
443.4,446.79458649950936,MTBLS4,22,7
401.4,432.24484562681846,MTBLS4,22,7
1920.7990002000001,1779.9387403351234,UniToyama_Atlantis,63,10
781.8989999999999,902.7234331739708,UniToyama_Atlantis,63,10
638.6989997999998,697.3143899408847,UniToyama_Atlantis,63,10
1120.84698,1155.1888060260976,UniToyama_Atlantis,63,10
1313.5999800000004,1231.0950863815692,UniToyama_Atlantis,63,10
1259.322,1291.2668102042728,UniToyama_Atlantis,63,10
624.6,673.9849715437157,Cao_HILIC,25,4
660.0,540.8337030807489,Cao_HILIC,25,4
822.6,681.891747624562,Cao_HILIC,25,4
1044.0,1011.9428860460974,FEM_lipids,19,4
114.0,838.8753367433453,FEM_lipids,19,4
1338.0,1367.0314894766727,UFZ_Phenomenex,55,1
138.0,951.0075552388637,UFZ_Phenomenex,55,1
1608.0,1390.6796892961954,UFZ_Phenomenex,55,1
1458.0,1520.1094300404745,UFZ_Phenomenex,55,1
966.0,830.9323208544041,UFZ_Phenomenex,55,1
1272.0,1219.0425419528265,UFZ_Phenomenex,55,1
1536.0,1498.71084722514,UFZ_Phenomenex,55,1
579.0749999999998,490.7471966386139,MTBLS52,20,3
504.94998,333.34182844765405,MTBLS52,20,3
373.75002,479.0093394682222,MTBLS52,20,3
1503.642,1212.9270704363455,FEM_long,127,1
3462.0,2968.260493536889,FEM_long,127,1
2412.0,2234.1722095435416,FEM_long,127,1
1635.0,1547.8545659340098,FEM_long,127,1
3552.0,3052.9549855545006,FEM_long,127,1
1572.9,2746.000430023781,FEM_long,127,1
3572.4,3485.930913925432,FEM_long,127,1
3306.3,3250.8901846371737,FEM_long,127,1
2482.8,2215.2328501942493,FEM_long,127,1
1853.1,1493.8823052411124,FEM_long,127,1
414.0,557.2626370196492,FEM_long,127,1
3552.0,3592.345562928657,FEM_long,127,1
150.0,547.9029324324142,FEM_long,127,1
3024.6,2942.989393782382,FEM_long,127,1
1356.0,1037.1566713793522,FEM_long,127,1
492.0,479.95246734092336,Eawag_XBridgeC18,230,6
558.0,409.68081808625334,Eawag_XBridgeC18,230,6
450.0,516.1095689417998,Eawag_XBridgeC18,230,6
414.0,345.81121383757363,Eawag_XBridgeC18,230,6
342.0,338.93454311035185,Eawag_XBridgeC18,230,6
222.0,255.62806831962547,Eawag_XBridgeC18,230,6
480.0,462.35447485674,Eawag_XBridgeC18,230,6
516.0,433.8840385444482,Eawag_XBridgeC18,230,6
306.0,377.26686031607096,Eawag_XBridgeC18,230,6
516.0,564.7346555993378,Eawag_XBridgeC18,230,6
750.0,807.9808090741096,Eawag_XBridgeC18,230,6
270.0,322.0416645533268,Eawag_XBridgeC18,230,6
288.0,268.094551388096,Eawag_XBridgeC18,230,6
816.0,766.2362807236742,Eawag_XBridgeC18,230,6
540.0,519.2770270123773,Eawag_XBridgeC18,230,6
540.0,445.3921443578236,Eawag_XBridgeC18,230,6
258.0,276.41233887899944,Eawag_XBridgeC18,230,6
504.0,544.6207310255787,Eawag_XBridgeC18,230,6
216.0,228.8333875536505,Eawag_XBridgeC18,230,6
618.0,529.4184723084854,Eawag_XBridgeC18,230,6
1026.0,877.7755970210808,Eawag_XBridgeC18,230,6
552.0,580.9658447878196,Eawag_XBridgeC18,230,6
516.0,434.0287576888957,Eawag_XBridgeC18,230,6
1086.0,1068.2879258635253,Eawag_XBridgeC18,230,6
846.0,832.9468886365976,Eawag_XBridgeC18,230,6
294.0,356.11782358016126,Otto,32,5
456.0,452.4820872720643,Otto,32,5
510.0,540.6534266420726,Otto,32,5
336.0,296.9401397907898,Otto,32,5
678.0,697.8398580586808,Stravs_22,83,4
360.0,556.9495618422403,Stravs_22,83,4
276.0,484.8958634118036,Stravs_22,83,4
420.0,572.3891231894651,Stravs_22,83,4
282.0,297.4982460865421,Stravs_22,83,4
468.0,541.5227000453597,Stravs_22,83,4
354.0,483.5934344419077,Stravs_22,83,4
654.0,636.9322100781984,Stravs_22,83,4
480.0,410.4265354759056,Stravs_22,83,4
690.0,568.8131643299027,Eawag_XBridgeC18,229,4
462.0,466.02486340379977,Eawag_XBridgeC18,229,4
336.0,216.84457890327468,Eawag_XBridgeC18,229,4
900.0,860.6134638181734,Eawag_XBridgeC18,229,4
642.0,452.4677655601392,Eawag_XBridgeC18,229,4
96.0,462.12493122484716,Eawag_XBridgeC18,229,4
72.0,146.6481665188987,Eawag_XBridgeC18,229,4
162.0,137.54138289030584,Eawag_XBridgeC18,229,4
216.0,258.1736917526947,Eawag_XBridgeC18,229,4
588.0,583.8408312440331,Eawag_XBridgeC18,229,4
942.0,896.4634763793663,Eawag_XBridgeC18,229,4
450.0,314.6499824603579,Eawag_XBridgeC18,229,4
402.0,370.52007823047364,Eawag_XBridgeC18,229,4
360.0,394.09849675611946,Eawag_XBridgeC18,229,4
228.0,333.54908647141576,Eawag_XBridgeC18,229,4
330.0,443.4448456583252,Eawag_XBridgeC18,229,4
834.0,919.1628768279418,Eawag_XBridgeC18,229,4
978.0,1039.0510677708696,Eawag_XBridgeC18,229,4
594.0,427.46398380151413,Eawag_XBridgeC18,229,4
804.0,771.6897437794411,Eawag_XBridgeC18,229,4
168.0,141.35180609493028,Eawag_XBridgeC18,229,4
552.0,489.7439169363285,Eawag_XBridgeC18,229,4
342.0,532.8034732014887,Eawag_XBridgeC18,229,4
690.0,785.6285902056864,Eawag_XBridgeC18,229,4
1014.0,930.595449675466,Eawag_XBridgeC18,229,4
570.0,510.2975320891117,Eawag_XBridgeC18,229,4
196.8,191.1482399557391,Taguchi_12,375,9
1337.4,1404.445042997576,Taguchi_12,375,9
104.4,61.755428141490434,Taguchi_12,375,9
147.0,146.66450486431918,Taguchi_12,375,9
98.4,54.939002687788246,Taguchi_12,375,9
988.2,944.8073869498364,Taguchi_12,375,9
311.4,612.8208177576271,Taguchi_12,375,9
1207.8,1253.2021398230445,Taguchi_12,375,9
1156.8,1137.4850027691627,Taguchi_12,375,9
1849.2,1760.549953739904,Taguchi_12,375,9
1533.6,1541.9946277375225,Taguchi_12,375,9
2044.2,2183.066659094154,Taguchi_12,375,9
891.0,1136.4216502317745,Taguchi_12,375,9
895.8,866.3047845730603,Taguchi_12,375,9
1198.8,1199.279602791654,Taguchi_12,375,9
1174.2,1226.8590086785784,Taguchi_12,375,9
808.8,831.5139427911148,Taguchi_12,375,9
1199.4,1235.4746519804553,Taguchi_12,375,9
2547.6,2469.95681199832,Taguchi_12,375,9
2490.0,2648.3600406187697,Taguchi_12,375,9
1369.2,1503.1466225842355,Taguchi_12,375,9
1840.2,2019.3679563917499,Taguchi_12,375,9
545.4,579.7726876223958,Taguchi_12,375,9
672.0,700.4735077943902,Taguchi_12,375,9
2242.2,2033.3672407724666,Taguchi_12,375,9
2404.2,2303.851098261208,Taguchi_12,375,9
2274.6,2473.6944948858177,Taguchi_12,375,9
961.8,992.3460745687776,Taguchi_12,375,9
1282.2,1151.9888812016545,Taguchi_12,375,9
1142.4,1111.6800093756565,Taguchi_12,375,9
1233.6,1290.9624461212825,Taguchi_12,375,9
129.6,90.89906929614736,Taguchi_12,375,9
2872.2,2817.9090499748686,Taguchi_12,375,9
1474.2,1407.3757452476514,Taguchi_12,375,9
1621.8,1638.8316858014007,Taguchi_12,375,9
1938.6,2200.3518755044106,Taguchi_12,375,9
916.2,908.8742963354224,Taguchi_12,375,9
141.6,97.34784814803814,Taguchi_12,375,9
612.6,567.4145924661925,Taguchi_12,375,9
1725.0,1721.2042891974404,Taguchi_12,375,9
2634.6,2500.7045884177733,Taguchi_12,375,9
3006.0,3056.150464274964,FEM_long,128,8
1554.9,2011.0653406546094,FEM_long,128,8
354.0,730.4768666819983,FEM_long,128,8
1626.0,1588.3511330855679,FEM_long,128,8
2346.0,2605.0096493771357,FEM_long,128,8
3240.0,3348.506636545036,FEM_long,128,8
1817.1,1726.6554008878625,FEM_long,128,8
3468.0,3569.406333251844,FEM_long,128,8
126.0,741.7302887934948,FEM_long,128,8
90.0,330.6811681594998,FEM_long,128,8
1786.5,1943.8742904937956,FEM_long,128,8
2688.0,2423.8008521642464,FEM_long,128,8
3276.0,3048.601695305764,FEM_long,128,8
1212.0,1539.3379448421024,FEM_long,128,8
121.47886584,133.68914914241086,MTBLS36,27,1
557.8073494199998,114.12769902328178,MTBLS36,27,1
628.8581856000002,652.4864770426375,MTBLS36,27,1
265.67221656000004,161.67018034435102,MTBLS36,27,1
46.8,37.829515667222964,RIKEN,117,6
81.0,72.12363028468715,RIKEN,117,6
10.8,15.034100308837305,RIKEN,117,6
84.6,69.28732834118183,RIKEN,117,6
120.0,111.03099430452272,RIKEN,117,6
18.0,56.776904016116255,RIKEN,117,6
10.8,16.032314473216893,RIKEN,117,6
66.0,39.515339191816956,RIKEN,117,6
93.6,90.0910274079367,RIKEN,117,6
83.39999999999998,82.84134189832021,RIKEN,117,6
9.0,25.731513960731405,RIKEN,117,6
60.0,56.91709667304762,RIKEN,117,6
86.39999999999998,68.94792843226857,RIKEN,117,6
1259.322,1241.6696117695496,Ken,19,10
715.84698,807.7445209758204,Ken,19,10
611.056341,484.43872287910216,MTBLS36,28,2
261.29140038,330.70952164085224,MTBLS36,28,2
99.65786262,197.74236922108867,MTBLS36,28,2
300.0,450.18213783336716,Beck,223,10
528.0,430.23130279550753,Beck,223,10
366.0,420.8146824740786,Beck,223,10
774.0,586.4813115367023,Beck,223,10
288.0,424.4150381791189,Beck,223,10
894.0,644.2668226877373,Beck,223,10
126.0,163.09620578233918,Beck,223,10
48.0,95.84636272075217,Beck,223,10
960.0,840.3063753248479,Beck,223,10
48.0,43.75467982214657,Beck,223,10
402.0,347.7832779834113,Beck,223,10
1368.0,624.8427778783596,Beck,223,10
270.0,199.1305250928517,Beck,223,10
132.0,298.8405501049797,Beck,223,10
228.0,253.5549267782237,Beck,223,10
402.0,411.84674154082666,Beck,223,10
450.0,593.6684631680547,Beck,223,10
294.0,205.65256456339642,Beck,223,10
288.0,478.9698694212558,Beck,223,10
402.0,347.20575290785735,Beck,223,10
540.0,402.5585596282263,Beck,223,10
576.0,503.0652556536724,Beck,223,10
222.0,243.91859882458243,Beck,223,10
708.0,602.2999306284875,Beck,223,10
636.5999999999998,708.7765963555286,Cao_HILIC,25,7
871.1999999999997,813.7115733176462,Cao_HILIC,25,7
663.6,691.3734015027812,Cao_HILIC,25,7
1460.34,1540.6215782043405,Matsuura,54,10
1782.78,1783.3828808914398,Matsuura,54,10
1834.38,1754.7521689878986,Matsuura,54,10
1477.2,1551.6480619669794,Matsuura,54,10
327.66,372.20540618630724,Matsuura,54,10
1242.24,1176.6580764234104,Matsuura,53,9
1183.08,1186.2025738023035,Matsuura,53,9
1621.38,1593.9269079199635,Matsuura,53,9
1541.22,1511.5212405133755,Matsuura,53,9
1409.64,1398.3343463656693,Matsuura,53,9
452.28,605.0176054039764,Matsuura,53,9
498.00000000000006,502.22917342572777,Eawag_XBridgeC18,230,9
414.0,282.95828897547227,Eawag_XBridgeC18,230,9
354.0,195.88505054441467,Eawag_XBridgeC18,230,9
990.0,776.0245767391052,Eawag_XBridgeC18,230,9
414.0,280.0434480080026,Eawag_XBridgeC18,230,9
774.0,765.3424056233334,Eawag_XBridgeC18,230,9
378.0,384.2387935625724,Eawag_XBridgeC18,230,9
246.0,356.5622037471765,Eawag_XBridgeC18,230,9
450.0,359.91277125788787,Eawag_XBridgeC18,230,9
702.0,632.0244416392941,Eawag_XBridgeC18,230,9
420.0,474.96496547216316,Eawag_XBridgeC18,230,9
318.0,308.5390322562378,Eawag_XBridgeC18,230,9
336.0,358.64304951217133,Eawag_XBridgeC18,230,9
534.0,385.6170768987,Eawag_XBridgeC18,230,9
330.0,389.38117620994836,Eawag_XBridgeC18,230,9
378.0,326.9895476750477,Eawag_XBridgeC18,230,9
102.0,122.28477274456877,Eawag_XBridgeC18,230,9
174.0,210.102463882538,Eawag_XBridgeC18,230,9
294.0,258.831174756786,Eawag_XBridgeC18,230,9
294.0,397.2841071973398,Eawag_XBridgeC18,230,9
528.0,803.5512102847197,Eawag_XBridgeC18,230,9
432.0,292.723416588049,Eawag_XBridgeC18,230,9
276.0,287.16108598650754,Eawag_XBridgeC18,230,9
186.0,319.55727092429163,Eawag_XBridgeC18,230,9
756.0,657.7810948685626,Eawag_XBridgeC18,230,9
406.8,588.104632513553,Tohge,57,4
1275.6,976.4433490059047,Tohge,57,4
736.8,679.6056581881246,Tohge,57,4
474.6,527.3389057029566,Tohge,57,4
760.2,695.3520258309725,Tohge,57,4
555.0,698.1143489725313,Tohge,57,4
714.6,695.0123329133532,Tohge,57,4
174.0,174.64454334217731,Aicheler,184,9
102.0,97.86761355931574,Aicheler,184,9
120.0,111.17011186073,Aicheler,184,9
102.0,100.29726769101988,Aicheler,184,9
456.0,455.2509931468827,Aicheler,184,9
378.0,363.54877076609705,Aicheler,184,9
402.0,394.426603975477,Aicheler,184,9
342.0,334.90957671169025,Aicheler,184,9
360.0,373.58232804157416,Aicheler,184,9
414.0,420.45641435650884,Aicheler,184,9
348.0,357.2100802923188,Aicheler,184,9
396.0,390.19191521993935,Aicheler,184,9
366.0,363.61672711831636,Aicheler,184,9
534.0,536.7838693523904,Aicheler,184,9
396.0,393.2547044562955,Aicheler,184,9
288.0,292.71058169726973,Aicheler,184,9
312.0,308.02652550556286,Aicheler,184,9
198.0,200.51900778819413,Aicheler,184,9
366.0,348.8518541347673,Aicheler,184,9
522.0,517.8944329899994,Aicheler,184,9
1596.0,1416.2845789169007,UFZ_Phenomenex,56,5
1332.0,1017.3485658286528,UFZ_Phenomenex,56,5
1482.0,1168.6213698439524,UFZ_Phenomenex,56,5
1506.0,1210.0382194330646,UFZ_Phenomenex,56,5
1632.0,1633.8538677305369,UFZ_Phenomenex,56,5
1008.0,1164.1070601921429,UFZ_Phenomenex,56,5
169.8,193.82791194024017,Taguchi_12,374,5
638.4,663.2008704612145,Taguchi_12,374,5
1050.0,984.2640884402894,Taguchi_12,374,5
1239.6,1298.6312497153974,Taguchi_12,374,5
1405.8,1395.7820576894571,Taguchi_12,374,5
549.6,551.0060205368228,Taguchi_12,374,5
282.0,349.7074487761767,Taguchi_12,374,5
967.8,1036.6628579971564,Taguchi_12,374,5
1114.2,1101.5262511333183,Taguchi_12,374,5
628.2,622.8208048471065,Taguchi_12,374,5
1436.4,1494.196164716393,Taguchi_12,374,5
2041.8,2322.022982652735,Taguchi_12,374,5
1488.6,1568.7613503985156,Taguchi_12,374,5
1276.8,1215.8531039106022,Taguchi_12,374,5
807.6,968.5914969217916,Taguchi_12,374,5
1402.2,1322.5547162792218,Taguchi_12,374,5
1065.6,1079.3897145117382,Taguchi_12,374,5
1011.0,1102.2434461581615,Taguchi_12,374,5
2028.6,2067.8530668266267,Taguchi_12,374,5
1132.8,1229.3663247100533,Taguchi_12,374,5
973.2,959.0938011845026,Taguchi_12,374,5
1853.4,1888.4782601745371,Taguchi_12,374,5
1918.2,1958.95960017996,Taguchi_12,374,5
1179.0,1229.1136152761987,Taguchi_12,374,5
1722.0,1562.6827682736075,Taguchi_12,374,5
858.6,811.3471740631891,Taguchi_12,374,5
924.6,1021.3790600310956,Taguchi_12,374,5
2063.4,1716.2061165461469,Taguchi_12,374,5
1411.8,1464.0465906818174,Taguchi_12,374,5
2745.6,2798.9287740235,Taguchi_12,374,5
783.0,711.0844180947518,Taguchi_12,374,5
1178.4,1233.0867509052314,Taguchi_12,374,5
1780.8,2040.4411433157682,Taguchi_12,374,5
1495.2,1554.3142740833068,Taguchi_12,374,5
806.4,763.7421255359917,Taguchi_12,374,5
1791.0,1978.9271066896274,Taguchi_12,374,5
1371.0,1419.9201155747878,Taguchi_12,374,5
2307.6,2634.143518065697,Taguchi_12,374,5
3112.2,2867.891336411489,Taguchi_12,374,5
139.2,151.87445215407297,Taguchi_12,374,5
862.8,905.2857805146136,Taguchi_12,374,5
2340.6,2522.0370336996807,Taguchi_12,374,5
63.6,307.88976757599636,Cao_HILIC,25,6
573.6,494.33737011796205,Cao_HILIC,25,6
711.5999999999997,458.2152053324672,Cao_HILIC,25,6
148.8,401.9462455826194,Cao_HILIC,25,2
761.4,621.8246825990515,Cao_HILIC,25,2
602.4,531.1069413554175,Cao_HILIC,25,2
81.60000000000002,220.5002464375607,Cao_HILIC,25,3
955.2,932.7198637268187,Cao_HILIC,25,3
210.6,437.55160573185384,Cao_HILIC,25,3
867.10002,838.5963897081299,Ken,19,3
1320.0,1139.0275328255514,Ken,19,3
1176.0,1144.3783676019782,UFZ_Phenomenex,55,2
1548.0,1327.097513523923,UFZ_Phenomenex,55,2
1590.0,1478.5021487742167,UFZ_Phenomenex,55,2
1368.0,1180.8079878777205,UFZ_Phenomenex,55,2
978.0,1078.9679065845082,UFZ_Phenomenex,55,2
1602.0,1521.4423845048716,UFZ_Phenomenex,55,2
1398.0,1349.5817348208616,UFZ_Phenomenex,55,2
111.582,116.27426108686731,LIFE_old,39,3
36.016000002,53.656118575086005,LIFE_old,39,3
143.260000002,168.01806428880357,LIFE_old,39,3
79.318999998,53.96776758872096,LIFE_old,39,3
36.004000002,50.284141223191604,LIFE_old,39,3
38.46,61.20860392296687,LIFE_old,40,7
336.9855,391.86019208818743,LIFE_old,40,7
35.986999998,50.206892840116275,LIFE_old,40,7
100.52200000200001,93.68235295413513,LIFE_old,40,7
252.0,232.8762894652552,MTBLS20,44,4
282.0,267.30542248779483,MTBLS20,44,4
282.0,163.64902522292195,MTBLS20,44,4
474.0,540.1757049229454,MTBLS20,44,4
66.0,103.77124078700984,MTBLS20,44,4
180.0,233.66399884431286,Stravs_22,83,8
276.0,267.0746928110491,Stravs_22,83,8
240.0,328.73335603852644,Stravs_22,83,8
282.0,282.1283972620776,Stravs_22,83,8
54.0,272.631854581112,Stravs_22,83,8
402.0,457.2887257401528,Stravs_22,83,8
384.0,346.0367428485318,Stravs_22,83,8
450.0,531.1679016624048,Stravs_22,83,8
390.0,387.5530907302473,Stravs_22,83,8
282.0,234.00363522174231,MTBLS20,44,3
402.0,406.78211515633865,MTBLS20,44,3
288.0,291.8764330216312,MTBLS20,44,3
342.0,369.66424673891953,MTBLS20,44,3
336.0,214.02986032221926,MTBLS20,44,3
281.91708,303.56644494407186,Takahashi,48,10
340.5759,449.2957731149992,Takahashi,48,10
329.3821200000001,400.0605947158842,Takahashi,48,10
301.2996,323.0976437097852,Takahashi,48,10
405.63408,393.65451017817225,Takahashi,48,10
558.0,552.049820046059,Stravs_22,83,7
852.0,767.8306251779799,Stravs_22,83,7
564.0,521.1459744197954,Stravs_22,83,7
48.0,154.92874581846792,Stravs_22,83,7
576.0,745.2752280522932,Stravs_22,83,7
324.0,340.9047902851172,Stravs_22,83,7
462.0,483.054055400503,Stravs_22,83,7
186.0,245.9804772396876,Stravs_22,83,7
216.0,308.4170603445137,Stravs_22,83,7
138.0,255.00155165365712,FEM_long,127,2
984.0,906.7236620941901,FEM_long,127,2
2046.0,1353.7510096279793,FEM_long,127,2
1452.0,1633.2515615533819,FEM_long,127,2
2574.0,2599.255192629474,FEM_long,127,2
479.7,1083.8420910405173,FEM_long,127,2
1734.0,1824.5197922385305,FEM_long,127,2
1669.2,1787.453196346985,FEM_long,127,2
1350.0,1331.0769837561913,FEM_long,127,2
1840.5,1757.5126787651022,FEM_long,127,2
3048.0,3096.201866572601,FEM_long,127,2
3624.0,3544.7739779771737,FEM_long,127,2
3426.0,3390.4590436109074,FEM_long,127,2
3270.0,3301.032904154521,FEM_long,127,2
90.0,202.7180002629998,FEM_long,127,2
120.0,110.10223859546879,Krauss,39,4
126.0,116.57703166250944,Krauss,39,4
102.0,118.51850012607756,Krauss,39,4
126.0,123.99578943469841,Krauss,39,4
120.0,114.14946090050941,Krauss,39,4
1300.8,1082.9851470572594,Tohge,58,6
1363.8,1506.6236014612705,Tohge,58,6
727.8,766.0637975906458,Tohge,58,6
355.2,322.2341883685873,Tohge,58,6
437.4,435.5588014232009,Tohge,58,6
741.0,537.6423615385112,Tohge,58,6
1052.2999998,1039.2645233467633,UniToyama_Atlantis,62,2
891.34698,687.7531617356246,UniToyama_Atlantis,62,2
706.60002,608.5940935362887,UniToyama_Atlantis,62,2
221.59998,614.647429117972,UniToyama_Atlantis,62,2
715.84698,662.9984398642532,UniToyama_Atlantis,62,2
766.60002,731.0161962490773,UniToyama_Atlantis,62,2
767.5999800000003,625.1589770249685,UniToyama_Atlantis,62,2
462.6,530.855302580616,Kojima,29,2
393.0,480.49507264093535,Kojima,29,2
258.0,340.6422549491108,Kojima,29,2
449.4,585.2715132202226,Kojima,29,2
605.4,611.6350326694787,Kojima,30,7
356.4,424.82747434732005,Kojima,30,7
526.2,471.1717801054327,Kojima,30,7
396.0,490.8467506688169,FEM_lipids,19,2
480.0,533.6134377641133,FEM_lipids,19,2
64.74300000000001,59.42903319334816,LIFE_new,25,8
194.593999998,216.89326547817342,LIFE_new,25,8
102.0,166.21782998753994,IPB_Halle,24,3
108.0,324.1095422670519,IPB_Halle,24,3
192.0,227.59191130740916,IPB_Halle,24,3
550.2,628.6139878997443,Tohge,58,9
1345.8,1047.3226293572802,Tohge,58,9
1364.4,1549.0841619470568,Tohge,58,9
1134.0,764.7267639229503,Tohge,58,9
415.8,649.8762399793866,Tohge,58,9
721.8,887.585495289976,Tohge,58,9
816.0,731.6838115628152,Stravs_22,82,2
468.0,471.3138360865184,Stravs_22,82,2
306.0,328.2410853409896,Stravs_22,82,2
222.0,398.75711743316594,Stravs_22,82,2
276.0,374.7627431679129,Stravs_22,82,2
918.0,837.1865846739819,Stravs_22,82,2
390.0,474.5639308203005,Stravs_22,82,2
420.0,458.4540109511306,Stravs_22,82,2
954.0,750.282832858697,Stravs_22,82,2
708.0,730.7847459545069,Stravs_22,82,2
138.0,240.873167780944,Nikiforos,31,4
330.0,293.1020820469122,Nikiforos,31,4
126.0,242.98544616076862,Nikiforos,31,4
468.0,578.0799890510037,Nikiforos,31,4
1525.98,1467.0248282823513,Matsuura,53,3
1492.5,1558.2330300860501,Matsuura,53,3
711.48,622.9040533212914,Matsuura,53,3
1881.72,1869.8359380871439,Matsuura,53,3
756.96,984.6044432685036,Matsuura,53,3
1452.9,1543.760392441274,Matsuura,53,3
397.2,426.29719632091883,MTBLS4,22,6
442.2,447.40203787925367,MTBLS4,22,6
96.771,103.48711952396515,LIFE_old,39,1
97.14199999799999,101.97022474083953,LIFE_old,39,1
54.363499998,49.8583813387316,LIFE_old,39,1
35.998000002,50.419159858070834,LIFE_old,39,1
89.902999998,89.69736674164028,LIFE_old,39,1
558.99999,525.6231354387785,MTBLS52,21,5
631.0248,509.2916544799405,MTBLS52,21,5
54.57899999999999,124.30564053995235,LIFE_new,24,3
160.46299999800004,38.340082231727024,LIFE_new,24,3
33.865999998,42.51748694048507,LIFE_new,24,3
112.54279464,162.00748227697937,MTBLS36,28,3
546.38176818,294.05724009486903,MTBLS36,28,3
537.37160478,129.78326749305978,MTBLS36,28,3
291.373000002,278.17552231255047,LIFE_old,40,10
191.305000002,104.6819879935592,LIFE_old,40,10
279.808000002,287.1326390506197,LIFE_old,40,10
113.415,97.40702592837805,LIFE_old,40,10
1295.4,1117.4323540084838,Tohge,57,2
594.6,636.1418698984477,Tohge,57,2
847.8,883.5385837597236,Tohge,57,2
483.6,610.4540413848408,Tohge,57,2
1365.0,1386.7626127948295,Tohge,57,2
972.0,972.2352451265642,Tohge,57,2
555.0,565.6907057829158,Tohge,57,2
66.0,232.09568819464775,IPB_Halle,24,7
228.0,240.57129871539382,IPB_Halle,24,7
198.0,359.22473122315085,IPB_Halle,24,7
49.729999998000004,121.5965249080636,LIFE_new,24,2
75.262999998,56.23791761267137,LIFE_new,24,2
168.34600000199998,89.15946627728061,LIFE_new,24,2
532.8406200000002,278.40901405034543,Takahashi,48,4
237.13398,317.41823326422434,Takahashi,48,4
413.9847,458.5772620647988,Takahashi,48,4
531.93588,514.1679463019268,Takahashi,48,4
572.3973,492.2022216253,Takahashi,48,4
127.8,17.961541606581164,RIKEN,117,5
13.2,14.656588579553896,RIKEN,117,5
79.2,14.886226486115513,RIKEN,117,5
14.4,17.671794420102838,RIKEN,117,5
10.8,16.283017615033145,RIKEN,117,5
129.0,103.00889730507818,RIKEN,117,5
22.8,57.79585882320386,RIKEN,117,5
63.6,37.299427983801365,RIKEN,117,5
96.6,93.8525633015037,RIKEN,117,5
120.0,110.62303164105744,RIKEN,117,5
42.0,19.06665885276801,RIKEN,117,5
9.6,8.762379012904084,RIKEN,117,5
11.4,8.569002282134447,RIKEN,117,5
438.0,355.47683429910467,Beck,222,2
162.0,255.68156890369957,Beck,222,2
72.0,146.2730278342416,Beck,222,2
222.0,309.5886978466855,Beck,222,2
384.0,257.54557638334734,Beck,222,2
708.0,777.0363381175354,Beck,222,2
438.0,617.8266844396168,Beck,222,2
492.0,718.0639414638366,Beck,222,2
390.0,421.18951905317255,Beck,222,2
444.0,475.59910507370637,Beck,222,2
312.0,513.5240753229225,Beck,222,2
666.0,452.65753673952565,Beck,222,2
672.0,632.7813248634355,Beck,222,2
600.0,685.2692213301983,Beck,222,2
900.0,735.5983175829965,Beck,222,2
486.0,417.395473826376,Beck,222,2
810.0,706.7297434849527,Beck,222,2
48.0,84.21497540955133,Beck,222,2
66.0,198.57762196041733,Beck,222,2
372.0,360.4752922750711,Beck,222,2
396.0,401.1841750685524,Beck,222,2
498.0,357.70964619986717,Beck,222,2
534.0,531.4777153301895,Beck,222,2
396.0,479.9111026646376,Beck,222,2
84.0,257.14620371639063,Beck,222,2
126.0,112.77463037828888,Krauss,40,10
102.0,114.06389471694763,Krauss,40,10
84.0,116.72943772400065,Krauss,40,10
126.0,129.29398221237878,Krauss,40,10
10.2,12.739914859255073,RIKEN,117,1
10.2,7.708795826261849,RIKEN,117,1
80.4,92.34963262874685,RIKEN,117,1
22.8,35.197394260176665,RIKEN,117,1
66.0,57.88354131197903,RIKEN,117,1
67.8,50.28931689814559,RIKEN,117,1
10.2,18.533792973534414,RIKEN,117,1
65.4,47.6065246126883,RIKEN,117,1
94.2,106.63826418718895,RIKEN,117,1
11.4,14.346096520094747,RIKEN,117,1
69.6,50.60762811071676,RIKEN,117,1
108.6,83.28023227820971,RIKEN,117,1
82.8,78.42684943487555,RIKEN,117,1
21.6,49.49017813402916,RIKEN,117,9
10.8,22.9718574709068,RIKEN,117,9
67.2,53.80479538155957,RIKEN,117,9
9.0,7.736770725428599,RIKEN,117,9
82.2,81.34109404823658,RIKEN,117,9
10.2,29.195456523735302,RIKEN,117,9
10.8,16.369760574600726,RIKEN,117,9
9.6,29.837121505975052,RIKEN,117,9
10.8,12.180149057553287,RIKEN,117,9
33.6,124.79353758616458,RIKEN,117,9
13.8,28.512066790265365,RIKEN,117,9
9.6,16.102072134192994,RIKEN,117,9
10.8,26.287515605934946,RIKEN,117,9
85.19999999999997,77.24061452178728,RIKEN,117,8
10.8,23.228370731513763,RIKEN,117,8
9.6,35.940602644829674,RIKEN,117,8
15.0,37.15765160071506,RIKEN,117,8
14.4,39.51775726950668,RIKEN,117,8
8.4,39.22998286149755,RIKEN,117,8
55.2,85.83854708199317,RIKEN,117,8
110.4,99.21407510751861,RIKEN,117,8
84.0,77.48417296771336,RIKEN,117,8
103.2,107.8435058525335,RIKEN,117,8
108.6,118.08730363216296,RIKEN,117,8
9.6,21.659689412823912,RIKEN,117,8
11.4,29.962275044517604,RIKEN,117,8
324.0,358.9173370133891,Nikiforos,31,3
372.0,434.97475679066514,Nikiforos,31,3
252.0,290.36093186942713,Nikiforos,31,3
162.0,217.167932180024,Nikiforos,31,3
1150.8,1128.9494458649715,Taguchi_12,375,10
117.6,84.27955707884506,Taguchi_12,375,10
1314.0,1403.904593156014,Taguchi_12,375,10
1171.2,984.6359839581658,Taguchi_12,375,10
129.0,106.9082425757514,Taguchi_12,375,10
870.6,918.0544554123692,Taguchi_12,375,10
827.4,837.6308978097055,Taguchi_12,375,10
2389.8,2512.402671382417,Taguchi_12,375,10
1366.2,1351.3267547652956,Taguchi_12,375,10
1618.8,1542.9883572561025,Taguchi_12,375,10
1898.4,1903.1113933004767,Taguchi_12,375,10
671.4,711.5232035815014,Taguchi_12,375,10
2290.2,2271.112388893172,Taguchi_12,375,10
2661.0,2667.7834982137424,Taguchi_12,375,10
2898.6,2818.034741675593,Taguchi_12,375,10
1303.2,1240.7169659560134,Taguchi_12,375,10
2292.0,2323.2348409680235,Taguchi_12,375,10
2304.6,2239.9987465901354,Taguchi_12,375,10
899.4,1051.5455115241741,Taguchi_12,375,10
1951.2,1774.8839950531753,Taguchi_12,375,10
1968.6,1858.1696969251534,Taguchi_12,375,10
2479.8,2367.9388322145924,Taguchi_12,375,10
2538.0,2510.161448802084,Taguchi_12,375,10
348.6,355.4490805262292,Taguchi_12,375,10
1453.8,1544.5707322571448,Taguchi_12,375,10
2512.8,2434.4816924625466,Taguchi_12,375,10
1859.4,1879.067593496123,Taguchi_12,375,10
175.8,230.880328433317,Taguchi_12,375,10
1698.0,1469.9005383999356,Taguchi_12,375,10
1876.8,1960.243854214846,Taguchi_12,375,10
2590.2,2587.5154908224085,Taguchi_12,375,10
841.2,1004.2500632327722,Taguchi_12,375,10
117.0,77.92799847910274,Taguchi_12,375,10
578.4,540.3781940534233,Taguchi_12,375,10
2820.0,2796.6601847956317,Taguchi_12,375,10
895.2,917.6399044843256,Taguchi_12,375,10
2082.6,2048.9077125955205,Taguchi_12,375,10
1851.6,1788.9224627158712,Taguchi_12,375,10
2487.0,2677.5921286385997,Taguchi_12,375,10
1262.4,1205.0951881072033,Taguchi_12,375,10
1671.6,1591.715430013031,Taguchi_12,375,10
180.0,263.624254426788,MTBLS20,44,8
348.0,380.7868970550288,MTBLS20,44,8
306.0,329.7308671865577,MTBLS20,44,8
138.0,261.9993578298184,MTBLS20,44,8
378.0,349.1701423023906,MTBLS20,44,8
311.21082,344.5491120300589,Takahashi,47,1
414.96138,488.55077230467765,Takahashi,47,1
330.34332,354.9424539085556,Takahashi,47,1
584.96088,468.00088518329636,Takahashi,47,1
328.85958,383.44918583173273,Takahashi,47,1
410.08278,389.90716684241784,Takahashi,47,1
1619.28,1683.0342995565866,Matsuura,53,5
2092.38,1856.7749778762657,Matsuura,53,5
948.78,783.0509258601625,Matsuura,53,5
2124.54,1883.0510225800488,Matsuura,53,5
1410.84,1714.2704766939776,Matsuura,53,5
1850.82,1822.102639488665,Matsuura,53,5
90.0,206.6251974334185,Stravs_22,82,1
138.0,297.99071844370417,Stravs_22,82,1
408.0,500.4215773382479,Stravs_22,82,1
384.0,274.70264246983464,Stravs_22,82,1
144.0,255.69028185344138,Stravs_22,82,1
1182.0,831.0195150979106,Stravs_22,82,1
252.0,277.4260967408717,Stravs_22,82,1
426.0,550.323409762666,Stravs_22,82,1
630.0,392.9396558991417,Stravs_22,82,1
120.0,158.68016254044178,Stravs_22,82,1
918.0,719.1110675037186,Beck,222,5
810.0,786.0906134046138,Beck,222,5
822.0,728.4210615943355,Beck,222,5
690.0,868.6715824922446,Beck,222,5
252.0,176.71569191543782,Beck,222,5
636.0,623.3091751048905,Beck,222,5
690.0,593.348630587373,Beck,222,5
792.0,514.0795046464602,Beck,222,5
162.0,99.99683552969209,Beck,222,5
798.0,599.5633571508918,Beck,222,5
204.0,259.1270990907273,Beck,222,5
696.0,391.00661330619886,Beck,222,5
324.0,481.37356742303217,Beck,222,5
1086.0,890.439802875374,Beck,222,5
744.0,828.9697555176381,Beck,222,5
450.0,461.8643655812004,Beck,222,5
468.0,637.6416947508768,Beck,222,5
384.0,351.76209897123823,Beck,222,5
600.0,677.0317401816093,Beck,222,5
228.0,356.7144658226097,Beck,222,5
246.0,134.69758236598105,Beck,222,5
300.0,327.9369083568335,Beck,222,5
492.0,417.4441321851367,Beck,222,5
600.0,541.7982914721773,Beck,222,5
408.0,492.5704459915257,Beck,222,5
306.0,285.55695591582423,Eawag_XBridgeC18,229,3
462.0,427.0708970979133,Eawag_XBridgeC18,229,3
924.0,570.5634687882805,Eawag_XBridgeC18,229,3
474.0,348.5110882000281,Eawag_XBridgeC18,229,3
402.0,398.10253127115914,Eawag_XBridgeC18,229,3
564.0,509.5230573575191,Eawag_XBridgeC18,229,3
342.0,326.9017203896684,Eawag_XBridgeC18,229,3
354.0,423.45132732309753,Eawag_XBridgeC18,229,3
546.0,556.6892767896004,Eawag_XBridgeC18,229,3
756.0,746.2293303165794,Eawag_XBridgeC18,229,3
174.0,276.7584939295103,Eawag_XBridgeC18,229,3
822.0,772.2332731398362,Eawag_XBridgeC18,229,3
378.0,295.53764769636103,Eawag_XBridgeC18,229,3
558.0,624.2928082445444,Eawag_XBridgeC18,229,3
258.0,438.59504347629166,Eawag_XBridgeC18,229,3
348.0,627.5438482916808,Eawag_XBridgeC18,229,3
312.0,313.2374120682698,Eawag_XBridgeC18,229,3
90.0,236.66370538499942,Eawag_XBridgeC18,229,3
840.0,730.7593181991137,Eawag_XBridgeC18,229,3
744.0,814.1236907133896,Eawag_XBridgeC18,229,3
552.0,635.9415284937304,Eawag_XBridgeC18,229,3
612.0,809.2524668337094,Eawag_XBridgeC18,229,3
954.0,855.6474890710801,Eawag_XBridgeC18,229,3
882.0,902.7629667372096,Eawag_XBridgeC18,229,3
648.0,557.248237960762,Eawag_XBridgeC18,229,3
744.0,736.2109705079606,Eawag_XBridgeC18,229,3
66.0,192.7755752338846,MTBLS20,44,1
288.0,285.8634638499629,MTBLS20,44,1
270.0,156.98098292047095,MTBLS20,44,1
390.0,336.6597978869279,MTBLS20,44,1
576.0,490.96735577964785,MTBLS20,44,1
2079.6,1907.902496546246,Taguchi_12,374,6
123.0,114.17176597413632,Taguchi_12,374,6
363.6,544.4850940176483,Taguchi_12,374,6
1492.8,1589.9426006206313,Taguchi_12,374,6
908.4,918.5056643346567,Taguchi_12,374,6
106.2,77.31853688921868,Taguchi_12,374,6
1413.6,1456.0730891920066,Taguchi_12,374,6
1282.8,1350.3464820427102,Taguchi_12,374,6
984.0,949.6980575572342,Taguchi_12,374,6
853.2,862.4156575608691,Taguchi_12,374,6
1786.2,1661.264525654297,Taguchi_12,374,6
1922.4,2018.312652817608,Taguchi_12,374,6
2673.6,2578.276683289763,Taguchi_12,374,6
730.2,692.3296496444071,Taguchi_12,374,6
184.8,169.04629730182515,Taguchi_12,374,6
2278.8,2438.1748951512345,Taguchi_12,374,6
1211.4,1167.603574128252,Taguchi_12,374,6
1821.6,1834.8194264866213,Taguchi_12,374,6
1550.4,1533.6931334011554,Taguchi_12,374,6
2357.4,2188.161435756588,Taguchi_12,374,6
642.0,909.6438147746677,Taguchi_12,374,6
2841.0,2797.559281918755,Taguchi_12,374,6
2174.4,2333.708871756451,Taguchi_12,374,6
1293.0,1326.4282271108025,Taguchi_12,374,6
561.0,606.7635411327884,Taguchi_12,374,6
633.6,666.1328817824567,Taguchi_12,374,6
1450.2,1353.1405495432637,Taguchi_12,374,6
934.2,987.6722493050207,Taguchi_12,374,6
3094.2,2682.058128574717,Taguchi_12,374,6
2198.4,2176.349753989442,Taguchi_12,374,6
1414.2,1497.691734970164,Taguchi_12,374,6
1225.2,1140.457193073177,Taguchi_12,374,6
801.0,777.7317534894122,Taguchi_12,374,6
1128.6,1173.3951791696534,Taguchi_12,374,6
2865.0,2792.115187869527,Taguchi_12,374,6
2392.8,2391.210916907639,Taguchi_12,374,6
1791.6,1899.0336363905249,Taguchi_12,374,6
1879.2,2377.8420785794133,Taguchi_12,374,6
2002.2,2120.065711885343,Taguchi_12,374,6
2655.6,2370.2105259821083,Taguchi_12,374,6
526.2,559.0988595203388,Taguchi_12,374,6
1405.8,1403.829963277563,Taguchi_12,374,6
516.0,515.1722258707741,Otto,33,10
432.0,410.69436425396464,Otto,33,10
1140.0,1136.5528106036302,Otto,33,10
510.0,548.5516549707493,Eawag_XBridgeC18,229,1
426.0,304.426767739712,Eawag_XBridgeC18,229,1
654.0,720.2515270338473,Eawag_XBridgeC18,229,1
132.0,250.97516914308846,Eawag_XBridgeC18,229,1
726.0,525.6488707239923,Eawag_XBridgeC18,229,1
600.0,524.1571581488658,Eawag_XBridgeC18,229,1
84.0,178.70445910906597,Eawag_XBridgeC18,229,1
270.0,321.7183296008741,Eawag_XBridgeC18,229,1
372.0,433.0890010673814,Eawag_XBridgeC18,229,1
294.0,256.9639396812371,Eawag_XBridgeC18,229,1
402.0,372.893649229662,Eawag_XBridgeC18,229,1
132.0,209.76007448009534,Eawag_XBridgeC18,229,1
378.0,644.0591000155202,Eawag_XBridgeC18,229,1
312.0,443.0417817104623,Eawag_XBridgeC18,229,1
132.0,239.93232471926632,Eawag_XBridgeC18,229,1
666.0,771.5835858785457,Eawag_XBridgeC18,229,1
486.0,593.8110710066096,Eawag_XBridgeC18,229,1
648.0,502.1051545653031,Eawag_XBridgeC18,229,1
576.0,198.73459189845718,Eawag_XBridgeC18,229,1
216.0,263.1129023257328,Eawag_XBridgeC18,229,1
150.0,208.06935863812043,Eawag_XBridgeC18,229,1
396.0,324.68122811370137,Eawag_XBridgeC18,229,1
384.0,474.85299150392785,Eawag_XBridgeC18,229,1
228.0,294.78011572232504,Eawag_XBridgeC18,229,1
966.0,665.6718488073258,Eawag_XBridgeC18,229,1
960.0,760.6152736247448,Eawag_XBridgeC18,229,1
276.0,318.537428479327,IPB_Halle,24,4
162.0,160.21378803110898,IPB_Halle,24,4
222.0,128.17705531767893,IPB_Halle,24,4
289.4913,288.5451802376943,Takahashi,48,7
289.94292,268.48036223215496,Takahashi,48,7
299.52318,304.62363969078706,Takahashi,48,7
659.44902,405.3257307008155,Takahashi,48,7
534.75312,517.8937497317763,Takahashi,48,7
2819.33004,2708.976973328823,Taguchi,33,3
3326.07012,3262.571215158534,Taguchi,33,3
3548.58996,3594.993814746173,Taguchi,33,3
3781.29,3814.233480407612,Taguchi,33,3
2358.0,2565.5233371128506,FEM_long,128,3
78.0,296.10092911512334,FEM_long,128,3
78.0,225.71685940966395,FEM_long,128,3
390.0,505.64433470715403,FEM_long,128,3
2508.0,2226.6299845847425,FEM_long,128,3
1217.4,1024.6642705233066,FEM_long,128,3
1176.0,1011.537315121411,FEM_long,128,3
103.2,492.9629005928103,FEM_long,128,3
1626.0,1673.7482131510476,FEM_long,128,3
2070.0,1523.0454006974207,FEM_long,128,3
120.0,622.4361422682989,FEM_long,128,3
2586.3,2300.588703030796,FEM_long,128,3
71.10000000000002,436.94132208193,FEM_long,128,3
1958.85,2284.47728363437,FEM_long,128,3
444.0,445.2670339806272,MTBLS4,21,4
418.2,448.10515999376463,MTBLS4,21,4
420.6,426.2701806909802,MTBLS4,21,4
96.95529204,356.43207179699823,MTBLS36,28,4
101.18693616,141.54380320969514,MTBLS36,28,4
695.1545592,438.28030766239607,MTBLS36,28,4
132.0,132.4695919053797,Aicheler,184,7
108.0,105.00732927540398,Aicheler,184,7
396.0,403.92630967648097,Aicheler,184,7
372.0,372.45068768450113,Aicheler,184,7
522.0,512.8664666221787,Aicheler,184,7
456.0,465.2960449418401,Aicheler,184,7
480.0,480.8732314051648,Aicheler,184,7
492.0,500.1069308702362,Aicheler,184,7
414.0,408.2356883217992,Aicheler,184,7
366.0,358.4058167536947,Aicheler,184,7
462.0,455.1204845741997,Aicheler,184,7
450.0,444.08403531450966,Aicheler,184,7
510.0,504.64498040050836,Aicheler,184,7
336.0,350.6781348417609,Aicheler,184,7
294.0,303.65888563381355,Aicheler,184,7
420.0,422.8262547173752,Aicheler,184,7
522.0,513.1399427092579,Aicheler,184,7
120.0,123.31124830671324,Aicheler,184,7
234.0,248.3078471063726,Aicheler,184,7
330.0,315.4131656984565,Aicheler,184,7
524.46,672.6328659963708,Matsuura,53,4
1029.66,1238.884811124581,Matsuura,53,4
362.4,444.8936015531965,Matsuura,53,4
1799.52,1524.8110252843037,Matsuura,53,4
2206.44,1864.603337024136,Matsuura,53,4
559.98,640.9809559090368,Matsuura,53,4
1770.12,1796.5081509911804,Matsuura,53,2
1300.92,1316.7125559569365,Matsuura,53,2
594.18,449.0035304638237,Matsuura,53,2
1288.08,980.8722536020197,Matsuura,53,2
649.68,509.4606877619497,Matsuura,53,2
488.46,564.2922752551325,Matsuura,53,2
702.0,540.4989509350357,Eawag_XBridgeC18,230,10
270.0,263.9949961777538,Eawag_XBridgeC18,230,10
534.0,366.23981470269376,Eawag_XBridgeC18,230,10
702.0,646.503293659958,Eawag_XBridgeC18,230,10
420.0,584.8630998406647,Eawag_XBridgeC18,230,10
378.0,270.83280315201614,Eawag_XBridgeC18,230,10
402.0,243.6195269965263,Eawag_XBridgeC18,230,10
288.0,420.7721441809753,Eawag_XBridgeC18,230,10
180.0,213.44995538316155,Eawag_XBridgeC18,230,10
60.0,226.57056404011703,Eawag_XBridgeC18,230,10
60.0,143.92209551762718,Eawag_XBridgeC18,230,10
552.0,387.8065759508117,Eawag_XBridgeC18,230,10
378.0,550.1052618893536,Eawag_XBridgeC18,230,10
294.0,318.9168927742078,Eawag_XBridgeC18,230,10
756.0,787.3500249942086,Eawag_XBridgeC18,230,10
780.0,797.7254398211301,Eawag_XBridgeC18,230,10
456.0,513.8435152211721,Eawag_XBridgeC18,230,10
438.0,501.79683936635405,Eawag_XBridgeC18,230,10
378.0,515.6876513353598,Eawag_XBridgeC18,230,10
390.0,499.77921591470937,Eawag_XBridgeC18,230,10
234.0,343.06845095832216,Eawag_XBridgeC18,230,10
144.0,326.8955213078025,Eawag_XBridgeC18,230,10
318.0,431.9462954971775,Eawag_XBridgeC18,230,10
96.0,116.42618810620428,Eawag_XBridgeC18,230,10
312.0,380.5043206375226,Eawag_XBridgeC18,230,10
510.09999000000005,543.2330374357051,MTBLS52,21,10
456.94998,552.4638759772005,MTBLS52,21,10
498.0,502.1736209008105,Aicheler,184,8
90.0,87.41551772967605,Aicheler,184,8
420.0,425.90739008099433,Aicheler,184,8
408.0,402.3367286606157,Aicheler,184,8
414.0,401.5359139126046,Aicheler,184,8
372.0,380.9878432048348,Aicheler,184,8
426.0,412.0662702044986,Aicheler,184,8
342.0,350.46413696655463,Aicheler,184,8
372.0,382.69027439838914,Aicheler,184,8
426.0,423.1640043854753,Aicheler,184,8
450.0,442.7904717787388,Aicheler,184,8
588.0,580.1307515497813,Aicheler,184,8
522.0,523.6955217719882,Aicheler,184,8
348.0,359.3196802439597,Aicheler,184,8
342.0,352.53050844143354,Aicheler,184,8
360.0,354.36168329650747,Aicheler,184,8
396.0,401.6700023807743,Aicheler,184,8
90.0,93.27963926829857,Aicheler,184,8
144.0,151.60078587234673,Aicheler,184,8
492.0,475.4386888855458,Aicheler,184,8
246.0,265.22410998164656,MTBLS20,45,10
264.0,254.59249627079222,MTBLS20,45,10
108.0,250.0995119811054,MTBLS20,45,10
252.0,298.04071718734457,MTBLS20,45,10
181.296,138.86898859736223,LIFE_new,24,7
92.94100000200001,95.38183261872976,LIFE_new,24,7
260.376,253.1421207175607,LIFE_new,24,7
138.72299999999998,150.85512421235873,LIFE_old,39,2
35.998000002,47.087870076296156,LIFE_old,39,2
35.998999998,43.58927134004185,LIFE_old,39,2
35.992999998,58.67237364349629,LIFE_old,39,2
80.76,51.623237530480296,LIFE_old,39,2
240.20448,309.97845738090547,Takahashi,47,3
580.96962,361.1569639839033,Takahashi,47,3
879.7177199999999,761.3226984274664,Takahashi,47,3
552.8527799999998,324.41286275102186,Takahashi,47,3
531.48948,627.8839052266025,Takahashi,47,3
395.94012,396.1221305115613,Takahashi,47,3
491.89900002,708.9931189296968,UniToyama_Atlantis,62,6
1221.1000199999999,1191.3435454328294,UniToyama_Atlantis,62,6
650.847,767.9712594174348,UniToyama_Atlantis,62,6
1269.6,1272.070874313265,UniToyama_Atlantis,62,6
1307.7,1252.69156192738,UniToyama_Atlantis,62,6
608.9159999999998,643.4850265744075,UniToyama_Atlantis,62,6
1403.5999800000004,1218.638891961224,UniToyama_Atlantis,62,6
1596.0,1408.7048972257596,UFZ_Phenomenex,56,3
1662.0,1521.7278616397302,UFZ_Phenomenex,56,3
972.0,1027.4932003471786,UFZ_Phenomenex,56,3
1260.0,1186.7681731813668,UFZ_Phenomenex,56,3
1698.0,1486.302985192088,UFZ_Phenomenex,56,3
1410.0,1400.9854832183453,UFZ_Phenomenex,56,3
540.0,519.400657798054,Beck,222,7
168.0,247.90037702657852,Beck,222,7
342.0,352.79612024051664,Beck,222,7
564.0,662.7916342083125,Beck,222,7
144.0,185.13102601389764,Beck,222,7
510.0,741.5132123619034,Beck,222,7
216.0,135.33200301245392,Beck,222,7
342.0,574.7428651135051,Beck,222,7
678.0,622.1110817273228,Beck,222,7
906.0,791.3765956567398,Beck,222,7
774.0,569.3253798690533,Beck,222,7
864.0,687.4372635792689,Beck,222,7
444.0,423.1808748278331,Beck,222,7
534.0,541.5011835375997,Beck,222,7
270.0,426.00470780604144,Beck,222,7
288.0,257.26759088411364,Beck,222,7
462.0,475.318058901014,Beck,222,7
510.0,461.9723582115853,Beck,222,7
564.0,609.8781334346803,Beck,222,7
732.0,769.4971507641707,Beck,222,7
630.0,633.2935106723949,Beck,222,7
114.0,190.44733757642643,Beck,222,7
444.0,429.3065833060045,Beck,222,7
324.0,359.5246681150176,Beck,222,7
594.0,720.3905141961783,Beck,222,7
90.0,88.0677651196232,Aicheler,184,5
402.0,394.70639226766383,Aicheler,184,5
510.0,516.8806454764293,Aicheler,184,5
408.0,398.9823029516787,Aicheler,184,5
522.0,516.1894574784652,Aicheler,184,5
570.0,560.8856510585033,Aicheler,184,5
456.0,448.37199389176425,Aicheler,184,5
420.0,415.76135185007234,Aicheler,184,5
558.0,551.143811980589,Aicheler,184,5
282.0,289.068545624044,Aicheler,184,5
300.0,294.49876149758694,Aicheler,184,5
414.0,417.136131553596,Aicheler,184,5
504.0,498.3691718187912,Aicheler,184,5
72.0,77.79672960496505,Aicheler,184,5
126.0,135.41937593791985,Aicheler,184,5
144.0,149.63239485775918,Aicheler,184,5
90.0,93.22756014077764,Aicheler,184,5
132.0,131.27643321845377,Aicheler,184,5
108.0,112.03176802309255,Aicheler,184,5
420.0,423.9432239587507,Aicheler,184,5
539.0749800000001,424.51494710209647,MTBLS52,21,6
472.67499000000004,442.3289730670933,MTBLS52,21,6
360.0,661.1796612910954,Otto,32,1
48.0,105.81811599368065,Otto,32,1
72.0,149.71484352847955,Otto,32,1
192.0,215.36998120981224,Otto,32,1
408.0,285.7746770329798,Otto,32,4
258.0,184.688863256937,Otto,32,4
324.0,278.7467030771864,Otto,32,4
156.0,114.30216847453812,Otto,32,4
432.0,514.3070561011539,Kojima,30,5
577.2,659.9144067515507,Kojima,30,5
769.2,674.3802504013672,Kojima,30,5
180.0,247.5458785696596,Beck,222,3
330.0,452.37073617881,Beck,222,3
534.0,652.8553952761589,Beck,222,3
780.0,762.1077035943013,Beck,222,3
648.0,736.6808061764141,Beck,222,3
744.0,750.6159864782768,Beck,222,3
726.0,393.695618391967,Beck,222,3
546.0,389.81478220229235,Beck,222,3
384.0,544.4159205730194,Beck,222,3
732.0,775.3372524023532,Beck,222,3
576.0,632.7461176919368,Beck,222,3
444.0,497.2674881895041,Beck,222,3
366.0,408.2535041862216,Beck,222,3
204.0,250.6540935574268,Beck,222,3
546.0,380.33579630708033,Beck,222,3
252.0,341.7186802392847,Beck,222,3
612.0,622.4367597756045,Beck,222,3
246.0,285.08296280490106,Beck,222,3
402.0,324.98589307313176,Beck,222,3
606.0,551.1185168369348,Beck,222,3
384.0,294.2992341756236,Beck,222,3
474.0,539.3585996850626,Beck,222,3
528.0,573.0603843596037,Beck,222,3
144.0,158.61512039511308,Beck,222,3
660.0,572.2754574779774,Beck,222,3
186.0,305.0092428276902,IPB_Halle,24,6
234.0,235.73789614622285,IPB_Halle,24,6
180.0,182.4744155796907,IPB_Halle,24,6
348.0,314.3698683726025,MTBLS20,44,6
258.0,258.57250759623963,MTBLS20,44,6
66.0,249.8530641545464,MTBLS20,44,6
516.0,480.45761080831767,MTBLS20,44,6
486.0,391.7329108921544,MTBLS20,44,6
511.2,544.5663744159517,Tohge,58,5
897.6,943.7840051789316,Tohge,58,5
740.4,717.3443105930388,Tohge,58,5
682.2,687.4460917061606,Tohge,58,5
811.8,716.4461286125418,Tohge,58,5
568.2,673.4866904230827,Tohge,58,5
120.0,112.31607681366863,Krauss,40,7
84.0,112.46186497451048,Krauss,40,7
120.0,111.64455793047364,Krauss,40,7
120.0,115.47505179791729,Krauss,40,7
408.0,476.68663335452385,Nikiforos,32,8
252.0,262.2722248593311,Nikiforos,32,8
240.0,268.83990043116006,Nikiforos,32,8
3516.80994,3575.735342463114,Taguchi,34,8
3448.78992,3537.6216738542817,Taguchi,34,8
4075.31982,4060.519288610732,Taguchi,34,8
638.625,338.1990609588683,MTBLS52,21,9
265.32498,237.87117679187568,MTBLS52,21,9
1057.2,835.9060127598923,Tohge,58,8
925.8,1046.3375220247833,Tohge,58,8
696.6,600.908080805108,Tohge,58,8
557.4,577.9244105852845,Tohge,58,8
525.0,589.7080644268362,Tohge,58,8
537.0,553.1544575019017,Tohge,58,8
1032.0,869.6606463867947,Beck,223,8
402.0,428.96492162399886,Beck,223,8
54.0,57.20161724611509,Beck,223,8
312.0,261.87746729993347,Beck,223,8
144.0,136.0439877692274,Beck,223,8
390.0,523.9362399512338,Beck,223,8
102.0,196.7905076405413,Beck,223,8
858.0,639.7725532016998,Beck,223,8
618.0,555.6380803604764,Beck,223,8
696.0,709.4651595505643,Beck,223,8
252.0,176.53422313831882,Beck,223,8
348.0,494.17001853540313,Beck,223,8
60.0,131.69610251524068,Beck,223,8
828.0,791.7523385538186,Beck,223,8
54.0,156.28825887523575,Beck,223,8
390.0,311.28826852743197,Beck,223,8
372.0,436.7666804775259,Beck,223,8
534.0,545.0406456129458,Beck,223,8
564.0,565.3200159658729,Beck,223,8
306.0,401.41041274073785,Beck,223,8
216.0,254.01321898754344,Beck,223,8
78.0,138.3146302919526,Beck,223,8
654.0,605.305154293452,Beck,223,8
348.0,491.56744436422167,Beck,223,8
103.96097838,174.95131015756374,MTBLS36,28,10
98.21326302,227.70324483566884,MTBLS36,28,10
88.4810811,253.06611035880516,MTBLS36,28,10
87.0,51.38560693077977,FEM_long,128,6
2334.0,2382.709503644644,FEM_long,128,6
1878.0,1922.117446224449,FEM_long,128,6
1218.0,1267.3998868717485,FEM_long,128,6
1476.0,1794.9542191001206,FEM_long,128,6
85.19999999999997,-54.78908867641468,FEM_long,128,6
100.8,565.1252174355153,FEM_long,128,6
3390.9,3474.3343227919763,FEM_long,128,6
1655.1,1482.7955495785175,FEM_long,128,6
1782.0,1946.565149486869,FEM_long,128,6
85.19999999999997,148.34313265357218,FEM_long,128,6
426.0,775.2867106916416,FEM_long,128,6
1978.5,2291.3618375255896,FEM_long,128,6
1302.0,1900.6658482833966,FEM_long,128,6
271.02501,178.10624659783878,MTBLS52,20,2
292.14999,313.0049562018362,MTBLS52,20,2
315.1500000000001,308.3697157679202,MTBLS52,20,2
931.60002,1007.442030576098,UniToyama_Atlantis,62,3
423.34698,524.1579668994235,UniToyama_Atlantis,62,3
868.84698,929.1323003651764,UniToyama_Atlantis,62,3
1284.8470200000004,1036.0414258246137,UniToyama_Atlantis,62,3
847.6150200000003,901.7998292999297,UniToyama_Atlantis,62,3
1159.347,969.5053581465743,UniToyama_Atlantis,62,3
623.41602,600.6779659059792,UniToyama_Atlantis,62,3
1512.0,2014.5400534433413,FEM_long,128,9
2334.0,2120.7687091047214,FEM_long,128,9
2129.4,2325.983805111944,FEM_long,128,9
2244.0,2224.7361986552496,FEM_long,128,9
1830.0,2003.2480908172095,FEM_long,128,9
1050.0,913.9698192667489,FEM_long,128,9
2884.8,2436.819157115644,FEM_long,128,9
1206.0,1348.503835765222,FEM_long,128,9
84.0,133.87831644315528,FEM_long,128,9
966.0,944.4395342422612,FEM_long,128,9
79.80000000000003,-13.530554570288414,FEM_long,128,9
2202.0,1920.7302050107453,FEM_long,128,9
2310.0,1752.5520346524934,FEM_long,128,9
1806.0,2193.7591340443128,FEM_long,128,9
1401.6,1506.3551082719184,Taguchi_12,375,7
282.6,349.3851237409283,Taguchi_12,375,7
713.4,683.576730296546,Taguchi_12,375,7
947.4,950.4605807372534,Taguchi_12,375,7
1390.8,1434.8501360810635,Taguchi_12,375,7
100.2,95.25390463891891,Taguchi_12,375,7
963.6,865.8481331404611,Taguchi_12,375,7
1831.2,1881.6539554724936,Taguchi_12,375,7
1089.0,1040.0088331221962,Taguchi_12,375,7
311.4,315.9734150844638,Taguchi_12,375,7
476.4,583.7152126972901,Taguchi_12,375,7
1480.8,1423.2389863396536,Taguchi_12,375,7
1621.8,1605.6599621269975,Taguchi_12,375,7
2217.6,2104.0041637379504,Taguchi_12,375,7
1303.2,1250.119521799061,Taguchi_12,375,7
2542.8,2437.975117950513,Taguchi_12,375,7
1006.2,955.8061878550786,Taguchi_12,375,7
1113.0,1083.3600640250977,Taguchi_12,375,7
1564.8,1728.4861330666047,Taguchi_12,375,7
1575.6,1595.0384537986938,Taguchi_12,375,7
2179.2,1952.7626549184292,Taguchi_12,375,7
1173.0,1200.9213313999417,Taguchi_12,375,7
1345.2,1246.2803599418514,Taguchi_12,375,7
2746.2,2821.9089018212458,Taguchi_12,375,7
504.6,521.2005200236382,Taguchi_12,375,7
962.4,961.3475154062146,Taguchi_12,375,7
117.6,112.43140297255636,Taguchi_12,375,7
2069.4,2041.3348557878414,Taguchi_12,375,7
2278.2,2224.99506053113,Taguchi_12,375,7
849.6,660.3240852531296,Taguchi_12,375,7
1934.4,2075.968570755159,Taguchi_12,375,7
597.6,579.4300139264212,Taguchi_12,375,7
1320.6,1274.1400483389532,Taguchi_12,375,7
643.8,632.7699463986257,Taguchi_12,375,7
1264.2,1286.9509092352682,Taguchi_12,375,7
1604.4,1398.496014252598,Taguchi_12,375,7
1980.6,2022.7902965443661,Taguchi_12,375,7
1648.2,1579.657574392477,Taguchi_12,375,7
1001.4,1091.0782388807936,Taguchi_12,375,7
2196.6,1975.95617716226,Taguchi_12,375,7
929.4,944.946684735694,Taguchi_12,375,7
132.0,140.87207175937573,Aicheler,183,2
366.0,351.4694810647495,Aicheler,183,2
390.0,393.4734954320449,Aicheler,183,2
486.0,477.3704482379361,Aicheler,183,2
360.0,361.7878357056917,Aicheler,183,2
354.0,361.2846348110482,Aicheler,183,2
528.0,520.8210387786484,Aicheler,183,2
528.0,524.0996039966511,Aicheler,183,2
366.0,428.6160421041214,Aicheler,183,2
456.0,456.60447277007097,Aicheler,183,2
546.0,543.4688522266571,Aicheler,183,2
438.0,437.7640689907549,Aicheler,183,2
444.0,438.2095875046914,Aicheler,183,2
378.0,379.2183126395549,Aicheler,183,2
384.0,382.6043164049695,Aicheler,183,2
342.0,342.24537447799685,Aicheler,183,2
99.0,100.26314688999756,Aicheler,183,2
84.0,83.9916612107987,Aicheler,183,2
180.0,186.2953125181558,Aicheler,183,2
450.0,470.3132060606792,Aicheler,183,2
528.0,536.1358151237605,Aicheler,183,2
641.1601224,353.9291293518756,MTBLS36,28,6
808.023183,387.67066534088144,MTBLS36,28,6
100.5800652,163.93677606837653,MTBLS36,28,6
426.0,727.4386859537974,MTBLS87,44,7
984.0,923.456309217368,MTBLS87,44,7
696.0,518.1322955577293,MTBLS87,44,7
762.0,935.3272349626536,MTBLS87,44,7
990.0,760.3347058150763,MTBLS87,44,7
871.2,842.4737058210735,Taguchi_12,375,8
2037.6,2078.2682020618468,Taguchi_12,375,8
154.8,130.61098502144307,Taguchi_12,375,8
109.8,84.95681935822284,Taguchi_12,375,8
1060.2,1090.5382950137482,Taguchi_12,375,8
1566.6,1648.0214659176913,Taguchi_12,375,8
2645.4,2580.9881265613144,Taguchi_12,375,8
1995.6,1971.2961428157446,Taguchi_12,375,8
1879.8,1728.2844581303252,Taguchi_12,375,8
2613.6,2585.783052125946,Taguchi_12,375,8
889.8,957.82429098214,Taguchi_12,375,8
2632.2,2750.7975553046235,Taguchi_12,375,8
1302.0,1273.2515721500008,Taguchi_12,375,8
717.0,802.3844917678991,Taguchi_12,375,8
2592.6,2521.215079309668,Taguchi_12,375,8
1382.4,1328.4423043688296,Taguchi_12,375,8
2227.2,2223.130252696293,Taguchi_12,375,8
2260.2,2211.8106859325785,Taguchi_12,375,8
3045.6,2798.989613174391,Taguchi_12,375,8
2314.2,2443.319753082017,Taguchi_12,375,8
693.0,646.0420775163743,Taguchi_12,375,8
942.6,1071.5811781306902,Taguchi_12,375,8
1143.6,1128.6554119125474,Taguchi_12,375,8
1295.4,1376.7359482887396,Taguchi_12,375,8
455.4,635.9592686287526,Taguchi_12,375,8
2113.8,1927.2952039851307,Taguchi_12,375,8
125.4,108.0388185181231,Taguchi_12,375,8
1279.8,1286.4434861274215,Taguchi_12,375,8
912.0,897.7219867923984,Taguchi_12,375,8
576.6,661.4344123376447,Taguchi_12,375,8
1287.0,1284.4383077483462,Taguchi_12,375,8
785.4,1205.4546582881994,Taguchi_12,375,8
1898.4,2138.911140145014,Taguchi_12,375,8
1221.6,1254.3295257884315,Taguchi_12,375,8
618.6,757.7607329254495,Taguchi_12,375,8
3094.8,2751.0722376978188,Taguchi_12,375,8
1304.4,1439.1558177946135,Taguchi_12,375,8
2215.2,2416.066269079162,Taguchi_12,375,8
1327.2,1376.8109859131687,Taguchi_12,375,8
2235.6,2051.5563776893773,Taguchi_12,375,8
1005.0,899.0720123924132,Taguchi_12,375,8
528.0,561.6536429171332,Otto,32,3
162.0,248.82766306279208,Otto,32,3
606.0,591.5131454827998,Otto,32,3
312.0,461.8717413417636,Otto,32,3
108.0,106.20589728478365,Aicheler,183,3
90.0,88.54613993444895,Aicheler,183,3
336.0,336.94423010905683,Aicheler,183,3
426.0,422.14172258857263,Aicheler,183,3
486.0,481.42824770611384,Aicheler,183,3
354.0,345.9573281652382,Aicheler,183,3
450.0,441.0132025693512,Aicheler,183,3
354.0,345.5432247439448,Aicheler,183,3
384.0,382.1352984862027,Aicheler,183,3
342.0,344.2158198588705,Aicheler,183,3
480.0,473.0790450926484,Aicheler,183,3
378.0,372.5377345563642,Aicheler,183,3
582.0,590.5229796354212,Aicheler,183,3
354.0,344.94759003022347,Aicheler,183,3
276.0,278.905043742656,Aicheler,183,3
402.0,401.0963080402735,Aicheler,183,3
438.0,445.61279205284274,Aicheler,183,3
138.0,140.82746642503716,Aicheler,183,3
228.0,225.15604761165986,Aicheler,183,3
120.0,118.76654305368744,Aicheler,183,3
162.0,172.34528223253875,Aicheler,183,3
456.0,510.1770605555442,FEM_lipids,18,1
678.0,881.8730059026695,FEM_lipids,18,1
1494.0,1425.2339868324182,FEM_lipids,18,1
451.2,563.5829284193436,Kojima,30,4
703.2,443.77065659377035,Kojima,30,4
685.8,762.6121974693222,Kojima,30,4
102.0,118.78679310158505,Krauss,40,8
84.0,114.37327311421123,Krauss,40,8
84.0,119.6159780443295,Krauss,40,8
120.0,119.83224929874365,Krauss,40,8
258.0,218.52484155523842,Stravs_22,83,3
366.0,266.4697010006097,Stravs_22,83,3
270.0,178.30173053052255,Stravs_22,83,3
744.0,613.7826901722011,Stravs_22,83,3
264.0,265.2993693214614,Stravs_22,83,3
576.0,680.6295531605776,Stravs_22,83,3
336.0,360.0426162495401,Stravs_22,83,3
924.0,828.5268348522449,Stravs_22,83,3
294.0,306.50971448022153,Stravs_22,83,3
1218.0,360.47542222106904,Stravs_22,83,5
354.0,346.6453900398194,Stravs_22,83,5
420.0,413.9556159211673,Stravs_22,83,5
270.0,344.7070806833177,Stravs_22,83,5
552.0,619.4563064247135,Stravs_22,83,5
660.0,551.5084093721906,Stravs_22,83,5
510.0,457.97356989173835,Stravs_22,83,5
312.0,490.6178486534577,Stravs_22,83,5
444.0,456.1932047331297,Stravs_22,83,5
174.0,201.54690567621643,IPB_Halle,25,8
192.0,191.38405656998376,IPB_Halle,25,8
552.0,820.2985659808987,MTBLS87,44,8
882.0,943.0442130058859,MTBLS87,44,8
702.0,584.9100950349342,MTBLS87,44,8
798.0,903.0502711660647,MTBLS87,44,8
768.0,974.8808096128093,MTBLS87,44,8
798.0,654.9947050007086,Eawag_XBridgeC18,230,8
702.0,676.1751035565183,Eawag_XBridgeC18,230,8
102.0,160.74503428213,Eawag_XBridgeC18,230,8
426.0,511.1661427121092,Eawag_XBridgeC18,230,8
402.0,417.3256754288852,Eawag_XBridgeC18,230,8
840.0,545.2145710372797,Eawag_XBridgeC18,230,8
600.0,568.0313961420659,Eawag_XBridgeC18,230,8
96.0,127.84261963009172,Eawag_XBridgeC18,230,8
780.0,574.6120256067504,Eawag_XBridgeC18,230,8
402.0,342.3621381194871,Eawag_XBridgeC18,230,8
306.0,311.6424523553584,Eawag_XBridgeC18,230,8
882.0,700.9609169611517,Eawag_XBridgeC18,230,8
336.0,440.56502917888946,Eawag_XBridgeC18,230,8
210.0,191.02404759225632,Eawag_XBridgeC18,230,8
396.0,422.25612073601263,Eawag_XBridgeC18,230,8
816.0,623.0458157721534,Eawag_XBridgeC18,230,8
324.0,358.0764919423493,Eawag_XBridgeC18,230,8
312.0,340.32474217359015,Eawag_XBridgeC18,230,8
276.0,452.4230907340313,Eawag_XBridgeC18,230,8
222.0,224.38057242780232,Eawag_XBridgeC18,230,8
60.0,166.09002027733882,Eawag_XBridgeC18,230,8
552.0,733.9887764387115,Eawag_XBridgeC18,230,8
312.0,399.78247458721086,Eawag_XBridgeC18,230,8
990.0,880.3646826468138,Eawag_XBridgeC18,230,8
1224.0,1104.032549453699,Eawag_XBridgeC18,230,8
252.0,298.6100926418309,Nikiforos,31,1
276.0,269.2090459480527,Nikiforos,31,1
258.0,323.07947034150413,Nikiforos,31,1
390.0,451.4167108699311,Nikiforos,31,1
1396.8,1185.8352642705295,Tohge,57,1
370.8,285.78566271982845,Tohge,57,1
352.2,394.30058583900353,Tohge,57,1
756.6,749.2998656510944,Tohge,57,1
367.2,671.2125724802837,Tohge,57,1
756.0,923.1164188025639,Tohge,57,1
315.0,354.35210860246696,Tohge,57,1
593.4,547.6290006337217,Kojima,30,8
418.8,607.5835011216657,Kojima,30,8
746.4,678.0327501844707,Kojima,30,8
1797.999,1742.651545804811,UniToyama_Atlantis,62,7
880.5010002,959.7543684653164,UniToyama_Atlantis,62,7
1240.6000199999999,1068.6651835308453,UniToyama_Atlantis,62,7
291.6,567.7565216431458,UniToyama_Atlantis,62,7
803.1,785.1978948674823,UniToyama_Atlantis,62,7
1430.5999800000004,1037.1628288140614,UniToyama_Atlantis,62,7
634.84698,835.681020511495,UniToyama_Atlantis,62,7
448.8,450.21925256490334,Kojima,30,10
565.8,566.991293759843,Kojima,30,10
418.8,487.61021026947736,Kojima,30,10
96.0,98.67523381203812,Krauss,40,6
102.0,107.74427572016953,Krauss,40,6
120.0,118.05202625200118,Krauss,40,6
120.0,117.04765143112404,Krauss,40,6
850.60002,810.7684795204254,UniToyama_Atlantis,62,1
1498.3470000000002,1418.7857946974634,UniToyama_Atlantis,62,1
855.6,766.284432754445,UniToyama_Atlantis,62,1
1317.10002,1331.8479638642398,UniToyama_Atlantis,62,1
912.34698,997.7035591414699,UniToyama_Atlantis,62,1
1244.3230199999996,1229.0780441399186,UniToyama_Atlantis,62,1
1324.62198,1262.4340136076153,UniToyama_Atlantis,62,1
570.0,597.4581667451547,Eawag_XBridgeC18,230,7
702.0,645.1709664403897,Eawag_XBridgeC18,230,7
432.0,446.94500852250013,Eawag_XBridgeC18,230,7
396.0,441.50089143087007,Eawag_XBridgeC18,230,7
486.0,486.0619066472492,Eawag_XBridgeC18,230,7
372.0,497.32388631818435,Eawag_XBridgeC18,230,7
264.0,275.14271731807366,Eawag_XBridgeC18,230,7
648.0,542.435853652391,Eawag_XBridgeC18,230,7
528.0,640.811657219359,Eawag_XBridgeC18,230,7
66.0,124.0488035814943,Eawag_XBridgeC18,230,7
72.0,369.4221496619768,Eawag_XBridgeC18,230,7
588.0,426.9306973811808,Eawag_XBridgeC18,230,7
702.0,668.1910955323427,Eawag_XBridgeC18,230,7
438.0,443.0762065434064,Eawag_XBridgeC18,230,7
672.0,747.4923045267212,Eawag_XBridgeC18,230,7
378.0,382.0688580737149,Eawag_XBridgeC18,230,7
582.0,537.1013532266254,Eawag_XBridgeC18,230,7
714.0,566.583449253674,Eawag_XBridgeC18,230,7
912.0,945.0978920949676,Eawag_XBridgeC18,230,7
966.0,891.3273175137024,Eawag_XBridgeC18,230,7
48.0,213.68195614972117,Eawag_XBridgeC18,230,7
396.0,367.8479925264512,Eawag_XBridgeC18,230,7
594.0,658.4330128259147,Eawag_XBridgeC18,230,7
174.0,282.62283442468515,Eawag_XBridgeC18,230,7
468.0,327.57699459857986,Eawag_XBridgeC18,230,7
756.0,598.6191609187964,FEM_lipids,19,5
996.0,825.8329806404746,FEM_lipids,19,5
274.0341,320.09100850690317,Takahashi,48,9
277.57848,291.08494140203806,Takahashi,48,9
237.77682,259.62922251778747,Takahashi,48,9
328.23258,333.9630688424632,Takahashi,48,9
280.90272000000004,277.42252119568656,Takahashi,48,9
42.0,36.21085692753013,RIKEN,117,4
12.0,21.481488611167187,RIKEN,117,4
9.6,19.0119516510808,RIKEN,117,4
101.4,99.76332718607588,RIKEN,117,4
21.6,24.627555773757592,RIKEN,117,4
10.8,17.260696263558312,RIKEN,117,4
100.2,93.83530425252113,RIKEN,117,4
112.2,81.65233487665972,RIKEN,117,4
14.4,23.907335350122924,RIKEN,117,4
8.4,8.485720838144324,RIKEN,117,4
80.4,53.5429151619764,RIKEN,117,4
82.8,73.16919862086684,RIKEN,117,4
30.6,28.74828265862511,RIKEN,117,4
1453.08,1413.3357770968719,Matsuura,53,6
1758.78,1759.7233518050086,Matsuura,53,6
727.38,885.9763311182139,Matsuura,53,6
326.16,402.14595929156036,Matsuura,53,6
1894.8,1889.3729018175925,Matsuura,53,6
2735.52,1923.278320117204,Matsuura,53,6
333.72,352.2761765539871,Matsuura,53,7
1048.38,811.7963813508652,Matsuura,53,7
1573.86,1575.7096507445026,Matsuura,53,7
440.28,547.7433443182292,Matsuura,53,7
1767.18,2345.5798914873253,Matsuura,53,7
234.72,577.5117856507424,Matsuura,53,7
418.2,560.1465598039606,Kojima,29,1
742.8,630.6788168993356,Kojima,29,1
196.8,324.7346499075062,Kojima,29,1
571.8,274.5426547909132,Kojima,29,1
522.0,621.7151008828869,Stravs_22,83,9
504.0,676.199577408267,Stravs_22,83,9
528.0,488.5591524480784,Stravs_22,83,9
372.0,384.1901675550487,Stravs_22,83,9
282.0,319.9371468648238,Stravs_22,83,9
360.0,474.8941967374054,Stravs_22,83,9
522.0,600.0565859770387,Stravs_22,83,9
1020.0,797.4119424653716,Stravs_22,83,9
804.0,889.7222401226717,Stravs_22,83,9
442.2,440.513504241502,MTBLS4,22,8
415.2,419.73327103820833,MTBLS4,22,8
1278.0,1453.29012042876,UFZ_Phenomenex,56,9
1602.0,1595.3409564282156,UFZ_Phenomenex,56,9
1650.0,1578.0118969934588,UFZ_Phenomenex,56,9
1308.0,1527.0210635453436,UFZ_Phenomenex,56,9
894.0,1333.830593874714,UFZ_Phenomenex,56,9
1152.0,1262.657437481016,UFZ_Phenomenex,56,9
1551.5989998,1522.2820497339874,UniToyama_Atlantis,62,4
780.699,992.730934952426,UniToyama_Atlantis,62,4
415.84698,429.4359765187021,UniToyama_Atlantis,62,4
692.5999800000003,536.2961260890703,UniToyama_Atlantis,62,4
757.60002,695.2307589253398,UniToyama_Atlantis,62,4
667.60002,670.5462701318254,UniToyama_Atlantis,62,4
640.0999800000002,530.5741782394283,UniToyama_Atlantis,62,4
105.082000002,98.01695745685363,LIFE_old,40,6
94.458,89.00172016456905,LIFE_old,40,6
99.04099999799999,91.66823098947569,LIFE_old,40,6
92.199,63.39152198075129,LIFE_old,40,6
955.5,918.5068532393976,UniToyama_Atlantis,62,5
1066.6990002,1205.7878678453608,UniToyama_Atlantis,62,5
1283.847,1307.6647752058434,UniToyama_Atlantis,62,5
867.1000200000003,921.2991817283356,UniToyama_Atlantis,62,5
1066.60002,1214.6721761609006,UniToyama_Atlantis,62,5
1002.10002,1036.8409080491483,UniToyama_Atlantis,62,5
1323.6,1230.00232548991,UniToyama_Atlantis,62,5
703.2,624.5794451399314,Kojima,29,3
585.0,433.0689453246041,Kojima,29,3
607.8,589.9285174075625,Kojima,29,3
170.4,411.45237535505913,Kojima,29,3
400.2,416.5901117034534,MTBLS4,22,5
405.0,423.10927880046415,MTBLS4,22,5
3331.24008,3314.6298034013976,Taguchi,33,4
3804.74004,3793.1260172657203,Taguchi,33,4
2615.58996,2672.147690970968,Taguchi,33,4
3571.29,3666.8683755659863,Taguchi,33,4
1470.0,1395.418907391738,UFZ_Phenomenex,56,4
1500.0,1537.672541487123,UFZ_Phenomenex,56,4
1464.0,1457.1182523194907,UFZ_Phenomenex,56,4
1470.0,1418.472129795201,UFZ_Phenomenex,56,4
1296.0,1289.2607984165572,UFZ_Phenomenex,56,4
1554.0,1424.1086989294067,UFZ_Phenomenex,56,4
125.45748654,311.19772378780164,MTBLS36,28,5
104.27181258,285.10113756887176,MTBLS36,28,5
118.21784298,259.3721659939155,MTBLS36,28,5
101.06886768,188.60390448812615,MTBLS36,28,8
100.48713342,192.54814615579556,MTBLS36,28,8
705.2974422,348.5503514663353,MTBLS36,28,8
288.0,253.07965615957957,Nikiforos,32,9
612.0,714.7733805819205,Nikiforos,32,9
558.0,467.84130156340797,Nikiforos,32,9
74.4,76.76946572611268,RIKEN,117,3
24.0,41.96653543386228,RIKEN,117,3
70.8,38.66419356387794,RIKEN,117,3
39.6,30.732306017568185,RIKEN,117,3
33.0,30.84340538334876,RIKEN,117,3
64.80000000000001,48.33053679963921,RIKEN,117,3
12.6,10.807725291705772,RIKEN,117,3
107.4,107.09674831329954,RIKEN,117,3
118.8,101.817901577224,RIKEN,117,3
81.0,65.81525534707504,RIKEN,117,3
91.2,96.69973192555763,RIKEN,117,3
10.2,19.53066491831295,RIKEN,117,3
74.4,75.63560415607266,RIKEN,117,3
306.0,231.7526041205459,Beck,222,6
696.0,574.9088798681072,Beck,222,6
786.0,594.6676319587334,Beck,222,6
402.0,443.091752496802,Beck,222,6
54.0,131.8884790124349,Beck,222,6
66.0,100.42255304091259,Beck,222,6
1080.0,933.5014094015836,Beck,222,6
546.0,482.44128133675565,Beck,222,6
138.0,132.81629846105437,Beck,222,6
324.0,242.369204223798,Beck,222,6
216.0,271.867862712151,Beck,222,6
552.0,488.6924290358179,Beck,222,6
288.0,261.4550291452201,Beck,222,6
258.0,313.3437689220997,Beck,222,6
438.0,376.7861493381591,Beck,222,6
414.0,313.36652715085467,Beck,222,6
318.0,293.1556975796867,Beck,222,6
384.0,350.1646528701588,Beck,222,6
732.0,613.8580122810145,Beck,222,6
312.0,259.6909086029718,Beck,222,6
570.0,343.72436138636897,Beck,222,6
582.0,627.1308683339348,Beck,222,6
312.0,288.48298982820864,Beck,222,6
240.0,203.2865963888577,Beck,222,6
492.0,686.1442036446289,Beck,222,6
114.0,111.86373468690395,Krauss,39,3
126.0,109.84967836741035,Krauss,39,3
120.0,107.87110384108368,Krauss,39,3
126.0,104.791284783348,Krauss,39,3
132.0,102.20965604818052,Krauss,39,3
792.0,764.885520628797,MTBLS87,44,3
792.0,675.3837733222466,MTBLS87,44,3
888.0,767.0287671089981,MTBLS87,44,3
762.0,429.6658976799089,MTBLS87,44,3
1026.0,907.0123249693103,MTBLS87,44,3
198.0,269.8640705149735,Nikiforos,32,10
270.0,243.5223992225404,Nikiforos,32,10
606.0,612.8095301081303,Nikiforos,32,10
281.91708,313.97276332970114,Takahashi,47,2
343.65048,408.2305477465722,Takahashi,47,2
330.348,337.40547016112566,Takahashi,47,2
328.5030000000001,436.9423117944543,Takahashi,47,2
327.34242,358.2255318939627,Takahashi,47,2
416.3488200000001,439.0037788688103,Takahashi,47,2
19.2,26.281395542337442,RIKEN,117,7
35.4,40.88745072321517,RIKEN,117,7
9.6,14.383749167187664,RIKEN,117,7
10.8,25.703489658308076,RIKEN,117,7
15.0,67.21266675645433,RIKEN,117,7
11.4,18.287322878489512,RIKEN,117,7
11.4,11.353840849746744,RIKEN,117,7
15.0,30.62721001609438,RIKEN,117,7
69.6,54.72084728048566,RIKEN,117,7
89.4,90.78054371716995,RIKEN,117,7
66.0,51.68211846278079,RIKEN,117,7
86.39999999999998,76.55839202996899,RIKEN,117,7
81.60000000000002,92.36261265584459,RIKEN,117,7
108.62878716,162.30349998764368,MTBLS36,28,9
282.80348208,285.3078485048459,MTBLS36,28,9
94.85488356,165.2683382712527,MTBLS36,28,9
608.9159999999998,578.7103249064868,Ken,19,8
1185.84702,1200.6024421954405,Ken,19,8
621.5999999999998,449.9295699348944,Cao_HILIC,26,10
721.8,331.66237274957336,Cao_HILIC,26,10
582.0,588.1047163931062,Aicheler,183,1
90.0,85.29296244439654,Aicheler,183,1
90.0,87.5526377530175,Aicheler,183,1
474.0,476.50321092854085,Aicheler,183,1
420.0,417.59298975097323,Aicheler,183,1
444.0,443.60162354526733,Aicheler,183,1
468.0,469.52479549539254,Aicheler,183,1
384.0,381.93463281813837,Aicheler,183,1
546.0,552.2000149565379,Aicheler,183,1
402.0,396.56175604320816,Aicheler,183,1
372.0,381.1245295417497,Aicheler,183,1
420.0,406.5281707106215,Aicheler,183,1
336.0,349.6276938106266,Aicheler,183,1
486.0,480.2502250632229,Aicheler,183,1
330.0,332.0577189354483,Aicheler,183,1
402.0,411.72497747050073,Aicheler,183,1
336.0,348.07403695947085,Aicheler,183,1
108.0,107.88542309626213,Aicheler,183,1
171.0,173.9205657429279,Aicheler,183,1
120.0,113.82632831774806,Aicheler,183,1
516.0,528.4466043102717,Aicheler,183,1
780.0,671.6019170074916,Otto,33,7
750.0,583.072660754951,Otto,33,7
54.0,160.2846335001045,Otto,33,7
282.6,193.88164853781032,Kojima,30,9
755.4,617.809997678205,Kojima,30,9
297.0,404.8998343582752,Kojima,30,9
3692.59002,3656.911181189508,Taguchi,34,9
2621.7501,2669.4304212760376,Taguchi,34,9
3133.59006,3153.4139789216474,Taguchi,34,9
104.4,509.0435402203624,Cao_HILIC,26,9
452.4,601.2228522005906,Cao_HILIC,26,9
976.0000002,923.4473773526194,UniToyama_Atlantis,62,9
1049.499,1012.173927522924,UniToyama_Atlantis,62,9
1181.8990002,1170.432527413992,UniToyama_Atlantis,62,9
1038.1000199999999,1000.5704069362854,UniToyama_Atlantis,62,9
1164.32298,1084.3622312734037,UniToyama_Atlantis,62,9
1185.84702,1264.610923250541,UniToyama_Atlantis,62,9
652.60002,690.5863041908267,UniToyama_Atlantis,62,9
150.0,156.63603804903912,Aicheler,184,6
72.0,66.56219821167912,Aicheler,184,6
282.0,317.31922395497287,Aicheler,184,6
156.0,161.5757965461597,Aicheler,184,6
468.0,466.85699465484834,Aicheler,184,6
468.0,466.193075168489,Aicheler,184,6
456.0,454.41109387722787,Aicheler,184,6
438.0,426.43475762428903,Aicheler,184,6
378.0,371.8039097061493,Aicheler,184,6
438.0,423.12196405388613,Aicheler,184,6
510.0,511.50079399786375,Aicheler,184,6
504.0,501.10228953663176,Aicheler,184,6
552.0,544.6419922949159,Aicheler,184,6
534.0,532.29171676999,Aicheler,184,6
438.0,436.7176745363282,Aicheler,184,6
420.0,428.7210833945589,Aicheler,184,6
558.0,548.5845962329927,Aicheler,184,6
114.0,110.89860461845149,Aicheler,184,6
300.0,293.4682664298305,Aicheler,184,6
402.0,419.68490143674063,Aicheler,184,6
798.33102,1016.522195327408,Ken,18,1
1164.32298,1188.1696576503216,Ken,18,1
912.34698,954.8209361408432,Ken,18,1
1164.0,1182.1773457098852,FEM_lipids,19,8
120.0,266.66816289849305,FEM_lipids,19,8
1798.5,1944.4358653354236,FEM_long,128,4
144.0,-2.2467207836646,FEM_long,128,4
1674.0,1986.882793340529,FEM_long,128,4
1572.9,1773.9020802161194,FEM_long,128,4
456.3,890.1907281936424,FEM_long,128,4
2190.0,2308.0193006175805,FEM_long,128,4
2316.0,2179.1739248722574,FEM_long,128,4
2244.0,2552.9976625844893,FEM_long,128,4
732.0,1050.844232256074,FEM_long,128,4
2655.0,2482.4404392900133,FEM_long,128,4
3294.0,3289.3395333474396,FEM_long,128,4
84.3,208.8128319981206,FEM_long,128,4
1773.6,1504.0182720163045,FEM_long,128,4
1529.4,1958.7474665880886,FEM_long,128,4
204.301000002,209.71354353769547,LIFE_new,24,1
38.295,76.60602152519783,LIFE_new,24,1
29.454,2.24012675759991,LIFE_new,24,1
180.99235998,113.32145526812887,MTBLS36,28,7
98.2437156,276.2624966415757,MTBLS36,28,7
90.40452492,115.83375577542654,MTBLS36,28,7
1572.0,1341.380072097837,UFZ_Phenomenex,56,8
1566.0,1607.381395996897,UFZ_Phenomenex,56,8
1320.0,986.0194588539888,UFZ_Phenomenex,56,8
1458.0,1218.651040054163,UFZ_Phenomenex,56,8
1896.0,1641.0447047376183,UFZ_Phenomenex,56,8
1758.0,1652.5530598178707,UFZ_Phenomenex,56,8
426.0,729.9949426545018,MTBLS87,44,9
654.0,703.7657412889091,MTBLS87,44,9
354.0,479.3513796953173,MTBLS87,44,9
582.0,824.2387746285835,MTBLS87,44,9
930.0,932.7753695513304,MTBLS87,44,9
579.6,720.0608360210953,Tohge,58,10
1283.4,1134.0449810348948,Tohge,58,10
624.0,768.593523402541,Tohge,58,10
359.4,622.6690627065395,Tohge,58,10
742.2,604.6763283613345,Tohge,58,10
460.8,508.4463501838516,Tohge,58,10
1482.0,1489.1102837334054,UFZ_Phenomenex,56,10
1506.0,1455.1634895468617,UFZ_Phenomenex,56,10
1332.0,1374.9094898941119,UFZ_Phenomenex,56,10
1158.0,1284.0496062465365,UFZ_Phenomenex,56,10
1476.0,1540.7199476365909,UFZ_Phenomenex,56,10
888.0,1290.2492951655327,UFZ_Phenomenex,56,10
630.0,663.6481090283605,MTBLS87,44,1
762.0,483.0293966639374,MTBLS87,44,1
990.0,895.862770367562,MTBLS87,44,1
822.0,869.2339477394362,MTBLS87,44,1
906.0,799.7627000596748,MTBLS87,44,1
11.4,27.333976635601378,RIKEN,117,10
40.8,28.666837829404894,RIKEN,117,10
37.2,29.99047621474673,RIKEN,117,10
40.2,32.555740642228606,RIKEN,117,10
81.60000000000002,83.26048546669395,RIKEN,117,10
7.1999999999999975,21.440570633906397,RIKEN,117,10
100.8,92.58536815225919,RIKEN,117,10
94.2,91.14727702252176,RIKEN,117,10
99.0,90.11851705726738,RIKEN,117,10
10.2,10.451556472243313,RIKEN,117,10
10.2,15.577878407869694,RIKEN,117,10
10.2,19.51029889898043,RIKEN,117,10
67.2,63.10842967381197,RIKEN,117,10
2736.0,2283.4608518057307,FEM_long,128,10
1014.0,1130.3649619512062,FEM_long,128,10
716.4,816.3327605321149,FEM_long,128,10
2610.0,2520.338648885884,FEM_long,128,10
2766.0,2698.270713642304,FEM_long,128,10
2130.0,2381.348723354193,FEM_long,128,10
3367.2,3380.3305586816896,FEM_long,128,10
2790.0,2751.0456636214617,FEM_long,128,10
3471.6,3527.534426244707,FEM_long,128,10
3510.0,3550.512708310275,FEM_long,128,10
2358.0,1766.63946502811,FEM_long,128,10
3226.200000000001,3189.433993393963,FEM_long,128,10
498.00000000000006,479.5028046708651,FEM_long,128,10
1739.4,2128.4929064975186,FEM_long,128,10
3821.26008,3812.3725181843433,Taguchi,34,10
3152.73012,3185.835879355092,Taguchi,34,10
3671.59998,3699.9492697189758,Taguchi,34,10
396.0,389.7303970017509,Beck,222,4
468.0,351.51791664807524,Beck,222,4
228.0,203.9419076356629,Beck,222,4
702.0,531.9405831269385,Beck,222,4
156.0,352.15132496381784,Beck,222,4
738.0,799.1340026658127,Beck,222,4
366.0,556.5104339769841,Beck,222,4
480.0,452.55351207266585,Beck,222,4
768.0,694.0534001540209,Beck,222,4
432.0,406.3929580380116,Beck,222,4
138.0,312.34200984393027,Beck,222,4
540.0,566.7015029922163,Beck,222,4
756.0,615.5764658525476,Beck,222,4
216.0,168.9632957254501,Beck,222,4
588.0,543.1243106938147,Beck,222,4
468.0,536.3039682165165,Beck,222,4
840.0,840.8941734607878,Beck,222,4
600.0,636.4697320179594,Beck,222,4
474.0,557.9860143875251,Beck,222,4
342.0,327.97440928412436,Beck,222,4
252.0,276.83718519716444,Beck,222,4
48.0,102.33030087794292,Beck,222,4
186.0,280.3330218431094,Beck,222,4
426.0,327.31984495268716,Beck,222,4
78.0,282.8409536041173,Beck,222,4
221.59998,474.2643768837417,Ken,19,2
1271.322,1018.6261901378357,Ken,19,2
749.2230000000002,661.628399648855,Ken,19,6
1120.84698,1084.969615319165,Ken,19,6
3881.41986,3866.980635007546,Taguchi,33,2
3494.4699,3505.6738439573132,Taguchi,33,2
3567.1701,3598.3955812258587,Taguchi,33,2
4089.19008,4017.5110254576257,Taguchi,33,2
10.8,15.038694220013484,RIKEN,117,2
9.6,26.63760392849133,RIKEN,117,2
28.8,37.88087689000951,RIKEN,117,2
76.2,60.455407513945545,RIKEN,117,2
11.4,13.497622505079384,RIKEN,117,2
12.6,59.52841394041229,RIKEN,117,2
9.6,9.824598266580722,RIKEN,117,2
82.2,100.74323432524977,RIKEN,117,2
99.0,99.28129610755012,RIKEN,117,2
90.0,88.44295128816097,RIKEN,117,2
68.39999999999999,43.88255389825699,RIKEN,117,2
67.2,43.75389289242485,RIKEN,117,2
12.0,19.40012933488332,RIKEN,117,2
828.0,888.4828557117681,MTBLS87,44,6
1200.0,766.1266164267346,MTBLS87,44,6
726.0,655.2846317089053,MTBLS87,44,6
630.0,733.1618975914229,MTBLS87,44,6
672.0,709.2972937229091,MTBLS87,44,6
73.2,103.40991552262811,Cao_HILIC,25,5
65.4,402.1147230578174,Cao_HILIC,25,5
694.8,366.3239988056048,Cao_HILIC,25,5
